dataset,variant,fold,model,stage,fit_seconds,predict_seconds,pilot_fit_seconds,pilot_predict_seconds,ratio
pilot0,dispn_0.85_r0,0,catboost,outer,12.574529524892569,0.010535303503274918,4.762047961354256,0.0039758831262588,2.6405794933171567
pilot0,dispn_0.85_r0,0,ebm,outer,277.95278257131577,0.006641790270805359,95.07659969851376,0.0048546679317951,2.923382127605308
pilot0,dispn_0.85_r0,0,lgbm,outer,0.145034521818161,0.008210111409425735,0.0530181229114532,0.0037824064493179,2.6979437507394803
pilot0,dispn_0.85_r0,0,lr,outer,0.06695854663848877,0.007246490567922592,0.0085378624498844,0.0037010163068771,6.063058445236741
pilot0,dispn_0.85_r0,0,rf,outer,0.3732351250946522,0.01762644201517105,0.1630202010273933,0.0076964423060417,2.289534045877486
pilot0,dispn_0.85_r0,0,xgb,outer,0.25482023134827614,0.0064200833439826965,0.0976532287895679,0.0031543858349323,2.5914740237169265
pilot0,dispn_0.85_r0,o0_i0,catboost,inner,12.14912835136056,0.010655947029590607,4.676214288920164,0.0040680915117263,2.5980877455663394
pilot0,dispn_0.85_r0,o0_i0,ebm,inner,284.1678978279233,0.006873872131109238,99.19951654598115,0.00499964132905,2.864534626261347
pilot0,dispn_0.85_r0,o0_i0,lgbm,inner,0.08905007317662239,0.006628870964050293,0.0396067537367343,0.0036868676543235,2.210000943936627
pilot0,dispn_0.85_r0,o0_i0,lr,inner,0.015101157128810883,0.007523208856582642,0.0083148665726184,0.0033671744167804,1.9366792160654673
pilot0,dispn_0.85_r0,o0_i0,rf,inner,0.3127544969320297,0.01628023013472557,0.1465608552098274,0.0076505132019519,2.133660640298308
pilot0,dispn_0.85_r0,o0_i0,xgb,inner,0.19344274699687958,0.0059289224445819855,0.0805655270814895,0.0032636523246765,2.37830873275609
pilot0,dispn_0.85_r0,o0_i1,catboost,inner,13.475683227181435,0.011509627103805542,4.634706884622574,0.0040091760456562,2.9075271428323517
pilot0,dispn_0.85_r0,o0_i1,ebm,inner,251.65597036853433,0.006148353219032288,88.41586861386895,0.0051379911601543,2.846180205184857
pilot0,dispn_0.85_r0,o0_i1,lgbm,inner,0.08590296655893326,0.006318885833024979,0.0382773466408252,0.0031292028725147,2.2272286262888734
pilot0,dispn_0.85_r0,o0_i1,lr,inner,0.015265576541423798,0.007265008985996246,0.0071487911045551,0.0031559504568576,2.186428974772976
pilot0,dispn_0.85_r0,o0_i1,rf,inner,0.30985672399401665,0.017678022384643555,0.1424927562475204,0.0075564756989479,2.182848536642372
pilot0,dispn_0.85_r0,o0_i1,xgb,inner,0.19345884770154953,0.005925063043832779,0.0785675793886184,0.0032650418579578,2.436484469251
pilot0,dispn_0.85_r0,o0_i2,catboost,inner,13.497945833951235,0.009949207305908203,4.684029277414084,0.0061056427657604,2.8800653437788903
pilot0,dispn_0.85_r0,o0_i2,ebm,inner,263.18533485382795,0.006047531962394714,90.61381965875626,0.0050146356225013,2.9043783716175717
pilot0,dispn_0.85_r0,o0_i2,lgbm,inner,0.08548233658075333,0.0066852085292339325,0.0383231304585933,0.0033559463918209,2.211362440698379
pilot0,dispn_0.85_r0,o0_i2,lr,inner,0.015585757791996002,0.007805526256561279,0.0073678977787494,0.003170371055603,2.219651483202528
pilot0,dispn_0.85_r0,o0_i2,rf,inner,0.307621605694294,0.01603848487138748,0.142714936286211,0.0075415410101413,2.154050836206705
pilot0,dispn_0.85_r0,o0_i2,xgb,inner,0.19047781452536583,0.006432536989450455,0.0769277587532997,0.0031591802835464,2.4587074232444133
pilot0,dispn_0.85_r0,o0_i3,catboost,inner,12.308596409857273,0.0104018934071064,4.709606792777777,0.0040206424891948,2.6134857861473417
pilot0,dispn_0.85_r0,o0_i3,ebm,inner,284.26748180016875,0.006112407892942429,99.79704612493516,0.0049997568130493,2.848374416541391
pilot0,dispn_0.85_r0,o0_i3,lgbm,inner,0.08546661585569382,0.0075059570372104645,0.0380738079547882,0.0033024065196514,2.247005292142872
pilot0,dispn_0.85_r0,o0_i3,lr,inner,0.01483408734202385,0.007638923823833466,0.0068505927920341,0.0029881410300731,2.2841365131112146
pilot0,dispn_0.85_r0,o0_i3,rf,inner,0.31848764419555664,0.019832994788885117,0.1446993760764598,0.0075192898511886,2.222596269141198
pilot0,dispn_0.85_r0,o0_i3,xgb,inner,0.19962111487984657,0.0068422891199588776,0.078680045902729,0.003248106688261,2.520054431478919
pilot0,dispn_0.85_r0,o0_i4,catboost,inner,12.01971960067749,0.03264203667640686,4.777403183281422,0.0042455345392227,2.520545181923582
pilot0,dispn_0.85_r0,o0_i4,ebm,inner,258.4313988760114,0.006522808223962784,91.03926930204034,0.0050384402275085,2.8385950543534535
pilot0,dispn_0.85_r0,o0_i4,lgbm,inner,0.08512963727116585,0.005834169685840607,0.0385629422962665,0.0035135485231876,2.1618677124792276
pilot0,dispn_0.85_r0,o0_i4,lr,inner,0.014844171702861786,0.006887447088956833,0.0070580504834651,0.0033065751194953,2.096710448046625
pilot0,dispn_0.85_r0,o0_i4,rf,inner,0.35447942465543747,0.015889283269643784,0.1520089879631996,0.0075719952583312,2.3208824789037323
pilot0,dispn_0.85_r0,o0_i4,xgb,inner,0.20319749787449837,0.005785442888736725,0.079877994954586,0.0032122656702995,2.515131607381729
pilot0,raw,0,catboost,outer,4.748450376093388,0.010030299425125122,2.015706643462181,0.0033493191003799,2.356784935014435
pilot0,raw,0,ebm,outer,123.12608585134149,0.005301918834447861,41.27014485746622,0.0072509311139583,2.9830221945407107
pilot0,raw,0,lgbm,outer,0.0826982781291008,0.0072121769189834595,0.0319382399320602,0.0030662268400192,2.5685423415676625
pilot0,raw,0,lr,outer,0.06592459976673126,0.007774922996759415,0.0591153092682361,0.0034188628196716,1.178547989088066
pilot0,raw,0,rf,outer,0.3778534196317196,0.019562240689992905,0.1396614760160446,0.0077318288385868,2.696293842611569
pilot0,raw,0,xgb,outer,0.1485522873699665,0.006145261228084564,0.1902677379548549,0.0035889595746994,0.797999504631336
pilot0,raw,o0_i0,catboost,inner,4.701663512736559,0.010230865329504013,1.970747254788876,0.0034927129745483,2.386687765927498
pilot0,raw,o0_i0,ebm,inner,118.73774695023894,0.005362998694181442,41.93588360771537,0.0029575452208518,2.831339795868911
pilot0,raw,o0_i0,lgbm,inner,0.05473946034908295,0.006442200392484665,0.0240052975714206,0.0029590167105197,2.2689863388272706
pilot0,raw,o0_i0,lr,inner,0.014252450317144394,0.006491605192422867,0.0077454559504985,0.0033196620643138,1.8747251933326214
pilot0,raw,o0_i0,rf,inner,0.3273753374814987,0.018591810017824173,0.1298497132956981,0.007525447756052,2.51841122405669
pilot0,raw,o0_i0,xgb,inner,0.1036529429256916,0.00656629353761673,0.0421339273452758,0.0025629960000514,2.4659244577475175
pilot0,raw,o0_i1,catboost,inner,4.599256411194801,0.007194787263870239,1.9666354283690453,0.0031254924833774,2.3385839112216775
pilot0,raw,o0_i1,ebm,inner,100.48866448923945,0.005363568663597107,34.929098296910524,0.0030170977115631,2.8768377443690234
pilot0,raw,o0_i1,lgbm,inner,0.05029669776558876,0.00845286250114441,0.0227473974227905,0.0027000717818737,2.3086602362786284
pilot0,raw,o0_i1,lr,inner,0.014598257839679718,0.006961710751056671,0.006554327905178,0.0030508562922477,2.2446179216963595
pilot0,raw,o0_i1,rf,inner,0.3159702606499195,0.01907673478126526,0.1249418556690216,0.0094783045351505,2.492535308113594
pilot0,raw,o0_i1,xgb,inner,0.1042756512761116,0.006461888551712036,0.0423608087003231,0.0028063505887985,2.4517269089024714
pilot0,raw,o0_i2,catboost,inner,4.719549715518951,0.01061132550239563,1.974464360624552,0.0031168758869171,2.39189215274187
pilot0,raw,o0_i2,ebm,inner,119.23349924013019,0.005437184125185013,43.285919439047575,0.0029302090406417,2.754495381457229
pilot0,raw,o0_i2,lgbm,inner,0.05126281455159187,0.005943700671195984,0.0227539092302322,0.0026577152311801,2.251194736080579
pilot0,raw,o0_i2,lr,inner,0.01430916041135788,0.007462985813617706,0.0064350925385952,0.0030298568308353,2.3002918848456133
pilot0,raw,o0_i2,rf,inner,0.3197993375360966,0.01810113713145256,0.1262224838137626,0.0075259320437908,2.526388611790547
pilot0,raw,o0_i2,xgb,inner,0.10477882623672485,0.005866006016731262,0.0416860096156597,0.0028088651597499,2.486687125471016
pilot0,raw,o0_i3,catboost,inner,4.699217524379492,0.008072961121797562,1.9722530469298365,0.0031029060482978,2.383008732377762
pilot0,raw,o0_i3,ebm,inner,119.75871022418141,0.005360912531614304,42.41522993892431,0.0040757842361927,2.8233387863140598
pilot0,raw,o0_i3,lgbm,inner,0.05282771959900856,0.006807439029216766,0.0227204784750938,0.0027010291814804,2.345854519482176
pilot0,raw,o0_i3,lr,inner,0.015038922429084778,0.006375644356012344,0.0066771395504474,0.0029883123934268,2.215578424004199
pilot0,raw,o0_i3,rf,inner,0.31922445073723793,0.02102353423833847,0.1255456991493702,0.0075093507766723,2.5571970786881093
pilot0,raw,o0_i3,xgb,inner,0.10466689988970757,0.005225196480751038,0.0433837249875068,0.0030415467917919,2.3670749175766836
pilot0,raw,o0_i4,catboost,inner,4.71369294449687,0.007617723196744919,1.972655639052391,0.0030754469335079,2.3896524689936025
pilot0,raw,o0_i4,ebm,inner,110.24931993708014,0.005912870168685913,38.84254037961364,0.0027342811226844,2.8383177560253325
pilot0,raw,o0_i4,lgbm,inner,0.052446238696575165,0.0058036744594573975,0.0225133150815963,0.0027016252279281,2.310134881978281
pilot0,raw,o0_i4,lr,inner,0.014856435358524323,0.006373707205057144,0.0065229311585426,0.0030084811151027,2.227386871333179
pilot0,raw,o0_i4,rf,inner,0.3466804586350918,0.01843288168311119,0.130079586058855,0.0074812322854995,2.654195756557792
pilot0,raw,o0_i4,xgb,inner,0.10144700482487679,0.006510604172945023,0.0422157011926174,0.0029265582561492,2.391497685674027
pilot1,dispn_0.85_r0,0,catboost,outer,12.242504715919495,0.01158062368631363,4.893208108842373,0.0036866515874862,2.5024195820230615
pilot1,dispn_0.85_r0,0,ebm,outer,259.9677569679916,0.007075108587741852,91.2313120663166,0.007585447281599,2.849385943509815
pilot1,dispn_0.85_r0,0,lgbm,outer,0.15007126703858376,0.007011160254478455,0.054672185331583,0.0038737654685974,2.683062195525539
pilot1,dispn_0.85_r0,0,lr,outer,0.062239691615104675,0.007948193699121475,0.0617404840886592,0.0035872720181941,1.0743960836405184
pilot1,dispn_0.85_r0,0,rf,outer,0.3651638776063919,0.016744479537010193,0.1617698892951011,0.0078493058681488,2.2515633137855335
pilot1,dispn_0.85_r0,0,xgb,outer,0.2561882399022579,0.007443983107805252,0.2056254521012306,0.0035542249679565,1.260314705060309
pilot1,dispn_0.85_r0,o0_i0,catboost,inner,12.759415794163942,0.011196322739124298,5.154630407691002,0.0046091042459011,2.4752896405285654
pilot1,dispn_0.85_r0,o0_i0,ebm,inner,261.20155420154333,0.006685659289360046,89.55511013418436,0.0038740597665309,2.916605656169061
pilot1,dispn_0.85_r0,o0_i0,lgbm,inner,0.08551940694451332,0.007033124566078186,0.0444108620285987,0.003536120057106,1.9303098440096789
pilot1,dispn_0.85_r0,o0_i0,lr,inner,0.015996403992176056,0.007614094763994217,0.0086411423981189,0.0033617094159126,1.9670740855576732
pilot1,dispn_0.85_r0,o0_i0,rf,inner,0.298541322350502,0.01591065526008606,0.1461373008787632,0.0107080861926078,2.0048532091511224
pilot1,dispn_0.85_r0,o0_i0,xgb,inner,0.19793272390961647,0.006666388362646103,0.0799211971461772,0.0032168142497539,2.4609574950968334
pilot1,dispn_0.85_r0,o0_i1,catboost,inner,13.65871899947524,0.06107268109917641,5.17424900457263,0.0036518648266792,2.649682183306467
pilot1,dispn_0.85_r0,o0_i1,ebm,inner,254.7727439366281,0.0064714886248111725,89.69971683621407,0.0051376074552536,2.840194290546929
pilot1,dispn_0.85_r0,o0_i1,lgbm,inner,0.08610859513282776,0.006911870092153549,0.0375488251447677,0.0030885823071002,2.2890354246923206
pilot1,dispn_0.85_r0,o0_i1,lr,inner,0.015802573412656784,0.006417796015739441,0.0075234211981296,0.003176599740982,2.0766659761547284
pilot1,dispn_0.85_r0,o0_i1,rf,inner,0.29872696101665497,0.01675795018672943,0.148220095783472,0.0075903385877609,2.02479963858975
pilot1,dispn_0.85_r0,o0_i1,xgb,inner,0.20225635170936584,0.0069512538611888885,0.0804015509784221,0.0031245537102222,2.5046972602207
pilot1,dispn_0.85_r0,o0_i2,catboost,inner,13.75179360061884,0.009907592087984085,5.109370179474354,0.0039664730429649,2.691334861734925
pilot1,dispn_0.85_r0,o0_i2,ebm,inner,4655.859398983419,0.005149606615304947,2179.468268033117,0.0088878311216831,2.136230029327296
pilot1,dispn_0.85_r0,o0_i2,lgbm,inner,0.08720728382468224,0.007117018103599548,0.0409548208117485,0.0030471198260784,2.14363958864111
pilot1,dispn_0.85_r0,o0_i2,lr,inner,0.01690537855029106,0.007662195712327957,0.0074773542582988,0.0031835995614528,2.30444430001212
pilot1,dispn_0.85_r0,o0_i2,rf,inner,0.30797165632247925,0.015754971653223038,0.1567397601902485,0.008115466684103,1.9637025413967526
pilot1,dispn_0.85_r0,o0_i2,xgb,inner,0.19483429938554764,0.005931247025728226,0.0803077518939971,0.0032983981072902,2.4013250987897976
pilot1,dispn_0.85_r0,o0_i3,catboost,inner,12.300453640520573,0.010278470814228058,5.193712469190359,0.0138518176972866,2.364009627751026
pilot1,dispn_0.85_r0,o0_i3,ebm,inner,213.45753886550665,0.0055330656468868256,92.02096475288272,0.0087512247264385,2.319501583413439
pilot1,dispn_0.85_r0,o0_i3,lgbm,inner,0.08789234235882759,0.006809115409851074,0.0379482172429561,0.0033249221742153,2.294505799800603
pilot1,dispn_0.85_r0,o0_i3,lr,inner,0.015040509402751923,0.008243583142757416,0.0072010941803455,0.0032000504434108,2.2386086712349216
pilot1,dispn_0.85_r0,o0_i3,rf,inner,0.2898477427661419,0.020894449204206467,0.1458340920507908,0.0076336711645126,2.024804333235776
pilot1,dispn_0.85_r0,o0_i3,xgb,inner,0.19221525639295578,0.007317647337913513,0.0803424455225467,0.0031440369784832,2.3900025220059766
pilot1,dispn_0.85_r0,o0_i4,catboost,inner,12.156221278011799,0.009411010891199112,5.149838272482157,0.0042481087148189,2.3603857966535813
pilot1,dispn_0.85_r0,o0_i4,ebm,inner,191.05456736311316,0.006346303969621658,86.57983891293406,0.0051812939345836,2.206627811723098
pilot1,dispn_0.85_r0,o0_i4,lgbm,inner,0.08414428681135178,0.005846414715051651,0.0388223715126514,0.0037672631442546,2.1129719062243995
pilot1,dispn_0.85_r0,o0_i4,lr,inner,0.01412767544388771,0.0076291523873806,0.007126685231924,0.0033000111579895,2.0866463372152344
pilot1,dispn_0.85_r0,o0_i4,rf,inner,0.3538379818201065,0.015716589987277985,0.1485369317233562,0.0075965374708175,2.3669144976711682
pilot1,dispn_0.85_r0,o0_i4,xgb,inner,0.19442353025078773,0.0060314275324344635,0.0810947567224502,0.0030819624662399,2.38135864304575
pilot1,raw,0,catboost,outer,4.8418892957270145,0.011270962655544281,2.0427390970289707,0.0037853680551052,2.371415705593913
pilot1,raw,0,ebm,outer,124.90002486109734,0.005801282823085785,41.96571907401085,0.002902153879404,2.976171779999154
pilot1,raw,0,lgbm,outer,0.09386887401342392,0.007009521126747131,0.031529176980257,0.0033980719745159,2.888243367543717
pilot1,raw,0,lr,outer,0.06189955398440361,0.00739959254860878,0.0451581515371799,0.0035132504999637,1.423816525361787
pilot1,raw,0,rf,outer,0.3101198747754097,0.016526374965906143,0.1324528828263282,0.0077181160449981,2.3303411716511304
pilot1,raw,0,xgb,outer,0.14514896646142006,0.007077716290950775,0.216927632689476,0.0033909976482391,0.6909387668170883
pilot1,raw,o0_i0,catboost,inner,4.788425389677286,0.010174166411161423,1.9639431424438956,0.0033133551478385,2.4392343153842786
pilot1,raw,o0_i0,ebm,inner,114.82920296862721,0.00515395775437355,39.59981141611934,0.0042946562170982,2.8995568468743613
pilot1,raw,o0_i0,lgbm,inner,0.052956610918045044,0.006454195827245712,0.0247103907167911,0.0032666772603988,2.123553718843205
pilot1,raw,o0_i0,lr,inner,0.01455000787973404,0.0071474164724349976,0.0077100619673728,0.0035173818469047,1.932534663373445
pilot1,raw,o0_i0,rf,inner,0.25989799946546555,0.01594557985663414,0.1224024258553981,0.0071751847863197,2.1287904442443177
pilot1,raw,o0_i0,xgb,inner,0.10619566962122917,0.006608385592699051,0.0440087616443634,0.002564288675785,2.4220886207474153
pilot1,raw,o0_i1,catboost,inner,4.8680302537977695,0.009278252720832825,1.9528845474123957,0.0031466819345951,2.493471695820962
pilot1,raw,o0_i1,ebm,inner,114.96597159653902,0.005038227885961533,39.824162527918816,0.004286304116249,2.8866554735606673
pilot1,raw,o0_i1,lgbm,inner,0.05089439079165459,0.006493661552667618,0.0231321863830089,0.0027859285473823,2.214206260696445
pilot1,raw,o0_i1,lr,inner,0.014717470854520798,0.006957314908504486,0.0071652196347713,0.0031988248229026,2.091344344531108
pilot1,raw,o0_i1,rf,inner,0.2584078423678875,0.015977229923009872,0.121480818837881,0.0073739439249038,2.1294135071749474
pilot1,raw,o0_i1,xgb,inner,0.10310949385166168,0.006277445703744888,0.0429299585521221,0.0024445764720439,2.4107561542426437
pilot1,raw,o0_i2,catboost,inner,4.8607314974069595,0.00889735296368599,1.970083199441433,0.0033464655280113,2.4675968628687075
pilot1,raw,o0_i2,ebm,inner,119.10948244482279,0.004911802709102631,42.15370653569698,0.0042190477252006,2.825433002196185
pilot1,raw,o0_i2,lgbm,inner,0.054556503891944885,0.005998067557811737,0.0229422748088836,0.002753347158432,2.3566104578741474
pilot1,raw,o0_i2,lr,inner,0.015056319534778595,0.007790595293045044,0.0068571232259273,0.0031738653779029,2.2776334148261164
pilot1,raw,o0_i2,rf,inner,0.26274460926651955,0.015901640057563782,0.1205626390874385,0.0073621049523353,2.1782044702582937
pilot1,raw,o0_i2,xgb,inner,0.10595672577619553,0.006002645939588547,0.0416135191917419,0.00239959359169,2.5437730856866265
pilot1,raw,o0_i3,catboost,inner,4.872992344200611,0.009968414902687073,2.013856388628483,0.0029986724257469,2.421076681906397
pilot1,raw,o0_i3,ebm,inner,118.33505468815565,0.004890911281108856,41.233818382024765,0.0040585584938526,2.869690546148385
pilot1,raw,o0_i3,lgbm,inner,0.05213582515716553,0.006187759339809418,0.0224146358668804,0.0027338080108165,2.3191727003315576
pilot1,raw,o0_i3,lr,inner,0.015016350895166397,0.007422283291816711,0.007092997431755,0.0030663423240184,2.20867051662797
pilot1,raw,o0_i3,rf,inner,0.2586464397609234,0.015610028058290482,0.1216905526816845,0.0073628090322017,2.125140051967385
pilot1,raw,o0_i3,xgb,inner,0.10249564796686172,0.0056560710072517395,0.0414233021438121,0.0023956149816513,2.4681513389400016
pilot1,raw,o0_i4,catboost,inner,4.660422559827566,0.017725180834531784,1.9970286339521408,0.0029912330210208,2.33905063540295
pilot1,raw,o0_i4,ebm,inner,117.8483472019434,0.005086787045001984,42.70365559309721,0.0042731538414955,2.759521181355256
pilot1,raw,o0_i4,lgbm,inner,0.0523071326315403,0.006133928894996643,0.0224798135459423,0.0027857050299644,2.313075876553216
pilot1,raw,o0_i4,lr,inner,0.014392320066690445,0.006949529051780701,0.0069215223193168,0.0030933022499084,2.131025757960158
pilot1,raw,o0_i4,rf,inner,0.2659846358001232,0.019311264157295227,0.1201780103147029,0.0073987618088722,2.2362683677328925
pilot1,raw,o0_i4,xgb,inner,0.10058899968862534,0.00626111775636673,0.0459172762930393,0.0024328716099262,2.2099232800576094
pilot10,dispn_0.85_r0,0,catboost,outer,24.626256369054317,0.03555160015821457,9.440868165344,0.0053346715867519,2.610764176351904
pilot10,dispn_0.85_r0,0,ebm,outer,581.8545850887895,0.013836696743965149,210.6350413411856,0.0079617276787757,2.762343934088835
pilot10,dispn_0.85_r0,0,lgbm,outer,0.9299408495426178,0.011677231639623642,0.3581723384559154,0.0064728669822216,2.5822856495558377
pilot10,dispn_0.85_r0,0,lr,outer,0.025325540453195572,0.008220553398132324,0.014996949583292,0.0052321217954158,1.658311111929586
pilot10,dispn_0.85_r0,0,rf,outer,1.2168190591037273,0.02449851483106613,0.557867918163538,0.0106747597455978,2.183332267156873
pilot10,dispn_0.85_r0,0,xgb,outer,1.352536354213953,0.00959198921918869,0.4151805974543094,0.0039303489029407,3.250042393958529
pilot10,dispn_0.85_r0,o0_i0,catboost,inner,24.447528026998043,0.02213788777589798,8.905368089675903,0.0049326755106449,2.7462222162443064
pilot10,dispn_0.85_r0,o0_i0,ebm,inner,523.0855591855943,0.014782771468162537,191.46903412789104,0.0083392672240734,2.731917263548632
pilot10,dispn_0.85_r0,o0_i0,lgbm,inner,1.0204827226698399,0.011241253465414047,0.3358673676848411,0.0058888792991638,3.018888418983432
pilot10,dispn_0.85_r0,o0_i0,lr,inner,0.022247519344091415,0.007677026093006134,0.0111980363726615,0.0036403201520442,2.0167021453672116
pilot10,dispn_0.85_r0,o0_i0,rf,inner,0.9536940790712833,0.02160322293639183,0.4445579499006271,0.0099805332720279,2.145686972861243
pilot10,dispn_0.85_r0,o0_i0,xgb,inner,1.0620147362351418,0.008383221924304962,0.3518966250121593,0.003641989082098,3.0106377077671573
pilot10,dispn_0.85_r0,o0_i1,catboost,inner,23.443662360310555,0.011761311441659927,8.853665586560965,0.0050753951072692,2.6477152588939568
pilot10,dispn_0.85_r0,o0_i1,ebm,inner,539.5966893322766,0.011862680315971375,197.65206349641085,0.0073190927505493,2.7299920952104695
pilot10,dispn_0.85_r0,o0_i1,lgbm,inner,0.8320763781666756,0.010869726538658142,0.327531348913908,0.0057755298912525,2.529039027718628
pilot10,dispn_0.85_r0,o0_i1,lr,inner,0.02244715765118599,0.00809534639120102,0.010248452425003,0.003599002957344,2.205640184356411
pilot10,dispn_0.85_r0,o0_i1,rf,inner,0.9740978628396988,0.021608669310808182,0.4546543210744858,0.0130043141543865,2.1291310737012434
pilot10,dispn_0.85_r0,o0_i1,xgb,inner,1.0746235847473145,0.008311696350574493,0.3582246154546737,0.0036115944385528,2.992888084411038
pilot10,dispn_0.85_r0,o0_i2,catboost,inner,22.543243784457445,0.010935965925455093,9.002422001212835,0.0077158026397228,2.5032003107365544
pilot10,dispn_0.85_r0,o0_i2,ebm,inner,514.6712638512254,0.012825720012187958,199.19668627530336,0.0073614493012428,2.583702969142361
pilot10,dispn_0.85_r0,o0_i2,lgbm,inner,0.8236687667667866,0.010489989072084427,0.3278743252158165,0.0057292431592941,2.5004491405827114
pilot10,dispn_0.85_r0,o0_i2,lr,inner,0.021590467542409897,0.007341381162405014,0.0104002952575683,0.0035527236759662,2.073518916775816
pilot10,dispn_0.85_r0,o0_i2,rf,inner,0.9437759481370449,0.021654076874256134,0.4431632868945598,0.0098479278385639,2.131139348459732
pilot10,dispn_0.85_r0,o0_i2,xgb,inner,1.0721992775797844,0.007829628884792328,0.3756846822798252,0.0036110691726207,2.847458486758149
pilot10,dispn_0.85_r0,o0_i3,catboost,inner,24.989451430737972,0.009770035743713379,9.269475765526296,0.004441637545824,2.695648492426763
pilot10,dispn_0.85_r0,o0_i3,ebm,inner,489.8819530829787,0.010973069816827774,209.08120126277208,0.0071981586515903,2.342994290971649
pilot10,dispn_0.85_r0,o0_i3,lgbm,inner,0.8425875268876553,0.012759953737258911,0.3354395031929016,0.0057898238301277,2.5066646178603147
pilot10,dispn_0.85_r0,o0_i3,lr,inner,0.02459070459008217,0.007593680173158646,0.010183673352003,0.0035517439246177,2.3431676020518455
pilot10,dispn_0.85_r0,o0_i3,rf,inner,0.9740876629948616,0.02498374879360199,0.444907832890749,0.009827934205532,2.1970372336621824
pilot10,dispn_0.85_r0,o0_i3,xgb,inner,0.9899313673377037,0.007769279181957245,0.3491499163210392,0.003898486495018,2.8259599492919274
pilot10,dispn_0.85_r0,o0_i4,catboost,inner,19.041067853569984,0.11866915225982666,9.268528290092943,0.0077263265848159,2.0654604468685624
pilot10,dispn_0.85_r0,o0_i4,ebm,inner,476.8162815235555,0.014034446328878403,206.29973869770765,0.0071164779365062,2.311267434928053
pilot10,dispn_0.85_r0,o0_i4,lgbm,inner,0.8006184287369251,0.011542700231075287,0.33251778408885,0.0057353489100933,2.401045399838285
pilot10,dispn_0.85_r0,o0_i4,lr,inner,0.022906512022018433,0.008124075829982758,0.0101993754506111,0.0038124099373817,2.2146062755566045
pilot10,dispn_0.85_r0,o0_i4,rf,inner,0.9569795578718185,0.022014427930116653,0.4365288019180298,0.0098746940493583,2.1930697108014034
pilot10,dispn_0.85_r0,o0_i4,xgb,inner,0.9761415496468544,0.007483329623937607,0.3581993170082569,0.0036255195736885,2.718511223725855
pilot10,raw,0,catboost,outer,16.360223818570375,0.03558596968650818,5.854613982141018,0.0054026581346988,2.7979118140329122
pilot10,raw,0,ebm,outer,426.8826998472214,0.012729965150356293,152.61953660100698,0.0066387876868247,2.7970001130225213
pilot10,raw,0,lgbm,outer,0.5582033880054951,0.012315891683101654,0.2393056340515613,0.0066235810518264,2.3198515859482276
pilot10,raw,0,lr,outer,0.02180570736527443,0.007498551160097122,0.0108783245086669,0.0036358274519443,2.0190127955734543
pilot10,raw,0,rf,outer,1.1555783934891224,0.023376479744911194,0.523595716804266,0.0107721723616123,2.2062607000475336
pilot10,raw,0,xgb,outer,0.793947596102953,0.008761737495660782,0.2844021469354629,0.003780722618103,2.785416547632129
pilot10,raw,o0_i0,catboost,inner,15.643574994057417,0.03568534925580025,5.932317312806845,0.0061697699129581,2.6402785970416187
pilot10,raw,o0_i0,ebm,inner,389.3451936803758,0.011948224157094955,142.04372888803482,0.0062650814652442,2.740986683801851
pilot10,raw,o0_i0,lgbm,inner,0.5267381183803082,0.012015223503112793,0.2360376678407192,0.0064045898616313,2.2221923974361575
pilot10,raw,o0_i0,lr,inner,0.02133333310484886,0.009318731725215912,0.0101321525871753,0.0035091675817966,2.2470013496043406
pilot10,raw,o0_i0,rf,inner,0.900339163839817,0.022043123841285706,0.426927912980318,0.0136956386268138,2.093356753892983
pilot10,raw,o0_i0,xgb,inner,0.6990104019641876,0.0075398460030555725,0.272305428981781,0.0039318762719631,2.557765495569924
pilot10,raw,o0_i1,catboost,inner,16.03365907818079,0.0319083034992218,5.857204470783472,0.0045894607901573,2.7407253767733737
pilot10,raw,o0_i1,ebm,inner,415.8090842962265,0.011640578508377075,150.02142967656255,0.0062710419297218,2.7716263255608315
pilot10,raw,o0_i1,lgbm,inner,0.5256895609200001,0.010527871549129486,0.2281598150730133,0.0068437941372394,2.281741264617716
pilot10,raw,o0_i1,lr,inner,0.01992139220237732,0.007467437535524368,0.0088124498724937,0.003349881619215,2.251939092152947
pilot10,raw,o0_i1,rf,inner,0.9177665486931801,0.021864376962184906,0.433202926069498,0.0099656693637371,2.1202561177350474
pilot10,raw,o0_i1,xgb,inner,0.7206432670354843,0.007420476526021957,0.2590374276041984,0.0036757215857505,2.7713258579040363
pilot10,raw,o0_i2,catboost,inner,16.22990481927991,0.01125318929553032,5.941607870161533,0.0045640841126441,2.731363662784946
pilot10,raw,o0_i2,ebm,inner,403.70972280576825,0.009274646639823914,147.00640385225415,0.0063407570123672,2.7461496520279294
pilot10,raw,o0_i2,lgbm,inner,0.5901511944830418,0.010844998061656952,0.2318992987275123,0.0060782991349697,2.525431796702104
pilot10,raw,o0_i2,lr,inner,0.019909434020519257,0.007857732474803925,0.0094613470137119,0.0036073066294193,2.124715158391042
pilot10,raw,o0_i2,rf,inner,0.888522807508707,0.02152227982878685,0.4115445576608181,0.0098934769630432,2.159380531825326
pilot10,raw,o0_i2,xgb,inner,0.6604371145367622,0.007486402988433838,0.2530910298228264,0.0037001296877861,2.6010378192072947
pilot10,raw,o0_i3,catboost,inner,14.587840057909489,0.008121587336063385,6.060647714883089,0.0046247355639934,2.4064807911752846
pilot10,raw,o0_i3,ebm,inner,397.5822358801961,0.009247321635484695,151.3012625016272,0.0061989426612854,2.627705728499219
pilot10,raw,o0_i3,lgbm,inner,0.5176209658384323,0.010469522327184677,0.2250616028904914,0.0059737190604209,2.285756496912708
pilot10,raw,o0_i3,lr,inner,0.18845252692699432,0.00792267918586731,0.008876983076334,0.0034281536936759,15.958799140816348
pilot10,raw,o0_i3,rf,inner,0.9104500524699688,0.02164701372385025,0.4382970109581947,0.0099705420434474,2.07933199704598
pilot10,raw,o0_i3,xgb,inner,0.6829329207539558,0.007158070802688599,0.2703697085380554,0.003768365830183,2.5173117347781235
pilot10,raw,o0_i4,catboost,inner,14.594404507428408,0.007743712514638901,5.982624363154173,0.0047220475971698,2.4388347054251445
pilot10,raw,o0_i4,ebm,inner,357.01037911325693,0.00704052671790123,147.47704896703362,0.006323866546154,2.4207299628469525
pilot10,raw,o0_i4,lgbm,inner,0.5205093286931515,0.010481391102075577,0.2353652901947498,0.0060620531439781,2.1993810330350003
pilot10,raw,o0_i4,lr,inner,0.022608108818531036,0.0076555050909519196,0.0089776553213596,0.0036017633974552,2.4058038440375817
pilot10,raw,o0_i4,rf,inner,0.8926811553537846,0.021418653428554535,0.4132085815072059,0.0098672620952129,2.1606050607828013
pilot10,raw,o0_i4,xgb,inner,0.7052852660417557,0.007310256361961365,0.2595615833997726,0.0036935992538928,2.7068622741653567
pilot11,dispn_0.85_r0,0,catboost,outer,24.571000680327415,0.01171901449561119,9.350479189306498,0.0054961219429969,2.627488730679431
pilot11,dispn_0.85_r0,0,ebm,outer,652.498771969229,0.015323158353567123,244.79777494445443,0.0078178234398365,2.665437859282267
pilot11,dispn_0.85_r0,0,lgbm,outer,0.8724181018769741,0.01152806356549263,0.3728890791535377,0.0064921118319034,2.3299683443620918
pilot11,dispn_0.85_r0,0,lr,outer,0.0664064772427082,0.009131930768489838,0.0126205906271934,0.0036794915795326,4.634234788093779
pilot11,dispn_0.85_r0,0,rf,outer,1.160498097538948,0.023034382611513138,0.5465713329613209,0.0107203759253025,2.1237216726496135
pilot11,dispn_0.85_r0,0,xgb,outer,1.2331176325678825,0.008695341646671295,0.4061295203864574,0.0038937367498874,3.028640333447267
pilot11,dispn_0.85_r0,o0_i0,catboost,inner,21.54088180139661,0.008408494293689728,8.996520809829235,0.005087673664093,2.3939377429274162
pilot11,dispn_0.85_r0,o0_i0,ebm,inner,565.3960465528071,0.012789007276296616,215.3529959693551,0.0072937384247779,2.62540896619001
pilot11,dispn_0.85_r0,o0_i0,lgbm,inner,0.7513064183294773,0.010369084775447845,0.3287120200693607,0.0057990029454231,2.2769817754892423
pilot11,dispn_0.85_r0,o0_i0,lr,inner,0.02652556076645851,0.00995882973074913,0.0116377621889114,0.0037899762392044,2.3648566941424027
pilot11,dispn_0.85_r0,o0_i0,rf,inner,0.9220757186412811,0.021674517542123795,0.4314817115664482,0.0100068747997283,2.1376548914916818
pilot11,dispn_0.85_r0,o0_i0,xgb,inner,1.0475797355175018,0.008982330560684204,0.3430549576878547,0.0037117935717105,3.046895534939329
pilot11,dispn_0.85_r0,o0_i1,catboost,inner,24.33660474792123,0.01180339977145195,9.315070297569036,0.0050035528838634,2.6124694437383127
pilot11,dispn_0.85_r0,o0_i1,ebm,inner,562.2523221001029,0.011817850172519684,211.051774289459,0.0071603991091251,2.6640148676005335
pilot11,dispn_0.85_r0,o0_i1,lgbm,inner,0.8109225779771805,0.010846614837646484,0.3290885612368583,0.0057916939258575,2.453919513455744
pilot11,dispn_0.85_r0,o0_i1,lr,inner,0.026566874235868454,0.00932421162724495,0.0105976238846778,0.0036150179803371,2.525293059797773
pilot11,dispn_0.85_r0,o0_i1,rf,inner,0.9221510253846645,0.02139889821410179,0.4330071695148945,0.0099548138678073,2.1300923307081554
pilot11,dispn_0.85_r0,o0_i1,xgb,inner,1.1229246333241463,0.007776118814945221,0.3514244183897972,0.0042733326554298,3.1788245745622463
pilot11,dispn_0.85_r0,o0_i2,catboost,inner,20.460603445768356,0.011629745364189148,9.069649755954742,0.0049808733165264,2.255985287720361
pilot11,dispn_0.85_r0,o0_i2,ebm,inner,507.11075850203633,0.014926053583621979,217.5169250033796,0.0079755596816539,2.3313454378920744
pilot11,dispn_0.85_r0,o0_i2,lgbm,inner,0.8025767281651497,0.010732021182775497,0.3252005465328693,0.0057241469621658,2.457685284099621
pilot11,dispn_0.85_r0,o0_i2,lr,inner,0.02571498230099678,0.011037115007638931,0.0901120118796825,0.0038175508379936,0.39127295225573894
pilot11,dispn_0.85_r0,o0_i2,rf,inner,0.935354869812727,0.022177614271640778,0.4430083185434341,0.0097899176180362,2.114700119421195
pilot11,dispn_0.85_r0,o0_i2,xgb,inner,1.0923303477466106,0.008616078644990921,0.3399158306419849,0.0037228241562843,3.203790990969584
pilot11,dispn_0.85_r0,o0_i3,catboost,inner,20.40035681799054,0.008428826928138733,8.946726568043232,0.0055144615471363,2.2797404110836963
pilot11,dispn_0.85_r0,o0_i3,ebm,inner,459.01642172038555,0.012255474925041199,202.8731347471476,0.0072224102914333,2.262558503084138
pilot11,dispn_0.85_r0,o0_i3,lgbm,inner,0.8066888451576233,0.010744549334049225,0.3253803104162216,0.0056686177849769,2.4692222957292542
pilot11,dispn_0.85_r0,o0_i3,lr,inner,0.025839541107416153,0.009458731859922409,0.0105681791901588,0.0035933442413806,2.492547721859154
pilot11,dispn_0.85_r0,o0_i3,rf,inner,0.9170845597982407,0.023162178695201874,0.4218077063560486,0.009783424437046,2.178558991158227
pilot11,dispn_0.85_r0,o0_i3,xgb,inner,1.0960973910987377,0.007699120789766312,0.3446707241237163,0.0039065144956111,3.1665765563480552
pilot11,dispn_0.85_r0,o0_i4,catboost,inner,22.354753009974957,0.012777276337146759,8.85317325219512,0.0052226297557353,2.525009108238926
pilot11,dispn_0.85_r0,o0_i4,ebm,inner,490.40326084941626,0.011451426893472672,217.7815475985408,0.0071819126605987,2.251791051708608
pilot11,dispn_0.85_r0,o0_i4,lgbm,inner,0.7966894097626209,0.012040872126817703,0.3252032734453678,0.0057553760707378,2.443599171896195
pilot11,dispn_0.85_r0,o0_i4,lr,inner,0.025996580719947815,0.1852783039212227,0.0113222189247608,0.0036875791847705,14.075797895443369
pilot11,dispn_0.85_r0,o0_i4,rf,inner,0.9274301268160343,0.02175171673297882,0.4292406179010868,0.0098138824105262,2.1618770400379543
pilot11,dispn_0.85_r0,o0_i4,xgb,inner,1.1143104918301105,0.009150855243206024,0.3485695347189903,0.0035830289125442,3.190268829758742
pilot11,raw,0,catboost,outer,15.869279183447361,0.03586703538894653,5.89861985296011,0.004950925707817,2.694156945878969
pilot11,raw,0,ebm,outer,504.92233987152576,0.009788580238819122,189.81014432758093,0.0063095614314079,2.6601072673447144
pilot11,raw,0,lgbm,outer,0.5817611068487167,0.012006450444459915,0.2389931641519069,0.0063858069479465,2.419798056173084
pilot11,raw,0,lr,outer,0.04660928621888161,0.00862438976764679,0.0107768401503562,0.0034741386771202,3.875781211606032
pilot11,raw,0,rf,outer,1.0512017719447613,0.023945271968841553,0.4768884405493736,0.0105813592672348,2.2055664665135875
pilot11,raw,0,xgb,outer,0.8349539786577225,0.008756231516599655,0.2747814767062664,0.0036434195935726,3.030297295202081
pilot11,raw,o0_i0,catboost,inner,15.707154873758554,0.06866460293531418,5.866675399243832,0.0044493451714515,2.687018273917635
pilot11,raw,o0_i0,ebm,inner,412.73230992257595,0.012096390128135681,153.3160070180893,0.006262008100748,2.6920055966703726
pilot11,raw,o0_i0,lgbm,inner,0.6007733084261417,0.010781589895486832,0.2250186763703823,0.0059492103755474,2.647791894092852
pilot11,raw,o0_i0,lr,inner,0.023225929588079453,0.008172381669282913,0.0097730681300163,0.0033343322575092,2.395464419263837
pilot11,raw,o0_i0,rf,inner,0.8135342076420784,0.021230973303318024,0.38169164955616,0.0097331926226615,2.132632094321791
pilot11,raw,o0_i0,xgb,inner,0.6648289151489735,0.007577609270811081,0.2445525750517845,0.0037919618189334,2.7075551284215402
pilot11,raw,o0_i1,catboost,inner,15.46131581440568,0.007972173392772675,5.837630182504654,0.0047197081148624,2.6477852708951852
pilot11,raw,o0_i1,ebm,inner,442.56953988596797,0.009337864816188812,169.20695732533932,0.0062636584043502,2.6155100362595354
pilot11,raw,o0_i1,lgbm,inner,0.6112109906971455,0.2251412756741047,0.223271507769823,0.0056418031454086,3.6535763823754137
pilot11,raw,o0_i1,lr,inner,0.021232467144727707,0.00796050950884819,0.0089445859193801,0.0031950883567333,2.4047578204810147
pilot11,raw,o0_i1,rf,inner,0.8347494788467884,0.02138732746243477,0.3873510733246803,0.0101114623248577,2.1540063012734376
pilot11,raw,o0_i1,xgb,inner,0.6646497398614883,0.00764576718211174,0.2468832470476627,0.0034889392554759,2.685184472645923
pilot11,raw,o0_i2,catboost,inner,15.038137301802635,0.011862345039844513,5.920938283205032,0.0051317065954208,2.5396257001259706
pilot11,raw,o0_i2,ebm,inner,408.15647054463625,0.009266413748264313,154.34031251072884,0.0060164704918861,2.644479720719797
pilot11,raw,o0_i2,lgbm,inner,0.5401270799338818,0.0107562355697155,0.2229821309447288,0.0057658739387989,2.4082540775998993
pilot11,raw,o0_i2,lr,inner,0.021244235336780548,0.008587319403886795,0.008923977613449,0.0031858533620834,2.4634162773156145
pilot11,raw,o0_i2,rf,inner,0.8555590882897377,0.029608789831399918,0.3979866653680801,0.0099733620882034,2.16974168680286
pilot11,raw,o0_i2,xgb,inner,0.6769765950739384,0.00942964106798172,0.2448050454258918,0.0034608319401741,2.764802974231614
pilot11,raw,o0_i3,catboost,inner,14.41767730563879,0.007603425532579422,5.848452214151621,0.0058856830000877,2.4640328222581163
pilot11,raw,o0_i3,ebm,inner,404.0948190577328,0.0104689821600914,159.33104978874326,0.0062292590737342,2.5361628518748662
pilot11,raw,o0_i3,lgbm,inner,0.4459516890347004,0.008518029004335403,0.221316073089838,0.0056984350085258,2.001941293734924
pilot11,raw,o0_i3,lr,inner,0.021843254566192627,0.008037690073251724,0.0087948366999626,0.0031989887356758,2.491360642173117
pilot11,raw,o0_i3,rf,inner,0.8418671302497387,0.021110497415065765,0.3901215344667434,0.0098227821290493,2.1577444455523556
pilot11,raw,o0_i3,xgb,inner,0.6710718609392643,0.007680580019950867,0.2489533051848411,0.0035024620592594,2.688599465834055
pilot11,raw,o0_i4,catboost,inner,16.024751637130976,0.011165019124746323,5.786236494779587,0.0044652074575424,2.7692527574094425
pilot11,raw,o0_i4,ebm,inner,391.96263748407364,0.009075876325368881,174.91772805526853,0.0061099752783775,2.2408135893516645
pilot11,raw,o0_i4,lgbm,inner,0.3691384866833687,0.00864579901099205,0.2232479527592659,0.0056937634944915,1.650133020212128
pilot11,raw,o0_i4,lr,inner,0.021759890019893646,0.008128710091114044,0.0086568556725978,0.0034202449023723,2.4748158654033308
pilot11,raw,o0_i4,rf,inner,0.8405668810009956,0.021632544696331024,0.3939444050192833,0.0098507180809974,2.135239819335815
pilot11,raw,o0_i4,xgb,inner,0.6620379388332367,0.007667500525712967,0.2494068555533886,0.0035535022616386,2.647471900908126
pilot2,dispn_0.85_r0,0,catboost,outer,24.558629754930735,0.011217419058084488,8.601735834032297,0.0058884061872959,2.8544284100117743
pilot2,dispn_0.85_r0,0,ebm,outer,480.4916098974645,0.008636169135570526,169.04347712546587,0.0060965903103351,2.842362956054934
pilot2,dispn_0.85_r0,0,lgbm,outer,0.19015563651919365,0.0067771077156066895,0.0855982266366481,0.0040637105703353,2.1963918064828745
pilot2,dispn_0.85_r0,0,lr,outer,0.017624523490667343,0.00797242671251297,0.0089621543884277,0.0033337846398353,2.0817401700141884
pilot2,dispn_0.85_r0,0,rf,outer,0.3634932190179825,0.016970738768577576,0.1831126920878887,0.007911242544651,1.9917083087961402
pilot2,dispn_0.85_r0,0,xgb,outer,0.4429224841296673,0.006817806512117386,0.1578382439911365,0.0034366324543952,2.788656860597119
pilot2,dispn_0.85_r0,o0_i0,catboost,inner,27.359574280679226,0.013017047196626663,9.074616264551878,0.0047073177993297,3.0148271597108742
pilot2,dispn_0.85_r0,o0_i0,ebm,inner,399.55850964412093,0.008141405880451202,141.611351814121,0.0059086009860038,2.8214544602740927
pilot2,dispn_0.85_r0,o0_i0,lgbm,inner,0.13499127328395844,0.007043369114398956,0.062955729663372,0.0041356347501277,2.117033147857373
pilot2,dispn_0.85_r0,o0_i0,lr,inner,0.017582226544618607,0.007373407483100891,0.0089329183101654,0.003433458507061,2.018023095734575
pilot2,dispn_0.85_r0,o0_i0,rf,inner,0.3218187615275383,0.016756024211645126,0.1625086218118667,0.0078008025884628,1.9879979451009664
pilot2,dispn_0.85_r0,o0_i0,xgb,inner,0.3798253983259201,0.0064945705235004425,0.1492102146148681,0.0034213215112686,2.531062574972453
pilot2,dispn_0.85_r0,o0_i1,catboost,inner,24.532217487692833,0.021438244730234146,9.26057704538107,0.0045671612024307,2.650110476961175
pilot2,dispn_0.85_r0,o0_i1,ebm,inner,388.1058003678918,0.007135074585676193,144.15437648817897,0.0058102719485759,2.6922338557196115
pilot2,dispn_0.85_r0,o0_i1,lgbm,inner,0.1326172910630703,0.0062742531299591064,0.0591381937265396,0.0037036836147308,2.2101749672238804
pilot2,dispn_0.85_r0,o0_i1,lr,inner,0.017377246171236038,0.008713893592357635,0.007972277700901,0.0032430477440357,2.326382760062736
pilot2,dispn_0.85_r0,o0_i1,rf,inner,0.32704975828528404,0.015704281628131866,0.1599479056894779,0.0077372342348098,2.044033478865059
pilot2,dispn_0.85_r0,o0_i1,xgb,inner,0.3735859952867031,0.006198309361934662,0.1323080360889434,0.0033017359673976,2.8005673845602437
pilot2,dispn_0.85_r0,o0_i2,catboost,inner,24.528720390051603,0.01777007058262825,9.05497945100069,0.0052581615746021,2.7092546034956704
pilot2,dispn_0.85_r0,o0_i2,ebm,inner,374.90126844495535,0.007890742272138596,137.1319122724235,0.0068921670317649,2.733793405299404
pilot2,dispn_0.85_r0,o0_i2,lgbm,inner,0.1327548325061798,0.007713809609413147,0.0661133341491222,0.004276443272829,1.9955829846364526
pilot2,dispn_0.85_r0,o0_i2,lr,inner,0.01762206479907036,0.007884986698627472,0.0080139078199863,0.0032930672168731,2.2558687371775266
pilot2,dispn_0.85_r0,o0_i2,rf,inner,0.30505865067243576,0.012020941823720932,0.1612479947507381,0.0084736756980419,1.8682328052612918
pilot2,dispn_0.85_r0,o0_i2,xgb,inner,0.4103207364678383,0.006592676043510437,0.1348345428705215,0.0033898800611495,3.016206569496356
pilot2,dispn_0.85_r0,o0_i3,catboost,inner,23.044397573918104,0.03470776602625847,9.10751486197114,0.0047985911369323,2.5327383061073725
pilot2,dispn_0.85_r0,o0_i3,ebm,inner,361.75540095567703,0.007725168019533157,136.34192268550396,0.0059459879994392,2.653236384574292
pilot2,dispn_0.85_r0,o0_i3,lgbm,inner,0.13364945352077484,0.007931184023618698,0.0644200332462787,0.0037066973745822,2.078195096904306
pilot2,dispn_0.85_r0,o0_i3,lr,inner,0.019527476280927658,0.00800003856420517,0.0078105553984642,0.0032472275197505,2.489424421579909
pilot2,dispn_0.85_r0,o0_i3,rf,inner,0.39050447940826416,0.01826191321015358,0.1561035625636577,0.0077783651649951,2.494273763335466
pilot2,dispn_0.85_r0,o0_i3,xgb,inner,0.40817349031567574,0.006305847316980362,0.1348781883716583,0.0033303163945674,2.9989423468094945
pilot2,dispn_0.85_r0,o0_i4,catboost,inner,23.074915930628777,0.03445681557059288,8.928550437092781,0.0042863488197326,2.5870138792465
pilot2,dispn_0.85_r0,o0_i4,ebm,inner,344.55513460189104,0.0068786852061748505,137.29718317463994,0.0060091540217399,2.509497466470565
pilot2,dispn_0.85_r0,o0_i4,lgbm,inner,0.13558243587613106,0.008543949574232101,0.0590968914330005,0.0036062635481357,2.2985507745778113
pilot2,dispn_0.85_r0,o0_i4,lr,inner,0.01794036105275154,0.007824666798114777,0.00778279453516,0.003488902002573,2.285816315637634
pilot2,dispn_0.85_r0,o0_i4,rf,inner,0.31423519551754,0.01572703942656517,0.157213807106018,0.007923737168312,1.998105496809162
pilot2,dispn_0.85_r0,o0_i4,xgb,inner,0.37588123604655266,0.006758417934179306,0.1370371580123901,0.0064826309680938,2.666110762138621
pilot2,raw,0,catboost,outer,15.923244059085846,0.012881409376859665,5.541401546448469,0.0038257092237472,2.873845332878221
pilot2,raw,0,ebm,outer,325.3074195943773,0.008095014840364456,114.3709486760199,0.0072744973003864,2.8442085003913604
pilot2,raw,0,lgbm,outer,0.15706262737512589,0.008077651262283325,0.0603336878120899,0.0033749639987945,2.592116987934684
pilot2,raw,0,lr,outer,0.06422354653477669,0.00836438313126564,0.0583470836281776,0.0035544298589229,1.1726357818564281
pilot2,raw,0,rf,outer,0.37937096506357193,0.017193075269460678,0.1718092411756515,0.0079605057835578,2.2059553792608666
pilot2,raw,0,xgb,outer,0.34030405431985855,0.007753569632768631,0.3698724843561649,0.0036020092666149,0.9319448312959643
pilot2,raw,o0_i0,catboost,inner,16.543777395039797,0.046961959451436996,5.5632114559412,0.0036828815937042,2.980250449991087
pilot2,raw,o0_i0,ebm,inner,307.22348300367594,0.007682666182518005,106.48818685114384,0.0055726319551467,2.8849687264408894
pilot2,raw,o0_i0,lgbm,inner,0.09863974526524544,0.006571028381586075,0.0447037369012832,0.0037744641304016,2.170269758526455
pilot2,raw,o0_i0,lr,inner,0.016155272722244263,0.008061233907938004,0.008511334657669,0.0032892040908336,2.052152630171666
pilot2,raw,o0_i0,rf,inner,0.31568702310323715,0.016441870480775833,0.1559694372117519,0.0078479312360286,2.02743394507576
pilot2,raw,o0_i0,xgb,inner,0.2676314525306225,0.005841229110956192,0.1060314588248729,0.0033899322152137,2.4992616072792546
pilot2,raw,o0_i1,catboost,inner,17.071603283286095,0.03349431976675987,5.565001025795937,0.0037267170846462,3.071634741870996
pilot2,raw,o0_i1,ebm,inner,300.8654706142843,0.0066578201949596405,105.93720357865097,0.0036439560353755,2.840001146262021
pilot2,raw,o0_i1,lgbm,inner,0.09557980671525002,0.007485128939151764,0.0435682833194732,0.0036406144499778,2.183167591790194
pilot2,raw,o0_i1,lr,inner,0.0166199691593647,0.00839683786034584,0.0072773247957229,0.0031635090708732,2.396054504779365
pilot2,raw,o0_i1,rf,inner,0.314822431653738,0.017032839357852936,0.1517118103802204,0.0077913254499435,2.080556405893766
pilot2,raw,o0_i1,xgb,inner,0.2771579474210739,0.006325285881757736,0.110785387456417,0.0033012814819812,2.4848059456964267
pilot2,raw,o0_i2,catboost,inner,15.820852346718311,0.036381084471940994,5.571433458477259,0.0037870407104492,2.844234310284338
pilot2,raw,o0_i2,ebm,inner,287.21881728991866,0.008230868726968765,101.20166601240636,0.0046832524240016,2.8380338807306256
pilot2,raw,o0_i2,lgbm,inner,0.09663775563240051,0.007692068815231323,0.0425777696073055,0.0036106258630752,2.258788671594699
pilot2,raw,o0_i2,lr,inner,0.016760341823101044,0.008303962647914886,0.0072957351803779,0.0031154714524745,2.4074351182240403
pilot2,raw,o0_i2,rf,inner,0.31349363923072815,0.016203969717025757,0.1561097726225853,0.0077284686267375,2.0123361092849663
pilot2,raw,o0_i2,xgb,inner,0.266653124243021,0.007605154067277908,0.1026029884815216,0.0033345259726047,2.588868350588496
pilot2,raw,o0_i3,catboost,inner,15.36940535157919,0.021495986729860306,5.601676467806101,0.0042287856340408,2.7454801040142818
pilot2,raw,o0_i3,ebm,inner,319.9696870073676,0.007029924541711807,115.32227221131323,0.0042299516499042,2.7745289324717692
pilot2,raw,o0_i3,lgbm,inner,0.09671591222286224,0.006297115236520767,0.0427385047078132,0.003575924783945,2.2242102210870267
pilot2,raw,o0_i3,lr,inner,0.016810398548841476,0.006691109389066696,0.00707733258605,0.00315872579813,2.295952900603825
pilot2,raw,o0_i3,rf,inner,0.3240794576704502,0.020289763808250427,0.1556009761989116,0.007574375718832,2.110424260964956
pilot2,raw,o0_i3,xgb,inner,0.25390900671482086,0.005814861506223679,0.1015246994793415,0.0033347271382808,2.4768766776509943
pilot2,raw,o0_i4,catboost,inner,15.85625022649765,0.009357023984193802,5.607577037066221,0.003961008042097,2.8273188425252123
pilot2,raw,o0_i4,ebm,inner,285.610119599849,0.007121730595827103,106.08088414743544,0.0053079798817634,2.692313067356278
pilot2,raw,o0_i4,lgbm,inner,0.0973769836127758,0.007016964256763458,0.0434518419206142,0.0059621296823024,2.1126403015817803
pilot2,raw,o0_i4,lr,inner,0.016454901546239853,0.006971944123506546,0.0071108452975749,0.0033480674028396,2.2398930310239575
pilot2,raw,o0_i4,rf,inner,0.3596053682267666,0.01592390239238739,0.1563433930277824,0.0077908113598823,2.287940359659588
pilot2,raw,o0_i4,xgb,inner,0.24389009550213814,0.007840845733880997,0.101293709129095,0.0034690611064434,2.402866406358402
pilot3,dispn_0.85_r0,0,catboost,outer,24.732720632106066,0.01284978911280632,8.743713162839413,0.0045612752437591,2.828623015471021
pilot3,dispn_0.85_r0,0,ebm,outer,445.39610958471894,0.008001651614904404,150.18050379678607,0.0058185048401355,2.9656769298991685
pilot3,dispn_0.85_r0,0,lgbm,outer,0.19186023995280266,0.008332710713148117,0.0893218219280242,0.0038804672658443,2.1479402748309413
pilot3,dispn_0.85_r0,0,lr,outer,0.020314794033765793,0.008253265172243118,0.0154399722814559,0.0037294328212738,1.490294511118702
pilot3,dispn_0.85_r0,0,rf,outer,0.3625064194202423,0.016465090215206146,0.184606421738863,0.0079091563820838,1.9685238635460545
pilot3,dispn_0.85_r0,0,xgb,outer,0.42125219106674194,0.006316971033811569,0.1527369804680347,0.0032616555690765,2.7408519264158
pilot3,dispn_0.85_r0,o0_i0,catboost,inner,27.55500777810812,0.012974321842193604,9.022977247834206,0.0039453655481338,3.0539734614630465
pilot3,dispn_0.85_r0,o0_i0,ebm,inner,414.15427032113075,0.007877040654420853,146.1929346956313,0.0058314502239227,2.8328703331777523
pilot3,dispn_0.85_r0,o0_i0,lgbm,inner,0.13892202824354172,0.0076458640396595,0.0640969909727573,0.0036887973546981,2.1622215496730686
pilot3,dispn_0.85_r0,o0_i0,lr,inner,0.019210398197174072,0.008947774767875671,0.0093090273439884,0.0035216771066188,2.194592905903712
pilot3,dispn_0.85_r0,o0_i0,rf,inner,0.3470608778297901,0.016439780592918396,0.1611504554748535,0.008287388831377,2.1453333516551476
pilot3,dispn_0.85_r0,o0_i0,xgb,inner,0.3123912587761879,0.00798099860548973,0.1282363943755626,0.0033079646527767,2.435469371306588
pilot3,dispn_0.85_r0,o0_i1,catboost,inner,24.288642574101686,0.010933972895145416,9.130878999829292,0.0057147294282913,2.6595881645895787
pilot3,dispn_0.85_r0,o0_i1,ebm,inner,385.9556188993156,0.0067444778978824615,143.0126562975347,0.0061015598475933,2.6986835094882693
pilot3,dispn_0.85_r0,o0_i1,lgbm,inner,0.13452337309718132,0.006381019949913025,0.058963406831026,0.0036914609372615,2.24889778026812
pilot3,dispn_0.85_r0,o0_i1,lr,inner,0.019721396267414093,0.00871673971414566,0.0082466006278991,0.0034356601536273,2.434300732828191
pilot3,dispn_0.85_r0,o0_i1,rf,inner,0.3560953363776207,0.01607520505785942,0.1709242537617683,0.0074441619217395,2.086527146688625
pilot3,dispn_0.85_r0,o0_i1,xgb,inner,0.40506846085190773,0.006136804819107056,0.1269768290221691,0.0032313279807567,3.1580607170545765
pilot3,dispn_0.85_r0,o0_i2,catboost,inner,25.062454607337713,0.011569935828447342,8.974107548594475,0.0070412419736385,2.791850477914204
pilot3,dispn_0.85_r0,o0_i2,ebm,inner,360.0346437692642,0.008553903549909592,129.74237888678908,0.0059482455253601,2.774935181288697
pilot3,dispn_0.85_r0,o0_i2,lgbm,inner,0.13113580271601677,0.006637737154960632,0.0619150251150131,0.0037010423839092,2.0996921199710763
pilot3,dispn_0.85_r0,o0_i2,lr,inner,0.017651718109846115,0.007426697760820389,0.0085698813199996,0.0033332481980323,2.106875828972165
pilot3,dispn_0.85_r0,o0_i2,rf,inner,0.3241654559969902,0.016160551458597183,0.1657679863274097,0.0076798424124717,1.9621231924786569
pilot3,dispn_0.85_r0,o0_i2,xgb,inner,0.3368896245956421,0.0064765773713588715,0.1271713897585868,0.0032371245324611,2.6330044769981087
pilot3,dispn_0.85_r0,o0_i3,catboost,inner,23.91420779004693,0.009541861712932587,8.83302404731512,0.0056481622159481,2.7067130768761842
pilot3,dispn_0.85_r0,o0_i3,ebm,inner,383.3631421215832,0.008396431803703308,137.35423469170928,0.0057730674743652,2.7909982301799587
pilot3,dispn_0.85_r0,o0_i3,lgbm,inner,0.12936831638216972,0.006878826767206192,0.0589657425880432,0.0036661885678768,2.1753623213404265
pilot3,dispn_0.85_r0,o0_i3,lr,inner,0.016318220645189285,0.007128622382879257,0.0082793869078159,0.0033263936638832,2.020272818636954
pilot3,dispn_0.85_r0,o0_i3,rf,inner,0.3227391391992569,0.01599891483783722,0.1635542660951614,0.007716380059719,1.9777939865467231
pilot3,dispn_0.85_r0,o0_i3,xgb,inner,0.31184517964720726,0.006202284246683121,0.1242969743907451,0.0034746117889881,2.4891877247770933
pilot3,dispn_0.85_r0,o0_i4,catboost,inner,22.972811304032803,0.018020976334810257,8.764232810586691,0.0042156502604484,2.6219954856353707
pilot3,dispn_0.85_r0,o0_i4,ebm,inner,342.12478537112474,0.006192605942487717,131.09809871390462,0.0057599730789661,2.6096179121159238
pilot3,dispn_0.85_r0,o0_i4,lgbm,inner,0.11191222444176674,0.007828135043382645,0.0585354305803775,0.0037009231746196,1.9239616761053446
pilot3,dispn_0.85_r0,o0_i4,lr,inner,0.01938352733850479,0.006815575063228607,0.0082272812724113,0.0035643801093101,2.22183300161124
pilot3,dispn_0.85_r0,o0_i4,rf,inner,0.3265213184058666,0.016143828630447388,0.1680248603224754,0.0076323002576828,1.9507610501306294
pilot3,dispn_0.85_r0,o0_i4,xgb,inner,0.33441394940018654,0.006452042609453201,0.140646044164896,0.0032600834965705,2.368669059121051
pilot3,raw,0,catboost,outer,15.29248370975256,0.010643702000379562,5.572691664099693,0.0038070008158683,2.744217892139432
pilot3,raw,0,ebm,outer,330.33098424598575,0.010911315679550171,111.415989626199,0.0093779526650905,2.9646919973394525
pilot3,raw,0,lgbm,outer,0.1371912620961666,0.006473299115896225,0.0630895681679248,0.0038738325238227,2.145419135348183
pilot3,raw,0,lr,outer,0.0930086188018322,0.02003529667854309,0.0088271275162696,0.0033634081482887,9.273088450824135
pilot3,raw,0,rf,outer,0.34711845591664314,0.017250902950763702,0.1716880798339843,0.0078709051012992,2.029246038557929
pilot3,raw,0,xgb,outer,0.29139238223433495,0.007123913615942001,0.1137703955173492,0.003248356282711,2.5510124767039546
pilot3,raw,o0_i0,catboost,inner,16.257611498236656,0.01362430676817894,5.630004208534956,0.0038228705525398,2.888131917538418
pilot3,raw,o0_i0,ebm,inner,307.0395721383393,0.006774339824914932,108.87081250175834,0.0052932389080524,2.8201444604339767
pilot3,raw,o0_i0,lgbm,inner,0.09257827699184418,0.006492778658866882,0.046133629977703,0.0050231032073497,1.936618104450389
pilot3,raw,o0_i0,lr,inner,0.03170778602361679,0.007877834141254425,0.0087613388895988,0.003301840275526,3.2815246812643757
pilot3,raw,o0_i0,rf,inner,0.31855547428131104,0.016064036637544632,0.1547942347824573,0.0080659873783588,2.0546423582084774
pilot3,raw,o0_i0,xgb,inner,0.23925454542040825,0.00752171128988266,0.0971005707979202,0.0032685920596122,2.4586860115648665
pilot3,raw,o0_i1,catboost,inner,17.676184367388487,0.05364811792969704,5.930223975330591,0.011482797563076,2.9839628852440976
pilot3,raw,o0_i1,ebm,inner,319.9009993188083,0.007017455995082855,113.7868893928826,0.0052660629153251,2.81133629548893
pilot3,raw,o0_i1,lgbm,inner,0.10075683519244194,0.0062557123601436615,0.044287409633398,0.0033336579799652,2.2471681739986074
pilot3,raw,o0_i1,lr,inner,0.016998808830976486,0.00800686702132225,0.0074540115892887,0.0031523257493972,2.3576164941588478
pilot3,raw,o0_i1,rf,inner,0.29981060326099396,0.020713895559310913,0.1476119048893451,0.0077286213636398,2.063366891768502
pilot3,raw,o0_i1,xgb,inner,0.25145064666867256,0.0060735344886779785,0.0986258238554,0.0032165609300136,2.52865427002682
pilot3,raw,o0_i2,catboost,inner,15.594886526465416,0.010005425661802292,5.775905191898346,0.0036482959985733,2.700016875837509
pilot3,raw,o0_i2,ebm,inner,307.3034481443465,0.007073000073432922,109.3658779747784,0.0052893757820129,2.8097946523640656
pilot3,raw,o0_i2,lgbm,inner,0.094204630702734,0.006271250545978546,0.042295191437006,0.0032496377825737,2.2060875618679017
pilot3,raw,o0_i2,lr,inner,0.016785692423582077,0.008829042315483093,0.0076090358197689,0.0031317397952079,2.3848123876033975
pilot3,raw,o0_i2,rf,inner,0.3625592514872551,0.016122881323099136,0.1475072726607322,0.0077172480523586,2.439576756756693
pilot3,raw,o0_i2,xgb,inner,0.24559016153216362,0.005893722176551819,0.1000859551131725,0.0032447054982185,2.4337779534237516
pilot3,raw,o0_i3,catboost,inner,15.655888438224792,0.01177365705370903,5.637872189283371,0.0037517175078392,2.7771546551371955
pilot3,raw,o0_i3,ebm,inner,321.90795592963696,0.006469514220952988,114.22462261468172,0.0053526535630226,2.8181256687477214
pilot3,raw,o0_i3,lgbm,inner,0.09738726168870926,0.00790746882557869,0.0433089286088943,0.0032276436686515,2.262623252230662
pilot3,raw,o0_i3,lr,inner,0.016467615962028503,0.007473476231098175,0.0073764994740486,0.0031688883900642,2.270290339400511
pilot3,raw,o0_i3,rf,inner,0.3132866322994232,0.016228705644607544,0.1605259180068969,0.007727488875389,1.9584467503506042
pilot3,raw,o0_i3,xgb,inner,0.2329864576458931,0.0075165629386901855,0.0935129337012767,0.0032267570495605,2.486084240273447
pilot3,raw,o0_i4,catboost,inner,15.99802367016673,0.01159539446234703,5.627155017107725,0.0079623013734817,2.841044500018331
pilot3,raw,o0_i4,ebm,inner,274.1527159586549,0.005115725100040436,102.43881866335867,0.0052574016153812,2.676170670033407
pilot3,raw,o0_i4,lgbm,inner,0.10043853893876076,0.007441435009241104,0.0494414046406745,0.0036816000938415,2.03075813363976
pilot3,raw,o0_i4,lr,inner,0.01685182750225067,0.007930181920528412,0.0075467526912689,0.0033262558281421,2.2792228460537935
pilot3,raw,o0_i4,rf,inner,0.31419074535369873,0.01588461920619011,0.1483400203287601,0.0078191384673118,2.113711210438409
pilot3,raw,o0_i4,xgb,inner,0.3085210509598255,0.006116505712270737,0.099842507392168,0.0032846592366695,3.050966752577434
pilot4,dispn_0.85_r0,0,catboost,outer,12.718631979078054,0.011013150215148926,5.051112446933985,0.0038811527192592,2.5182317006625716
pilot4,dispn_0.85_r0,0,ebm,outer,293.82571401819587,0.007423277944326401,101.2110842242837,0.0052078068256378,2.9030221459390066
pilot4,dispn_0.85_r0,0,lgbm,outer,0.34350910037755966,0.008091557770967484,0.1630029790103435,0.0047621466219425,2.095791105710366
pilot4,dispn_0.85_r0,0,lr,outer,0.05386022850871086,0.008471950888633728,0.0088565610349178,0.0031876787543296,5.175268882722858
pilot4,dispn_0.85_r0,0,rf,outer,0.5258101597428322,0.017379552125930786,0.2660264857113361,0.0086828283965587,1.9773254271801641
pilot4,dispn_0.85_r0,0,xgb,outer,0.39161332324147224,0.0069638267159461975,0.1486816294491291,0.003415010869503,2.620551966975907
pilot4,dispn_0.85_r0,o0_i0,catboost,inner,13.19380897283554,0.013106059283018112,4.953868195414543,0.0043303631246089,2.6636519042532556
pilot4,dispn_0.85_r0,o0_i0,ebm,inner,289.83871214464307,0.005755014717578888,101.44786601141097,0.0054403319954872,2.8569248022166396
pilot4,dispn_0.85_r0,o0_i0,lgbm,inner,0.24544012174010277,0.007267404347658157,0.110416904091835,0.0043669752776622,2.201594226261321
pilot4,dispn_0.85_r0,o0_i0,lr,inner,0.01925227791070938,0.008440252393484116,0.0084110796451568,0.0033181719481945,2.360980160054794
pilot4,dispn_0.85_r0,o0_i0,rf,inner,0.4218643121421337,0.016577359288930893,0.2227584384381771,0.0082992613315582,1.8975419207756397
pilot4,dispn_0.85_r0,o0_i0,xgb,inner,0.33647244051098824,0.006407234817743301,0.1291861459612846,0.0033943057060241,2.5862008389376894
pilot4,dispn_0.85_r0,o0_i1,catboost,inner,14.452093824744225,0.01901710033416748,4.962309535592794,0.0038434937596321,2.913947846461225
pilot4,dispn_0.85_r0,o0_i1,ebm,inner,261.79260981082916,0.007519539445638657,94.64737513661385,0.0055478028953075,2.7658958774848
pilot4,dispn_0.85_r0,o0_i1,lgbm,inner,0.24119123816490173,0.0072293952107429504,0.110260009765625,0.0043446347117424,2.1676314647501376
pilot4,dispn_0.85_r0,o0_i1,lr,inner,0.019146807491779327,0.008254434913396835,0.0076284445822238,0.0052367076277732,2.12988093400743
pilot4,dispn_0.85_r0,o0_i1,rf,inner,0.43731260672211647,0.016722187399864197,0.2334129773080349,0.0082680098712444,1.878653341419766
pilot4,dispn_0.85_r0,o0_i1,xgb,inner,0.32700446620583534,0.006566215306520462,0.127746120095253,0.0050785429775714,2.511361021329807
pilot4,dispn_0.85_r0,o0_i2,catboost,inner,13.818605549633503,0.011566925793886185,5.060989893972874,0.0043541081249713,2.7303520688228744
pilot4,dispn_0.85_r0,o0_i2,ebm,inner,269.3451538197696,0.007693380117416382,97.71106639131904,0.0054018124938011,2.7564734189746027
pilot4,dispn_0.85_r0,o0_i2,lgbm,inner,0.23734395951032639,0.007299993187189102,0.1094066649675369,0.0043132714927196,2.151284641132517
pilot4,dispn_0.85_r0,o0_i2,lr,inner,0.019156761467456818,0.008854292333126068,0.0080131627619266,0.003206193447113,2.4966721154654103
pilot4,dispn_0.85_r0,o0_i2,rf,inner,0.4432501830160618,0.01708190143108368,0.2305941358208656,0.0081218034029006,1.9283676068887965
pilot4,dispn_0.85_r0,o0_i2,xgb,inner,0.33429092913866043,0.006412256509065628,0.1305079013109207,0.0033052153885364,2.546112025870692
pilot4,dispn_0.85_r0,o0_i3,catboost,inner,12.813823323696852,0.01943926140666008,5.002470497041941,0.003767441958189,2.5634543826070386
pilot4,dispn_0.85_r0,o0_i3,ebm,inner,270.10752296820283,0.007742643356323242,97.18741924315692,0.0054707340896129,2.7791669295438672
pilot4,dispn_0.85_r0,o0_i3,lgbm,inner,0.24568119645118713,0.007606666535139084,0.1081139706075191,0.0044043101370334,2.2510818802978285
pilot4,dispn_0.85_r0,o0_i3,lr,inner,0.01917465403676033,0.008277468383312225,0.0080061815679073,0.003297135233879,2.4286784933546413
pilot4,dispn_0.85_r0,o0_i3,rf,inner,0.44173168390989304,0.016614966094493866,0.2289129458367824,0.0083044916391372,1.9321794168310857
pilot4,dispn_0.85_r0,o0_i3,xgb,inner,0.3390900604426861,0.006433989852666855,0.1297607161104679,0.0032887272536754,2.5969597584086648
pilot4,dispn_0.85_r0,o0_i4,catboost,inner,13.02216985821724,0.057791486382484436,4.97418674826622,0.0053629390895366,2.6267357825172044
pilot4,dispn_0.85_r0,o0_i4,ebm,inner,273.11011723801494,0.005582891404628754,99.17958883196115,0.0055020898580551,2.7535963075811254
pilot4,dispn_0.85_r0,o0_i4,lgbm,inner,0.24557135999202728,0.007459037005901337,0.116725143045187,0.0043055191636085,2.0906305260183937
pilot4,dispn_0.85_r0,o0_i4,lr,inner,0.018815986812114716,0.008332189172506332,0.0076388679444789,0.0036965012550354,2.394997066860804
pilot4,dispn_0.85_r0,o0_i4,rf,inner,0.4275907501578331,0.017966575920581818,0.2230390831828117,0.0086068660020828,1.923441042876952
pilot4,dispn_0.85_r0,o0_i4,xgb,inner,0.3310486152768135,0.006794437766075134,0.131148774176836,0.0033016726374626,2.512770028273045
pilot4,raw,0,catboost,outer,4.960131488740444,0.042641833424568176,2.096955791115761,0.0038737952709198,2.3813322863419524
pilot4,raw,0,ebm,outer,149.95514596253633,0.00562499463558197,57.05278328061104,0.004201304167509,2.628263166174714
pilot4,raw,0,lgbm,outer,0.15998277440667152,0.00781436637043953,0.0736430212855339,0.0043383985757827,2.1517579581844513
pilot4,raw,0,lr,outer,0.056860510259866714,0.008167333900928497,0.00773386657238,0.0030912086367607,6.007149410461894
pilot4,raw,0,rf,outer,0.5968951657414436,0.01845695823431015,0.228104542940855,0.0085150003433227,2.6005972094905196
pilot4,raw,0,xgb,outer,0.2250177077949047,0.006220825016498566,0.0764751993119716,0.0029324404895305,2.9120438963988593
pilot4,raw,o0_i0,catboost,inner,4.940788056701422,0.008591435849666595,1.9967696703970432,0.0031239427626132,2.4748213904896184
pilot4,raw,o0_i0,ebm,inner,116.03029062226415,0.005328338593244553,42.7118430621922,0.0031911022961139,2.7165053529870535
pilot4,raw,o0_i0,lgbm,inner,0.10734377801418304,0.006236940622329712,0.05498518794775,0.0042054131627082,1.9188978740823184
pilot4,raw,o0_i0,lr,inner,0.01608305796980858,0.007768221199512482,0.0078567527234554,0.0031492821872234,2.1671091690049917
pilot4,raw,o0_i0,rf,inner,0.38810107856988907,0.01748894527554512,0.1924931593239307,0.008211612701416,2.0208290004893996
pilot4,raw,o0_i0,xgb,inner,0.20868663489818573,0.005869802087545395,0.0712015330791473,0.0031608715653419,2.8852810504377815
pilot4,raw,o0_i1,catboost,inner,4.945599105209112,0.0607370026409626,2.0347451381385326,0.0030878894031047,2.45669593150599
pilot4,raw,o0_i1,ebm,inner,113.57837485149503,0.005137257277965546,41.91454837098718,0.0033148601651191,2.7096684647885536
pilot4,raw,o0_i1,lgbm,inner,0.14314798638224602,0.009164609014987946,0.0539747364819049,0.0042547993361949,2.6157274526974645
pilot4,raw,o0_i1,lr,inner,0.016293756663799286,0.006979245692491531,0.0067990757524967,0.0029628425836563,2.3840603408963053
pilot4,raw,o0_i1,rf,inner,0.3946329765021801,0.017238754779100418,0.1924751065671444,0.0082458443939685,2.0519618371132338
pilot4,raw,o0_i1,xgb,inner,0.1738772615790367,0.0060167089104652405,0.0729169398546218,0.003141202032566,2.3652164781559772
pilot4,raw,o0_i2,catboost,inner,5.069384731352329,0.03332522138953209,2.003978483378887,0.0034935995936393,2.541858487609013
pilot4,raw,o0_i2,ebm,inner,115.8257842734456,0.005305230617523193,41.67112776264548,0.0038572661578655,2.7793912685033324
pilot4,raw,o0_i2,lgbm,inner,0.14326896890997887,0.011842310428619385,0.0549795366823673,0.0041855312883853,2.621669925491766
pilot4,raw,o0_i2,lr,inner,0.0181877538561821,0.011063598096370697,0.0068492852151393,0.003043744713068,2.9567637179738506
pilot4,raw,o0_i2,rf,inner,0.40819723531603813,0.017785053700208664,0.1952920481562614,0.0082324780523777,2.0930268059170403
pilot4,raw,o0_i2,xgb,inner,0.16817409172654152,0.006762750446796417,0.0730368718504905,0.003192663192749,2.2948695944965287
pilot4,raw,o0_i3,catboost,inner,4.956214319914579,0.007990878075361252,2.045749180018902,0.0042809657752513,2.4215279020040343
pilot4,raw,o0_i3,ebm,inner,121.54044187441468,0.005202729254961014,43.87337043881416,0.0038073360919952,2.770133604016413
pilot4,raw,o0_i3,lgbm,inner,0.14814652875065804,0.0070866793394088745,0.0592572763562202,0.0044272392988204,2.437534563832084
pilot4,raw,o0_i3,lr,inner,0.022377721965312958,0.011355876922607422,0.0066930837929248,0.0029281601309776,3.5061577437107476
pilot4,raw,o0_i3,rf,inner,0.45704831555485725,0.017791658639907837,0.1914932541549205,0.0081521682441234,2.3784165371228623
pilot4,raw,o0_i3,xgb,inner,0.17024589329957962,0.006229802966117859,0.0697054490447044,0.002975545823574,2.4280858646132852
pilot4,raw,o0_i4,catboost,inner,5.06250961124897,0.011727385222911835,2.0457673110067844,0.0030863061547279,2.4766225141558644
pilot4,raw,o0_i4,ebm,inner,118.59630945697427,0.005172155797481537,42.990936528891325,0.004109501838684,2.7584917929382673
pilot4,raw,o0_i4,lgbm,inner,0.11564993113279343,0.007318761199712753,0.0570625029504299,0.0042043849825859,2.00709871973504
pilot4,raw,o0_i4,lr,inner,0.021301250904798508,0.012909594923257828,0.0066756233572959,0.0031677708029747,3.4755131483138597
pilot4,raw,o0_i4,rf,inner,0.38377997279167175,0.017913028597831726,0.1932068951427936,0.0081043951213359,1.995382379510181
pilot4,raw,o0_i4,xgb,inner,0.16571518406271935,0.006030969321727753,0.0681004114449024,0.0029864981770515,2.41600252842341
pilot5,dispn_0.85_r0,0,catboost,outer,13.002466320991516,0.011137180030345917,4.88018798455596,0.0039477944374084,2.664463907206117
pilot5,dispn_0.85_r0,0,ebm,outer,329.3812255561352,0.00682222843170166,112.75909969583154,0.0054023899137973,2.921026047134075
pilot5,dispn_0.85_r0,0,lgbm,outer,0.34794242680072784,0.008421305567026138,0.1557993777096271,0.0047338083386421,2.219875784815
pilot5,dispn_0.85_r0,0,lr,outer,0.05240488797426224,0.007522303611040115,0.0092224739491939,0.0033951662480831,4.749476974167894
pilot5,dispn_0.85_r0,0,rf,outer,0.5352434441447258,0.018198009580373764,0.2563555836677551,0.0121698006987571,2.061039610950536
pilot5,dispn_0.85_r0,0,xgb,outer,0.38665739819407463,0.006791427731513977,0.1508066691458225,0.0065109580755233,2.5009837287464705
pilot5,dispn_0.85_r0,o0_i0,catboost,inner,13.225175380706787,0.012489017099142075,4.841896150261164,0.0043793730437755,2.731512959621917
pilot5,dispn_0.85_r0,o0_i0,ebm,inner,331.8764658719301,0.007232744246721268,116.5019780434668,0.0053238905966281,2.848608568791717
pilot5,dispn_0.85_r0,o0_i0,lgbm,inner,0.24533841758966446,0.007468327879905701,0.118635457009077,0.0044507719576358,2.053899510870048
pilot5,dispn_0.85_r0,o0_i0,lr,inner,0.017908833920955658,0.007600940763950348,0.0089628547430038,0.0031407922506332,2.1076105985507287
pilot5,dispn_0.85_r0,o0_i0,rf,inner,0.4594047851860523,0.017587624490261078,0.2244068644940853,0.0113674066960811,2.0230893187305825
pilot5,dispn_0.85_r0,o0_i0,xgb,inner,0.31095828115940094,0.006855916231870651,0.125103622674942,0.0033566765487194,2.4740266005291436
pilot5,dispn_0.85_r0,o0_i1,catboost,inner,14.529339846223593,0.014189980924129486,4.89101130515337,0.0037923865020275,2.9712182026709995
pilot5,dispn_0.85_r0,o0_i1,ebm,inner,286.00139294564724,0.005993954837322235,101.90844380110502,0.0052919574081897,2.8063674123200157
pilot5,dispn_0.85_r0,o0_i1,lgbm,inner,0.24465887621045113,0.007485155016183853,0.1085792928934097,0.004367396235466,2.232416312256225
pilot5,dispn_0.85_r0,o0_i1,lr,inner,0.01800539717078209,0.007762309163808823,0.0076583214104175,0.0030783303081989,2.3999759897130684
pilot5,dispn_0.85_r0,o0_i1,rf,inner,0.4566463492810726,0.017924532294273376,0.2253561355173587,0.0081998147070407,2.0319365921501062
pilot5,dispn_0.85_r0,o0_i1,xgb,inner,0.3278639242053032,0.006352312862873077,0.1263724230229854,0.003299243748188,2.577403725811243
pilot5,dispn_0.85_r0,o0_i2,catboost,inner,13.85503999888897,0.008516449481248856,4.877052020281553,0.0038483925163745,2.8403686360859535
pilot5,dispn_0.85_r0,o0_i2,ebm,inner,302.63365422189236,0.006195235997438431,109.24928653612731,0.0053568594157695,2.7700410715013657
pilot5,dispn_0.85_r0,o0_i2,lgbm,inner,0.24534029513597488,0.007707864046096802,0.107915062457323,0.0043363720178604,2.254297776818306
pilot5,dispn_0.85_r0,o0_i2,lr,inner,0.01769762858748436,0.007958270609378815,0.0078081786632537,0.0030662529170513,2.359286460850912
pilot5,dispn_0.85_r0,o0_i2,rf,inner,0.4578671045601368,0.01779833436012268,0.226421408355236,0.0083197094500064,2.0263405208579806
pilot5,dispn_0.85_r0,o0_i2,xgb,inner,0.32360824570059776,0.006162170320749283,0.1277153566479683,0.0033601149916648,2.515881971632249
pilot5,dispn_0.85_r0,o0_i3,catboost,inner,12.977311626076698,0.011530179530382156,4.869653202593327,0.0043903179466724,2.6649006622263474
pilot5,dispn_0.85_r0,o0_i3,ebm,inner,277.55991504341364,0.00692218542098999,100.16554184630512,0.005325436592102,2.7709337530735874
pilot5,dispn_0.85_r0,o0_i3,lgbm,inner,0.24916785955429077,0.007649760693311691,0.1159700527787208,0.0043985098600387,2.133593810689116
pilot5,dispn_0.85_r0,o0_i3,lr,inner,0.01764027029275894,0.00755460187792778,0.0073782913386821,0.0030060335993766,2.426240735047413
pilot5,dispn_0.85_r0,o0_i3,rf,inner,0.4505334161221981,0.01774170622229576,0.2254517786204815,0.0083669796586036,2.002726923156279
pilot5,dispn_0.85_r0,o0_i3,xgb,inner,0.3129359036684036,0.006298001855611801,0.1267671398818493,0.0032967403531074,2.4544393489362957
pilot5,dispn_0.85_r0,o0_i4,catboost,inner,13.47978936508298,0.008904784917831421,4.948498982936144,0.0040065683424472,2.7236101020661
pilot5,dispn_0.85_r0,o0_i4,ebm,inner,294.11253344267607,0.0055639781057834625,109.51840651407838,0.0053495839238166,2.685427416839175
pilot5,dispn_0.85_r0,o0_i4,lgbm,inner,0.2524983398616314,0.007503993809223175,0.1118155792355537,0.0043924078345298,2.237387809790136
pilot5,dispn_0.85_r0,o0_i4,lr,inner,0.017590254545211792,0.007602989673614502,0.0075121037662029,0.0032647177577018,2.3377249185155087
pilot5,dispn_0.85_r0,o0_i4,rf,inner,0.453136146068573,0.017958328127861023,0.2239999026060104,0.008241694420576,2.028467252326483
pilot5,dispn_0.85_r0,o0_i4,xgb,inner,0.3474952317774296,0.006710324436426163,0.1297340542078018,0.0032663084566593,2.663192408786587
pilot5,raw,0,catboost,outer,4.919460009783506,0.010014303028583527,2.049433145672083,0.0037610083818435,2.40088074626508
pilot5,raw,0,ebm,outer,193.24642159417272,0.006048016250133514,66.01488398760557,0.0042491368949413,2.927219132762355
pilot5,raw,0,lgbm,outer,0.184695515781641,0.008068900555372238,0.0749573856592178,0.0047440379858016,2.4185818461105897
pilot5,raw,0,lr,outer,0.057576049119234085,0.015721715986728668,0.0081948265433311,0.0032851435244083,6.384839391867537
pilot5,raw,0,rf,outer,0.4236864894628525,0.01757403090596199,0.211647666990757,0.0088688395917415,2.0010317014691705
pilot5,raw,0,xgb,outer,0.17349102348089218,0.006219688802957535,0.0716908164322376,0.0032008849084377,2.3996078212506164
pilot5,raw,o0_i0,catboost,inner,4.9776842668652534,0.008953467011451721,2.038386408239603,0.0031164474785327,2.4426307903069597
pilot5,raw,o0_i0,ebm,inner,142.97432849556208,0.005406547337770462,50.76446017250419,0.0033101923763751,2.8163485222074756
pilot5,raw,o0_i0,lgbm,inner,0.12511682510375977,0.007413648068904877,0.063143353909254,0.0044834166765213,1.959733874983249
pilot5,raw,o0_i0,lr,inner,0.016560617834329605,0.0071352459490299225,0.0081059746444225,0.0033294633030891,2.0721430951855977
pilot5,raw,o0_i0,rf,inner,0.3759048469364643,0.01703229919075966,0.1837899833917617,0.0081555247306823,2.0471286354696323
pilot5,raw,o0_i0,xgb,inner,0.15501005947589874,0.005939312279224396,0.0678171254694461,0.0033941455185413,2.2601670988609883
pilot5,raw,o0_i1,catboost,inner,4.763031709939241,0.010812543332576752,2.057973854243756,0.0041917227208614,2.3149665121937626
pilot5,raw,o0_i1,ebm,inner,162.92891770601273,0.004171803593635559,58.21737809106708,0.0040063261985778,2.798509364564135
pilot5,raw,o0_i1,lgbm,inner,0.12360300868749619,0.007354937493801117,0.0560199320316314,0.004147034138441,2.1765755283575685
pilot5,raw,o0_i1,lr,inner,0.015852034091949463,0.007865440100431442,0.0073152221739292,0.0032603107392787,2.2426741410600584
pilot5,raw,o0_i1,rf,inner,0.3738914132118225,0.01754840835928917,0.1834672056138515,0.0081307031214237,2.0430276309119417
pilot5,raw,o0_i1,xgb,inner,0.16034159809350967,0.006162196397781372,0.0647145211696624,0.0030616298317909,2.4566723254573835
pilot5,raw,o0_i2,catboost,inner,5.093075841665268,0.009965673089027405,2.0691604167222977,0.003192164003849,2.4624388543797906
pilot5,raw,o0_i2,ebm,inner,163.3887613080442,0.005603179335594177,57.59179611504078,0.003441534936428,2.836942274296605
pilot5,raw,o0_i2,lgbm,inner,0.1253485456109047,0.0073651522397994995,0.0557982698082923,0.0042117573320865,2.2115253762550866
pilot5,raw,o0_i2,lr,inner,0.015371765941381454,0.007593337446451187,0.0074464380741119,0.0031837336719036,2.1603699297182697
pilot5,raw,o0_i2,rf,inner,0.3841910809278488,0.017590392380952835,0.193412784487009,0.0081211179494857,1.9936172944172852
pilot5,raw,o0_i2,xgb,inner,0.15720999613404274,0.0068801939487457275,0.0630831718444824,0.0031016841530799,2.4792709390926557
pilot5,raw,o0_i3,catboost,inner,5.068212404847145,0.007947232574224472,2.060920439660549,0.0031830742955207,2.4592563323979713
pilot5,raw,o0_i3,ebm,inner,187.52985453605652,0.00535297766327858,68.52279898524284,0.0028718225657939,2.7367146545663554
pilot5,raw,o0_i3,lgbm,inner,0.12225081771612167,0.00715232640504837,0.0550179332494735,0.0041311495006084,2.1877455761727913
pilot5,raw,o0_i3,lr,inner,0.015847906470298767,0.006994105875492096,0.0071047134697437,0.0031437091529369,2.228832005350718
pilot5,raw,o0_i3,rf,inner,0.37314265593886375,0.01764911413192749,0.1814399436116218,0.0081379152834415,2.0613787514453654
pilot5,raw,o0_i3,xgb,inner,0.15352481231093407,0.0061511993408203125,0.0684356652200222,0.0031411424279212,2.230834496519241
pilot5,raw,o0_i4,catboost,inner,5.202496938407421,0.013426050543785095,2.074820183217525,0.0032717585563659,2.509957756969509
pilot5,raw,o0_i4,ebm,inner,182.34071445837617,0.0056395456194877625,64.74100507050753,0.0041089095175266,2.8163724302076685
pilot5,raw,o0_i4,lgbm,inner,0.1248132549226284,0.007482558488845825,0.0555345304310321,0.0040175020694732,2.221516342206317
pilot5,raw,o0_i4,lr,inner,0.015519924461841583,0.007280353456735611,0.0074017792940139,0.0034327954053878,2.104399900425834
pilot5,raw,o0_i4,rf,inner,0.38566531613469124,0.017842721194028854,0.1893211603164672,0.0081495270133018,2.0433819458726856
pilot5,raw,o0_i4,xgb,inner,0.1597297415137291,0.006260480731725693,0.0645738057792186,0.0031371191143989,2.4514540675119503
pilot6,dispn_0.85_r0,0,catboost,outer,25.230877444148064,0.014189328998327255,8.745165802538395,0.0056722164154052,2.8848741935877524
pilot6,dispn_0.85_r0,0,ebm,outer,544.2665624134243,0.009661644697189331,188.3076354674995,0.0067175589501857,2.8902535325157883
pilot6,dispn_0.85_r0,0,lgbm,outer,0.6390461176633835,0.009449277073144913,0.2637956440448761,0.0049244947731494,2.413274262170886
pilot6,dispn_0.85_r0,0,lr,outer,0.051578160375356674,0.008100874722003937,0.010005198419094,0.0034438371658325,4.437421160833872
pilot6,dispn_0.85_r0,0,rf,outer,0.6133261136710644,0.019023973494768143,0.3453247584402561,0.0147891901433467,1.7559722128314847
pilot6,dispn_0.85_r0,0,xgb,outer,0.7292500250041485,0.007454119622707367,0.2596120573580265,0.0035887956619262,2.799018833616804
pilot6,dispn_0.85_r0,o0_i0,catboost,inner,27.321432288736105,0.01296595111489296,8.779563676565886,0.0042792744934558,3.1118951456838646
pilot6,dispn_0.85_r0,o0_i0,ebm,inner,497.230618994683,0.009431693702936172,179.65888788551092,0.0063610412180423,2.767591694324651
pilot6,dispn_0.85_r0,o0_i0,lgbm,inner,0.433890487998724,0.00811973586678505,0.1868094503879547,0.0044698901474475,2.3108100573135406
pilot6,dispn_0.85_r0,o0_i0,lr,inner,0.021620653569698334,0.008000411093235016,0.0160494707524776,0.0058548562228679,1.3522928458963133
pilot6,dispn_0.85_r0,o0_i0,rf,inner,0.5103301405906677,0.018321357667446136,0.2491808757185936,0.0084200948476791,2.0522108169701494
pilot6,dispn_0.85_r0,o0_i0,xgb,inner,0.6036887168884277,0.007104977965354919,0.220118511468172,0.0035888999700546,2.730323912502309
pilot6,dispn_0.85_r0,o0_i1,catboost,inner,24.8564380556345,0.022455736994743347,8.748270578682423,0.0042767524719238,2.842474636392288
pilot6,dispn_0.85_r0,o0_i1,ebm,inner,523.6495381332934,0.008691191673278809,188.00519736483693,0.0063409730792045,2.7852451714095725
pilot6,dispn_0.85_r0,o0_i1,lgbm,inner,0.44219643622636795,0.00808270275592804,0.1858628131449222,0.0044472999870777,2.3660284341798508
pilot6,dispn_0.85_r0,o0_i1,lr,inner,0.020021099597215652,0.007940404117107391,0.0261931084096431,0.006688542664051,0.850367995562508
pilot6,dispn_0.85_r0,o0_i1,rf,inner,0.6949168108403683,0.018607743084430695,0.2508152909576893,0.011445764452219,2.7206653035448807
pilot6,dispn_0.85_r0,o0_i1,xgb,inner,0.6133185550570488,0.007359843701124191,0.2082991637289524,0.003493707627058,2.9305915481680773
pilot6,dispn_0.85_r0,o0_i2,catboost,inner,24.31383740901947,0.03542303293943405,8.765725679695606,0.004702229052782,2.7762910425009975
pilot6,dispn_0.85_r0,o0_i2,ebm,inner,488.18565072119236,0.01105114072561264,176.412821829319,0.0064183436334133,2.767253171384906
pilot6,dispn_0.85_r0,o0_i2,lgbm,inner,0.43765267729759216,0.008076097816228867,0.1837720684707164,0.0044838190078735,2.3676750888575167
pilot6,dispn_0.85_r0,o0_i2,lr,inner,0.02041575312614441,0.007746756076812744,0.0108949430286884,0.0032790675759315,1.9869118197059779
pilot6,dispn_0.85_r0,o0_i2,rf,inner,0.5265240259468555,0.018822282552719116,0.248088352382183,0.0083188451826572,2.126875975709175
pilot6,dispn_0.85_r0,o0_i2,xgb,inner,0.6262280829250813,0.007323164492845535,0.211250752210617,0.0034392662346363,2.9510046717867535
pilot6,dispn_0.85_r0,o0_i3,catboost,inner,23.35807739943266,0.16660038009285927,8.700511306524277,0.0040645077824592,2.702564522542344
pilot6,dispn_0.85_r0,o0_i3,ebm,inner,455.88336074352264,0.007958032190799713,178.79893052577972,0.0063218958675861,2.5496528351452405
pilot6,dispn_0.85_r0,o0_i3,lgbm,inner,0.44035593047738075,0.008859127759933472,0.1858209408819675,0.0044710934162139,2.3606613902366975
pilot6,dispn_0.85_r0,o0_i3,lr,inner,0.020117472857236862,0.008203305304050446,0.0086680874228477,0.0032567642629146,2.3749375596093123
pilot6,dispn_0.85_r0,o0_i3,rf,inner,0.5271401256322861,0.018703874200582504,0.2581574283540249,0.008284106850624,2.048644553161037
pilot6,dispn_0.85_r0,o0_i3,xgb,inner,0.6355927549302578,0.007346533238887787,0.2141624055802822,0.0034334883093833,2.9547399846393945
pilot6,dispn_0.85_r0,o0_i4,catboost,inner,23.28782571479678,0.011965885758399963,8.60289716720581,0.0043379329144954,2.707000718526849
pilot6,dispn_0.85_r0,o0_i4,ebm,inner,439.2265564724803,0.009998243302106857,183.6302887201309,0.0064472146332263,2.3918773794357717
pilot6,dispn_0.85_r0,o0_i4,lgbm,inner,0.44810929521918297,0.008408922702074051,0.1831437908113002,0.0044155828654766,2.4339930816146786
pilot6,dispn_0.85_r0,o0_i4,lr,inner,0.020194891840219498,0.008192498236894608,0.0086267217993736,0.003504604101181,2.3400072102437157
pilot6,dispn_0.85_r0,o0_i4,rf,inner,0.5054949261248112,0.01867849752306938,0.2446167208254337,0.0083665773272514,2.0719684954519084
pilot6,dispn_0.85_r0,o0_i4,xgb,inner,0.6409063264727592,0.00696423277258873,0.2117255069315433,0.0034779347479343,3.0105027790878998
pilot6,raw,0,catboost,outer,16.086090747267008,0.021119508892297745,5.622199006378651,0.0038947127759456,2.8629473770265688
pilot6,raw,0,ebm,outer,400.09110564365983,0.008331749588251114,144.5987675152719,0.0055780485272407,2.766856250642378
pilot6,raw,0,lgbm,outer,0.40343641489744186,0.008134648203849792,0.1826360113918781,0.0047918297350406,2.1958907525514957
pilot6,raw,0,lr,outer,0.04440677538514137,0.007791735231876373,0.0093262121081352,0.0033845491707324,4.106639206874327
pilot6,raw,0,rf,outer,0.5347525402903557,0.018138833343982697,0.2698684111237526,0.0090713575482368,1.982117416482459
pilot6,raw,0,xgb,outer,0.5081236772239208,0.006967354565858841,0.1928943172097206,0.0035371519625186,2.622242932664351
pilot6,raw,o0_i0,catboost,inner,16.831171855330467,0.014156930148601532,5.653872486203909,0.0041898861527442,2.97722571383793
pilot6,raw,o0_i0,ebm,inner,360.214075230062,0.007634300738573074,127.3786269724369,0.0052097849547863,2.827844714842898
pilot6,raw,o0_i0,lgbm,inner,0.2812345437705517,0.007800623774528503,0.1251613311469555,0.004417035728693,2.2305819598919348
pilot6,raw,o0_i0,lr,inner,0.01900673285126686,0.007229939103126526,0.0093532651662826,0.0035935677587985,2.0264934371375647
pilot6,raw,o0_i0,rf,inner,0.4565500169992447,0.018806539475917816,0.2276257649064064,0.0085146576166152,2.0130249255771506
pilot6,raw,o0_i0,xgb,inner,0.42174020782113075,0.007428273558616638,0.159821655601263,0.0034066960215568,2.6292520699556485
pilot6,raw,o0_i1,catboost,inner,17.293746180832386,0.04422315955162048,5.666098967194557,0.0041360668838024,3.0577161680568894
pilot6,raw,o0_i1,ebm,inner,344.47180438041687,0.008111070841550827,121.3782678283751,0.0056104734539985,2.837937955769432
pilot6,raw,o0_i1,lgbm,inner,0.28211332857608795,0.007872108370065689,0.1256746649742126,0.0043766871094703,2.2297764098566195
pilot6,raw,o0_i1,lr,inner,0.01602410525083542,0.006570972502231598,0.0085117816925048,0.0034877620637416,1.8829947381378627
pilot6,raw,o0_i1,rf,inner,0.4745008237659931,0.01675596833229065,0.2304702997207641,0.0083608999848365,2.0569205057958926
pilot6,raw,o0_i1,xgb,inner,0.4246670715510845,0.006729375571012497,0.1593741290271282,0.0032956637442111,2.6519763735637123
pilot6,raw,o0_i2,catboost,inner,15.849511742591858,0.010780192911624908,5.677907936275005,0.0038958974182605,2.7914184297337896
pilot6,raw,o0_i2,ebm,inner,349.62594260647893,0.007875382900238037,126.49804900586604,0.005277644842863,2.7638310173040805
pilot6,raw,o0_i2,lgbm,inner,0.28051089867949486,0.007754538208246231,0.1260714940726757,0.0045073516666889,2.2075967608345914
pilot6,raw,o0_i2,lr,inner,0.015528351068496704,0.00716274231672287,0.0084229744970798,0.003414612263441,1.9168681796610774
pilot6,raw,o0_i2,rf,inner,0.4176613874733448,0.016435656696558,0.2274885326623916,0.0083426684141159,1.8407108227764764
pilot6,raw,o0_i2,xgb,inner,0.431443776935339,0.0071006640791893005,0.1566286198794841,0.0034268796443939,2.739952343525089
pilot6,raw,o0_i3,catboost,inner,16.754807092249393,0.009835220873355865,5.6471941359341145,0.0039148740470409,2.9666110286516405
pilot6,raw,o0_i3,ebm,inner,364.8378655537963,0.007449448108673096,134.5165034905076,0.0055470466613769,2.7121599287627327
pilot6,raw,o0_i3,lgbm,inner,0.2792140133678913,0.007961455732584,0.126476302742958,0.004431590437889,2.193721571118308
pilot6,raw,o0_i3,lr,inner,0.015469692647457123,0.006553877145051956,0.0081122815608978,0.0034104697406291,1.911311735903794
pilot6,raw,o0_i3,rf,inner,0.620454978197813,0.017377831041812897,0.2306166179478168,0.0084587931632995,2.6679147231213047
pilot6,raw,o0_i3,xgb,inner,0.42064322531223297,0.00685960054397583,0.1590708047151565,0.0033736750483512,2.6316857702926084
pilot6,raw,o0_i4,catboost,inner,15.19993706047535,0.030216891318559647,5.571468997746706,0.0052455291152,2.7310262841021067
pilot6,raw,o0_i4,ebm,inner,320.49547503888607,0.006635528057813644,126.1851943396032,0.005524531006813,2.539823161603284
pilot6,raw,o0_i4,lgbm,inner,0.2884589172899723,0.007839228957891464,0.1227437630295753,0.0044251531362533,2.329957313322465
pilot6,raw,o0_i4,lr,inner,0.015772361308336258,0.006545029580593109,0.0083806551992893,0.0036612302064895,1.8533136744698997
pilot6,raw,o0_i4,rf,inner,0.45721448585391045,0.021053072065114975,0.2286106906831264,0.0083716735243797,2.0181567498425563
pilot6,raw,o0_i4,xgb,inner,0.43072445690631866,0.00731934979557991,0.1617582775652408,0.0033298283815383,2.6533941024383343
pilot7,dispn_0.85_r0,0,catboost,outer,26.615645710378885,0.014267265796661377,9.010812781751156,0.005770519375801,2.9534372485470355
pilot7,dispn_0.85_r0,0,ebm,outer,545.5406752303243,0.009478498250246048,194.3104585185647,0.0068037025630474,2.8075228494509834
pilot7,dispn_0.85_r0,0,lgbm,outer,0.7170322015881538,0.009506367146968842,0.270131055265665,0.0048644728958606,2.642001393958566
pilot7,dispn_0.85_r0,0,lr,outer,0.07982808351516724,0.006541945040225983,0.0099046900868415,0.0033449679613113,6.518660952720548
pilot7,dispn_0.85_r0,0,rf,outer,0.618986938148737,0.020630568265914917,0.3446271680295467,0.0086902193725109,1.8103199254295375
pilot7,dispn_0.85_r0,0,xgb,outer,0.8253071382641792,0.008226174861192703,0.257981963455677,0.0034148059785366,3.188766697191908
pilot7,dispn_0.85_r0,o0_i0,catboost,inner,25.80519177764654,0.013862136751413345,8.952064335346222,0.0051026605069637,2.8825022383027084
pilot7,dispn_0.85_r0,o0_i0,ebm,inner,521.9185516126454,0.007499720901250839,189.6762279421091,0.0063649527728557,2.7515759003926465
pilot7,dispn_0.85_r0,o0_i0,lgbm,inner,0.4765017330646515,0.008643575012683868,0.1961258053779602,0.0044506005942821,2.418755614478776
pilot7,dispn_0.85_r0,o0_i0,lr,inner,0.020223848521709442,0.008025195449590683,0.0094869807362556,0.0034572891891002,2.1823590000981565
pilot7,dispn_0.85_r0,o0_i0,rf,inner,0.5755968578159809,0.019669104367494583,0.2480444870889186,0.0083537586033344,2.321646002593774
pilot7,dispn_0.85_r0,o0_i0,xgb,inner,0.6957446783781052,0.00983269140124321,0.3160352818667888,0.0034546889364719,2.2084491979682115
pilot7,dispn_0.85_r0,o0_i1,catboost,inner,25.103180207312107,0.0438401885330677,8.845418073236942,0.0041219927370548,2.841618909951502
pilot7,dispn_0.85_r0,o0_i1,ebm,inner,520.8577740602195,0.009386364370584488,187.98735139518976,0.0066102221608161,2.7706589932116072
pilot7,dispn_0.85_r0,o0_i1,lgbm,inner,0.46087515354156494,0.008427247405052185,0.1936642564833164,0.0043970569968223,2.3694804033180263
pilot7,dispn_0.85_r0,o0_i1,lr,inner,0.01978471875190735,0.009892169386148453,0.0084016993641853,0.003247682005167,2.5475076484431223
pilot7,dispn_0.85_r0,o0_i1,rf,inner,0.5106433145701885,0.020609598606824875,0.2454661130905151,0.0083408504724502,2.0931376575301033
pilot7,dispn_0.85_r0,o0_i1,xgb,inner,0.6995718851685524,0.007806967943906784,0.2221703715622425,0.0033734440803527,3.1363256451837147
pilot7,dispn_0.85_r0,o0_i2,catboost,inner,23.729669339954853,0.033178627490997314,8.965793404728174,0.0040719509124755,2.6491866962643664
pilot7,dispn_0.85_r0,o0_i2,ebm,inner,474.8181102871895,0.008646275848150253,177.28986847028136,0.0064627714455127,2.6781533111119824
pilot7,dispn_0.85_r0,o0_i2,lgbm,inner,0.45262937992811203,0.008515872061252594,0.1886277720332145,0.0044378899037837,2.388541014299306
pilot7,dispn_0.85_r0,o0_i2,lr,inner,0.023656755685806274,0.009158894419670105,0.0084912627935409,0.0035786665976047,2.7187938754264516
pilot7,dispn_0.85_r0,o0_i2,rf,inner,0.5226637423038483,0.01989305019378662,0.256970290094614,0.0113406665623188,2.02211940674252
pilot7,dispn_0.85_r0,o0_i2,xgb,inner,0.7163397260010242,0.007027395069599152,0.2176505215466022,0.0033659227192401,3.2729108617843172
pilot7,dispn_0.85_r0,o0_i3,catboost,inner,23.808480199426413,0.012833137065172195,8.877017982304096,0.0040353238582611,2.682262172659467
pilot7,dispn_0.85_r0,o0_i3,ebm,inner,467.09696382656693,0.007609818130731583,183.61815164983275,0.0064084306359291,2.5438022748155324
pilot7,dispn_0.85_r0,o0_i3,lgbm,inner,0.474312923848629,0.009376510977745056,0.1905903816223144,0.0046163573861122,2.4778316429203517
pilot7,dispn_0.85_r0,o0_i3,lr,inner,0.021371617913246155,0.010210942476987839,0.0083443969488143,0.0031882897019386,2.738525839351766
pilot7,dispn_0.85_r0,o0_i3,rf,inner,0.5170691274106503,0.019624125212430954,0.2520322985947132,0.0084130689501762,2.0606749802550386
pilot7,dispn_0.85_r0,o0_i3,xgb,inner,0.6718840971589088,0.00736260786652565,0.2092200666666031,0.0064251795411109,3.1498338914050064
pilot7,dispn_0.85_r0,o0_i4,catboost,inner,24.274696223437786,0.010952547192573547,8.793632071465254,0.0045812577009201,2.760293239324303
pilot7,dispn_0.85_r0,o0_i4,ebm,inner,429.3437786512077,0.007754698395729065,184.67229152470827,0.0063040293753147,2.3248581247947966
pilot7,dispn_0.85_r0,o0_i4,lgbm,inner,0.45873015746474266,0.008811917155981064,0.1849844306707382,0.0043431892991065,2.469486885723234
pilot7,dispn_0.85_r0,o0_i4,lr,inner,0.022633377462625504,0.008828025311231613,0.0086863376200199,0.0033974945545196,2.603594813253526
pilot7,dispn_0.85_r0,o0_i4,rf,inner,0.5174326971173286,0.020335469394922256,0.2544280216097832,0.0083640106022357,2.046364046830701
pilot7,dispn_0.85_r0,o0_i4,xgb,inner,0.6742907837033272,0.009061988443136215,0.2108260951936245,0.0033501461148262,3.190609602501697
pilot7,raw,0,catboost,outer,16.27291638404131,0.012007921934127808,5.774521637707949,0.0042788311839103,2.8180457853908614
pilot7,raw,0,ebm,outer,396.9416268914938,0.008078556507825851,136.64530901238322,0.0057158768177032,2.9048425049856412
pilot7,raw,0,lgbm,outer,0.40146252512931824,0.011229794472455978,0.1733641624450683,0.0048704445362091,2.315444383060386
pilot7,raw,0,lr,outer,0.020086422562599182,0.008272923529148102,0.009215909987688,0.0035757943987846,2.21701074656929
pilot7,raw,0,rf,outer,0.5818927362561226,0.019280899316072464,0.2812485620379448,0.0119698382914066,2.050258902227621
pilot7,raw,0,xgb,outer,0.5077509246766567,0.007555782794952393,0.1825227476656437,0.0034182965755462,2.771344592446135
pilot7,raw,o0_i0,catboost,inner,17.467572823166847,0.014995742589235306,5.883062206208706,0.0050442926585674,2.9691325333737253
pilot7,raw,o0_i0,ebm,inner,351.382248647511,0.007117122411727905,128.33106036111712,0.0054028555750846,2.73803217700189
pilot7,raw,o0_i0,lgbm,inner,0.28741421923041344,0.008342087268829346,0.1279430575668811,0.0047549195587635,2.2287928791801175
pilot7,raw,o0_i0,lr,inner,0.019173838198184967,0.007772419601678848,0.0123288594186306,0.0045842491090297,1.5932173411998714
pilot7,raw,o0_i0,rf,inner,0.49216222763061523,0.018567822873592377,0.2423787415027618,0.0084641128778457,2.0360558077898028
pilot7,raw,o0_i0,xgb,inner,0.4295939691364765,0.007051527500152588,0.1609167605638504,0.0036566220223903,2.653196341807069
pilot7,raw,o0_i1,catboost,inner,16.97829907014966,0.03289675712585449,5.8977225832641125,0.0043708831071853,2.8822308430392023
pilot7,raw,o0_i1,ebm,inner,336.53123381361365,0.0061527639627456665,124.78175739198925,0.0057287514209747,2.696884094538259
pilot7,raw,o0_i1,lgbm,inner,0.2879212759435177,0.008511234074831009,0.1264485418796539,0.0056706219911575,2.2436753407568184
pilot7,raw,o0_i1,lr,inner,0.01810993254184723,0.007727455347776413,0.0113579407334327,0.0044372007250785,1.6357807214003257
pilot7,raw,o0_i1,rf,inner,0.4988248087465763,0.018343720585107803,0.23551632091403,0.0084304958581924,2.1200052379227143
pilot7,raw,o0_i1,xgb,inner,0.4258604682981968,0.007433280348777771,0.180165346711874,0.0045238807797431,2.346069419054998
pilot7,raw,o0_i2,catboost,inner,15.329057916998863,0.0107341967523098,5.861065004020929,0.0043483227491378,2.615296017373494
pilot7,raw,o0_i2,ebm,inner,314.3933088257909,0.006525319069623947,117.41218323633076,0.0055521242320537,2.6776179354797724
pilot7,raw,o0_i2,lgbm,inner,0.2865789867937565,0.008211325854063034,0.1266246400773525,0.0044344514608383,2.2492931179972144
pilot7,raw,o0_i2,lr,inner,0.01888761669397354,0.008791118860244751,0.0112469419836997,0.0047205314040184,1.7334449153056544
pilot7,raw,o0_i2,rf,inner,0.49252505972981453,0.01849304884672165,0.2394772320985794,0.0084549225866794,2.0611207498489086
pilot7,raw,o0_i2,xgb,inner,0.423121128231287,0.007021162658929825,0.1978294365108013,0.0032516382634639,2.1391485567356208
pilot7,raw,o0_i3,catboost,inner,16.85146925598383,0.011360730975866318,5.826782301068306,0.0037881135940551,2.8921406976844124
pilot7,raw,o0_i3,ebm,inner,354.5557071082294,0.005959276109933853,136.88550939038396,0.005578514188528,2.590100435402385
pilot7,raw,o0_i3,lgbm,inner,0.28381550684571266,0.008144531399011612,0.1268007680773735,0.0044761598110198,2.2240011473526997
pilot7,raw,o0_i3,lr,inner,0.019600845873355865,0.008052077144384384,0.0104152634739875,0.005361583083868,1.752753499651139
pilot7,raw,o0_i3,rf,inner,0.49632422253489494,0.018285639584064484,0.2408173270523548,0.0085583478212356,2.0635928599684688
pilot7,raw,o0_i3,xgb,inner,0.42954159900546074,0.007025759667158127,0.1648406498134136,0.003402292728424,2.5948628339287163
pilot7,raw,o0_i4,catboost,inner,14.776514802128077,0.01082298532128334,5.836819745600224,0.0037586875259876,2.531827618918616
pilot7,raw,o0_i4,ebm,inner,336.9830366484821,0.007438153028488159,134.49916287511587,0.004620037972927,2.505434921627899
pilot7,raw,o0_i4,lgbm,inner,0.4465831518173218,0.008216742426156998,0.1275608167052269,0.0044892244040966,3.4441480701013374
pilot7,raw,o0_i4,lr,inner,0.01920856162905693,0.008252333849668503,0.0108585767447948,0.0042861253023147,1.8132344494665438
pilot7,raw,o0_i4,rf,inner,0.4855669252574444,0.018833056092262268,0.2315947450697422,0.0084111765027046,2.1016147353574834
pilot7,raw,o0_i4,xgb,inner,0.4133543074131012,0.007070917636156082,0.1585458293557167,0.0034578405320644,2.5951586488163083
pilot8,dispn_0.85_r0,0,catboost,outer,15.272039864212275,0.019931290298700333,5.016712948679924,0.0049177072942256,3.0452202087619433
pilot8,dispn_0.85_r0,0,ebm,outer,298.46068305149674,0.012252744287252426,106.6876398138702,0.0061134025454521,2.7974733927521225
pilot8,dispn_0.85_r0,0,lgbm,outer,0.4556504525244236,0.012442734092473984,0.2058689370751381,0.0062154941260814,2.2071077257565617
pilot8,dispn_0.85_r0,0,lr,outer,0.053215570747852325,0.007548939436674118,0.0101407431066036,0.0034302733838558,4.477520915787308
pilot8,dispn_0.85_r0,0,rf,outer,0.9111320674419403,0.021677326411008835,0.4491168409585953,0.0103009678423404,2.0304162702955484
pilot8,dispn_0.85_r0,0,xgb,outer,0.5952588990330696,0.007843095809221268,0.2202084995806217,0.0037337243556976,2.6931142517089155
pilot8,dispn_0.85_r0,o0_i0,catboost,inner,13.523343250155449,0.03541010990738869,5.088953878730536,0.0047576650977134,2.661861246636783
pilot8,dispn_0.85_r0,o0_i0,ebm,inner,315.6074661426246,0.009846728295087814,113.36121691390872,0.0059886761009693,2.7840265730139246
pilot8,dispn_0.85_r0,o0_i0,lgbm,inner,0.4174797609448433,0.009691506624221802,0.1943022944033146,0.0056121721863746,2.1367701640412298
pilot8,dispn_0.85_r0,o0_i0,lr,inner,0.018818959593772888,0.007045667618513107,0.0095478668808937,0.0032762102782726,2.016880192723939
pilot8,dispn_0.85_r0,o0_i0,rf,inner,0.7531352676451206,0.02016345039010048,0.3794955238699913,0.0096012242138385,1.9874201515264682
pilot8,dispn_0.85_r0,o0_i0,xgb,inner,0.49310875684022903,0.007687818259000778,0.1917834319174289,0.003566849976778,2.563582556642735
pilot8,dispn_0.85_r0,o0_i1,catboost,inner,13.273513615131378,0.02844647318124771,5.02547699585557,0.0046816691756248,2.6444414528681937
pilot8,dispn_0.85_r0,o0_i1,ebm,inner,271.10877738520503,0.010177072137594223,96.78955363482235,0.0054593011736869,2.800959948593789
pilot8,dispn_0.85_r0,o0_i1,lgbm,inner,0.41202154010534286,0.010053019970655441,0.1918760724365711,0.0055989697575569,2.1373564749568588
pilot8,dispn_0.85_r0,o0_i1,lr,inner,0.01840844750404358,0.007282853126525879,0.008411232382059,0.003113567829132,2.229218742171536
pilot8,dispn_0.85_r0,o0_i1,rf,inner,0.7379661165177822,0.020628944039344788,0.3711101226508617,0.0092840865254402,1.9942339874199813
pilot8,dispn_0.85_r0,o0_i1,xgb,inner,0.4800631180405617,0.008136384189128876,0.1906227730214595,0.0035957023501396,2.5136614902141323
pilot8,dispn_0.85_r0,o0_i2,catboost,inner,13.651231609284878,0.0318625345826149,5.0781903974711895,0.0047169886529445,2.6919817939671833
pilot8,dispn_0.85_r0,o0_i2,ebm,inner,286.40318202227354,0.010334674268960953,105.73318366333842,0.0059338323771953,2.7086807936348394
pilot8,dispn_0.85_r0,o0_i2,lgbm,inner,0.4157130904495716,0.009011708199977875,0.1913070119917392,0.0097045004367828,2.112937679629559
pilot8,dispn_0.85_r0,o0_i2,lr,inner,0.018846970051527023,0.0074348412454128265,0.0085134282708168,0.0031128451228141,2.260553352490192
pilot8,dispn_0.85_r0,o0_i2,rf,inner,0.7944081611931324,0.020930036902427673,0.3807552494108677,0.0095525979995727,2.0889618374445997
pilot8,dispn_0.85_r0,o0_i2,xgb,inner,0.5070542097091675,0.006987832486629486,0.1951689682900905,0.0035467930138111,2.586820687110259
pilot8,dispn_0.85_r0,o0_i3,catboost,inner,12.910010050982237,0.035390499979257584,5.011712603271008,0.0059775523841381,2.579952159136707
pilot8,dispn_0.85_r0,o0_i3,ebm,inner,307.2310615889728,0.010970458388328552,115.59563224390148,0.0059294626116752,2.65776714009609
pilot8,dispn_0.85_r0,o0_i3,lgbm,inner,0.4106873497366905,0.18314919248223305,0.1880647093057632,0.0055696442723274,3.066793320739111
pilot8,dispn_0.85_r0,o0_i3,lr,inner,0.018300049006938934,0.007224678993225098,0.0082710497081279,0.0031310208141803,2.2386046420450385
pilot8,dispn_0.85_r0,o0_i3,rf,inner,0.8087926059961319,0.02169141173362732,0.3740851730108261,0.0094739906489849,2.1652044753813726
pilot8,dispn_0.85_r0,o0_i3,xgb,inner,0.4774614907801151,0.007258974015712738,0.193249586969614,0.0035488791763782,2.4630296886371297
pilot8,dispn_0.85_r0,o0_i4,catboost,inner,12.845905438065529,0.0358475036919117,5.027296110987663,0.0049810297787189,2.559825816706835
pilot8,dispn_0.85_r0,o0_i4,ebm,inner,281.56528928875923,0.010483779013156891,102.18012976646423,0.0059060305356979,2.7555210540424855
pilot8,dispn_0.85_r0,o0_i4,lgbm,inner,0.42379872873425484,0.009789783507585526,0.1953669190406799,0.0055525712668895,2.1580211634923976
pilot8,dispn_0.85_r0,o0_i4,lr,inner,0.019244320690631866,0.007498260587453842,0.0082630738615989,0.0033168122172355,2.3093993408938216
pilot8,dispn_0.85_r0,o0_i4,rf,inner,0.7940332964062691,0.02069917321205139,0.3614554889500141,0.0095614455640316,2.1959441573346212
pilot8,dispn_0.85_r0,o0_i4,xgb,inner,0.48182396590709686,0.007671531289815903,0.1906981915235519,0.0035146251320838,2.520407796076874
pilot8,raw,0,catboost,outer,5.87517686933279,0.01801348850131035,2.221699796617031,0.0046130754053592,2.6470629676055846
pilot8,raw,0,ebm,outer,116.41010596230626,0.009139399975538254,41.2522413097322,0.0048864036798477,2.8217971491126304
pilot8,raw,0,lgbm,outer,0.21627521887421608,0.011932238936424255,0.0952935442328453,0.0061600245535373,2.2493783170027926
pilot8,raw,0,lr,outer,0.04971972107887268,0.00924694538116455,0.0091305263340473,0.0034970492124557,4.669674415558502
pilot8,raw,0,rf,outer,0.7146305739879608,0.022755134850740433,0.3354502320289612,0.0104459561407566,2.131812185443613
pilot8,raw,0,xgb,outer,0.28534068167209625,0.007672831416130066,0.1085792742669582,0.0036738440394401,2.610292858755487
pilot8,raw,o0_i0,catboost,inner,5.705932181328535,0.032403990626335144,2.1594339199364185,0.0039066188037395,2.652534850244449
pilot8,raw,o0_i0,ebm,inner,118.73949927091599,0.007524382323026657,43.11786423251033,0.0047375597059726,2.7537073070269393
pilot8,raw,o0_i0,lgbm,inner,0.20460852980613708,0.01062874123454094,0.0890498645603656,0.0058868303894996,2.2671662538320088
pilot8,raw,o0_i0,lr,inner,0.01915730908513069,0.008738256990909576,0.0087013505399227,0.0033567026257514,2.313438636632581
pilot8,raw,o0_i0,rf,inner,0.5997621119022369,0.0231303833425045,0.2863406874239445,0.0097865350544452,2.10346245789746
pilot8,raw,o0_i0,xgb,inner,0.2623281963169575,0.007638551294803619,0.1023947596549987,0.003744464367628,2.5435153695320945
pilot8,raw,o0_i1,catboost,inner,5.605609852820635,0.067824836820364,2.163825184106827,0.0047483965754508,2.6162057585595138
pilot8,raw,o0_i1,ebm,inner,115.29407653585076,0.007814064621925354,42.32587711885572,0.0048608891665935,2.7238336968899817
pilot8,raw,o0_i1,lgbm,inner,0.20280305296182632,0.009970050305128098,0.0869228430092334,0.0057004392147064,2.2971881168335466
pilot8,raw,o0_i1,lr,inner,0.01814468950033188,0.009005080908536911,0.007504791021347,0.0031090453267097,2.557960149238562
pilot8,raw,o0_i1,rf,inner,0.5836605913937092,0.021954473108053207,0.2748661190271377,0.0095832198858261,2.129078825832917
pilot8,raw,o0_i1,xgb,inner,0.2558178976178169,0.008295521140098572,0.1046087481081485,0.0033941864967346,2.4454281703006076
pilot8,raw,o0_i2,catboost,inner,5.369741074740887,0.027008458971977234,2.156493078917265,0.0038045793771743,2.4981508973969873
pilot8,raw,o0_i2,ebm,inner,120.63456576690078,0.008121360093355179,42.95881383493543,0.0047900453209877,2.8080206554188654
pilot8,raw,o0_i2,lgbm,inner,0.2078450322151184,0.009778361767530441,0.0907315500080585,0.0054334476590156,2.26302084190827
pilot8,raw,o0_i2,lr,inner,0.016790084540843964,0.00843041017651558,0.0076337829232215,0.0031682588160037,2.334789600541623
pilot8,raw,o0_i2,rf,inner,0.5987517088651657,0.021403394639492035,0.274899385869503,0.0096140429377555,2.1797041570392
pilot8,raw,o0_i2,xgb,inner,0.2570267543196678,0.008654896169900894,0.1021438874304294,0.003453142940998,2.515995474068343
pilot8,raw,o0_i3,catboost,inner,5.370870515704155,0.06831616535782814,2.1597825437784195,0.0043716691434383,2.513308270078616
pilot8,raw,o0_i3,ebm,inner,117.57822368294,0.005324199795722961,41.21390640735626,0.0047799162566661,2.8526757733027437
pilot8,raw,o0_i3,lgbm,inner,0.20410115644335747,0.011461108922958374,0.0869257785379886,0.0056642033159732,2.328138110085311
pilot8,raw,o0_i3,lr,inner,0.018344063311815262,0.008156023919582367,0.0073363445699214,0.0031155981123447,2.535422173368837
pilot8,raw,o0_i3,rf,inner,0.6295336075127125,0.022977959364652634,0.2868039384484291,0.0096077881753444,2.20136893472362
pilot8,raw,o0_i3,xgb,inner,0.26281728968024254,0.0092044398188591,0.1026986762881279,0.0034452080726623,2.562764036168881
pilot8,raw,o0_i4,catboost,inner,5.206128466874361,0.023901548236608505,2.130962397903204,0.0038257576525211,2.449905861384871
pilot8,raw,o0_i4,ebm,inner,109.17300495877862,0.007628165185451508,39.961721785366535,0.0088697597384452,2.731524075663447
pilot8,raw,o0_i4,lgbm,inner,0.20196981355547905,0.01013442873954773,0.0877249352633953,0.0056413151323795,2.2717442480117565
pilot8,raw,o0_i4,lr,inner,0.020835883915424347,0.007473435252904892,0.0072726979851722,0.0032958723604679,2.6786327991853516
pilot8,raw,o0_i4,rf,inner,0.6358938477933407,0.02269677445292473,0.2805521674454212,0.0096604004502296,2.2693387368498428
pilot8,raw,o0_i4,xgb,inner,0.2556969225406647,0.007200174033641815,0.1029764860868454,0.0035589784383773,2.467695595508147
pilot9,dispn_0.85_r0,0,catboost,outer,13.516172397881746,0.04385252669453621,5.05186777934432,0.0050054304301738,2.6815038388476773
pilot9,dispn_0.85_r0,0,ebm,outer,359.8996220231056,0.012075696140527725,130.53805354982617,0.0061642043292522,2.7570098768912312
pilot9,dispn_0.85_r0,0,lgbm,outer,0.50815150141716,0.012368403375148773,0.20754299685359,0.0065287463366985,2.431520839859833
pilot9,dispn_0.85_r0,0,lr,outer,0.023772135376930237,0.007813021540641785,0.010131936520338,0.0033275596797466,2.346681959564987
pilot9,dispn_0.85_r0,0,rf,outer,0.9895885773003101,0.024485860019922256,0.4676028676331043,0.0104642808437347,2.121196657313008
pilot9,dispn_0.85_r0,0,xgb,outer,0.674259964376688,0.00806395709514618,0.2270322330296039,0.0037345997989177,2.9567677170438786
pilot9,dispn_0.85_r0,o0_i0,catboost,inner,12.780106827616692,0.03544481471180916,4.951692849397659,0.004724558442831,2.585648178471763
pilot9,dispn_0.85_r0,o0_i0,ebm,inner,322.8291253224015,0.01027660071849823,117.06194002181292,0.005934040993452,2.7577113235174853
pilot9,dispn_0.85_r0,o0_i0,lgbm,inner,0.4574025683104992,0.011448778212070465,0.2000989690423011,0.0058316588401794,2.276744121763818
pilot9,dispn_0.85_r0,o0_i0,lr,inner,0.019926849752664566,0.007417336106300354,0.0095594339072704,0.0034476481378078,2.102253661828157
pilot9,dispn_0.85_r0,o0_i0,rf,inner,0.7936275489628315,0.02091820165514946,0.4021928310394287,0.0097327381372451,1.9774100263939294
pilot9,dispn_0.85_r0,o0_i0,xgb,inner,0.5262144990265369,0.007143951952457428,0.2090215496718883,0.0036261416971683,2.508178892256744
pilot9,dispn_0.85_r0,o0_i1,catboost,inner,13.21380540728569,0.047614213079214096,5.021039839833975,0.0043716318905353,2.63887239780868
pilot9,dispn_0.85_r0,o0_i1,ebm,inner,320.5609301403165,0.010667223483324051,117.43840555474162,0.0059502981603145,2.7295615445778685
pilot9,dispn_0.85_r0,o0_i1,lgbm,inner,0.45413763448596,0.011326465755701065,0.193596038967371,0.0058331079781055,2.333982305850799
pilot9,dispn_0.85_r0,o0_i1,lr,inner,0.019292514771223068,0.009770262986421585,0.008517563343048,0.0032268799841403,2.4745981523334133
pilot9,dispn_0.85_r0,o0_i1,rf,inner,0.9857238121330738,0.02331368997693062,0.3867363631725311,0.0096978992223739,2.545283286097152
pilot9,dispn_0.85_r0,o0_i1,xgb,inner,0.5380389615893364,0.007195651531219482,0.205944262444973,0.0035986416041851,2.602018978378984
pilot9,dispn_0.85_r0,o0_i2,catboost,inner,12.746040180325508,0.04788260906934738,5.071952540427446,0.0053240694105625,2.51983962516532
pilot9,dispn_0.85_r0,o0_i2,ebm,inner,333.37638321891427,0.011407274752855301,119.36604538559914,0.0059577412903308,2.792847416150705
pilot9,dispn_0.85_r0,o0_i2,lgbm,inner,0.4524366483092308,0.012236475944519043,0.1983812227845192,0.0058087930083274,2.275689741486512
pilot9,dispn_0.85_r0,o0_i2,lr,inner,0.019590549170970917,0.008171439170837402,0.0085708498954772,0.0031526535749435,2.3680624492374616
pilot9,dispn_0.85_r0,o0_i2,rf,inner,0.8593764714896679,0.0205640010535717,0.3818390294909477,0.0097056962549686,2.247356214202349
pilot9,dispn_0.85_r0,o0_i2,xgb,inner,0.5392209887504578,0.0074058398604393005,0.2091160863637924,0.0035955123603343,2.569802643060555
pilot9,dispn_0.85_r0,o0_i3,catboost,inner,13.237794302403927,0.027931537479162216,4.927535019814968,0.0047433264553546,2.689573642962452
pilot9,dispn_0.85_r0,o0_i3,ebm,inner,375.56283263489604,0.009519215673208237,137.79385852441192,0.005941167473793,2.725492727060072
pilot9,dispn_0.85_r0,o0_i3,lgbm,inner,0.4508516900241375,0.010118301957845688,0.1964634023606777,0.0057758428156375,2.2793300656363837
pilot9,dispn_0.85_r0,o0_i3,lr,inner,0.019843898713588715,0.00807112455368042,0.0085867047309875,0.0032322593033313,2.3618841030577724
pilot9,dispn_0.85_r0,o0_i3,rf,inner,0.7924925610423088,0.020741846412420273,0.3725972399115562,0.0096713826060295,2.127389902155303
pilot9,dispn_0.85_r0,o0_i3,xgb,inner,0.5464555695652962,0.007335726171731949,0.2063855566084385,0.0036055147647857,2.6372135353924464
pilot9,dispn_0.85_r0,o0_i4,catboost,inner,13.373664483428001,0.00795099139213562,4.996207747608423,0.0046297684311866,2.6758748773380754
pilot9,dispn_0.85_r0,o0_i4,ebm,inner,319.87312933057547,0.009131316095590591,121.07601686567068,0.0059526413679122,2.6418653574021693
pilot9,dispn_0.85_r0,o0_i4,lgbm,inner,0.4466276913881302,0.01085631176829338,0.1999369412660598,0.0058652460575103,2.2229307137399354
pilot9,dispn_0.85_r0,o0_i4,lr,inner,0.020241525024175644,0.008450541645288467,0.0084904842078685,0.0034690462052822,2.3990964258859457
pilot9,dispn_0.85_r0,o0_i4,rf,inner,0.8200417645275593,0.021083861589431763,0.3842505253851414,0.0097438246011734,2.134867228797081
pilot9,dispn_0.85_r0,o0_i4,xgb,inner,0.5470002926886082,0.00764208659529686,0.2090085819363594,0.0034727044403553,2.6103116596374623
pilot9,raw,0,catboost,outer,5.971036542207003,0.06398241221904755,2.1701875142753124,0.0048031844198703,2.774733224397957
pilot9,raw,0,ebm,outer,240.57354518398643,0.00949912890791893,84.81792725250125,0.0045860521495342,2.8363111978161966
pilot9,raw,0,lgbm,outer,0.206630427390337,0.010832507163286209,0.0924269780516624,0.006279494613409,2.2031274006874257
pilot9,raw,0,lr,outer,0.05288688838481903,0.008607037365436554,0.0089386701583862,0.0033961534500122,4.985391579364481
pilot9,raw,0,rf,outer,0.7152456045150757,0.02331656590104103,0.3247186690568924,0.0109591484069824,2.2002114289115924
pilot9,raw,0,xgb,outer,0.23837943002581596,0.007335066795349121,0.1075765304267406,0.0035473331809043,2.211176689182906
pilot9,raw,o0_i0,catboost,inner,5.559935785830021,0.09157541394233704,2.1772717759013176,0.0039887577295303,2.590938181219946
pilot9,raw,o0_i0,ebm,inner,248.28820981830359,0.008363503962755203,89.11677886173129,0.0046568065881729,2.786047727578628
pilot9,raw,o0_i0,lgbm,inner,0.19199275225400925,0.009882919490337372,0.0917503461241722,0.0059719011187553,2.0658107794277836
pilot9,raw,o0_i0,lr,inner,0.019744496792554855,0.009760282933712006,0.0085149407386779,0.0033175386488437,2.493541612029535
pilot9,raw,o0_i0,rf,inner,0.5796456187963486,0.021573971956968307,0.2754171341657638,0.009712565690279,2.108582834607768
pilot9,raw,o0_i0,xgb,inner,0.27619142085313797,0.008490506559610367,0.096506904810667,0.0037057287991046,2.840778823569301
pilot9,raw,o0_i1,catboost,inner,5.257581155747175,0.05995026230812073,2.1628385856747627,0.0043442361056804,2.453660745468023
pilot9,raw,o0_i1,ebm,inner,207.80387031286955,0.007796227931976318,75.84359033405781,0.0037164725363254,2.739868761203456
pilot9,raw,o0_i1,lgbm,inner,0.19125964120030403,0.010046008974313736,0.0914069078862667,0.0057082884013652,2.0728542789369313
pilot9,raw,o0_i1,lr,inner,0.02005166932940483,0.008156225085258484,0.0076651461422443,0.0031284838914871,2.613383479562504
pilot9,raw,o0_i1,rf,inner,0.5996294282376766,0.0215827114880085,0.2789513170719147,0.0096428245306015,2.1525459119724175
pilot9,raw,o0_i1,xgb,inner,0.20478977262973785,0.00687403604388237,0.0961517393589019,0.0034656077623367,2.1247685748549023
pilot9,raw,o0_i2,catboost,inner,5.25204586237669,0.10580522939562798,2.226142540574074,0.0056163817644119,2.400730221415781
pilot9,raw,o0_i2,ebm,inner,209.06382070854306,0.00778612494468689,75.58217169716954,0.0049254707992076,2.765969519492081
pilot9,raw,o0_i2,lgbm,inner,0.192265372723341,0.009957324713468552,0.0869547389447689,0.0056597888469696,2.183487863713412
pilot9,raw,o0_i2,lr,inner,0.018106020987033844,0.007586933672428131,0.0075970590114593,0.0030975304543972,2.4024255200715454
pilot9,raw,o0_i2,rf,inner,0.60429972037673,0.02202509716153145,0.2783943936228752,0.0096303932368755,2.174551795930122
pilot9,raw,o0_i2,xgb,inner,0.2829365245997906,0.008395183831453323,0.0993193201720714,0.0034212246537208,2.8356060299780244
pilot9,raw,o0_i3,catboost,inner,5.025992911309004,0.09180362150073051,2.1756973899900918,0.003913726657629,2.348031946488231
pilot9,raw,o0_i3,ebm,inner,195.22506093978882,0.008712965995073318,75.62641967087984,0.0047908127307891,2.5813916325997623
pilot9,raw,o0_i3,lgbm,inner,0.19243906810879707,0.009979113936424255,0.0916149392724037,0.0057959929108619,2.077982188532994
pilot9,raw,o0_i3,lr,inner,0.020757857710123062,0.008746225386857986,0.0072789676487445,0.0030747279524803,2.849618554894625
pilot9,raw,o0_i3,rf,inner,0.6032603867352009,0.02334688976407051,0.2763791047036648,0.0096474401652812,2.190731202190956
pilot9,raw,o0_i3,xgb,inner,0.2628803811967373,0.007478345185518265,0.0991464108228683,0.003554530441761,2.6324853799112002
pilot9,raw,o0_i4,catboost,inner,5.160640023648739,0.03318607062101364,2.3352249301970005,0.0060948617756366,2.218332631055832
pilot9,raw,o0_i4,ebm,inner,221.92986203730106,0.0078000277280807495,80.29755587875843,0.0048005171120166,2.763775211911992
pilot9,raw,o0_i4,lgbm,inner,0.20057519897818565,0.009895145893096924,0.088373377919197,0.0056733600795269,2.2379334929632373
pilot9,raw,o0_i4,lr,inner,0.020250435918569565,0.00817086175084114,0.0072919391095638,0.0032514445483684,2.6956524197076193
pilot9,raw,o0_i4,rf,inner,0.6028055809438229,0.022207990288734436,0.2778289914131164,0.0096665322780609,2.173994096353083
pilot9,raw,o0_i4,xgb,inner,0.24980947002768517,0.008839312940835953,0.1000496335327625,0.0035128258168697,2.497514877425897
