openml_id,name,family,tertile_dn,p_used,n,log_neff_dn,log_neff_raw,log_neff_dn_top1_removed,lift_share_top1,log_neff_dn_rand1_removed_mean,lift_share_rand1_mean,log_neff_dn_top3_removed,lift_share_top3,log_neff_dn_rand3_removed_mean,lift_share_rand3_mean,log_neff_dn_inj_conc_0.65,log_neff_dn_inj_disp_0.65,log_neff_dn_inj_dispn_0.65,disp_column_below_threshold_0.65,log_neff_dn_inj_conc_0.75,log_neff_dn_inj_disp_0.75,log_neff_dn_inj_dispn_0.75,disp_column_below_threshold_0.75,log_neff_dn_inj_conc_0.85,log_neff_dn_inj_disp_0.85,log_neff_dn_inj_dispn_0.85,disp_column_below_threshold_0.85,log_neff_dn_inj_conc_0.95,log_neff_dn_inj_disp_0.95,log_neff_dn_inj_dispn_0.95,disp_column_below_threshold_0.95
31,credit-g,credit-g,T2,20,1000,1.5910415402765,2.2194355901691774,1.5975078879225004,0.2099274003944321,1.5002088420559627,0.07232401987661796,1.6106599983311336,0.46750241855151015,1.4967970955625343,0.07634297787563622,1.7583635523799137,2.181607751961439,2.1816077519614385,False,1.5816514341771384,2.532453316480331,2.5324533164803307,False,1.3751023481630926,2.542874943521609,2.542874943521609,False,1.1986801047174036,2.451627917316325,2.4516279173163253,False
37,diabetes,diabetes,T2,8,768,1.5660100168247284,1.7597859764779356,1.4950154894904932,0.27534355066569627,1.3963002539068043,0.1333740028825435,1.1822628325818474,0.6333105013057064,1.1682218665232362,0.2596793527120169,1.7425308702301798,1.891985414014322,1.891985414014322,False,1.7415573081913143,2.3153792514830855,2.3153792514830855,False,1.6636542431537802,2.5078363396620977,2.5078363396620977,False,1.5566296348344562,2.544378879520301,2.544378879520301,False
1050,pc3,pc3,T3,37,1563,3.422613870819363,3.474821078187788,3.398601770425902,0.044818992529850436,3.395652050448445,0.026574303066475756,3.341418269195174,0.1263629927584313,3.3323933472441483,0.07547606726626813,3.4497984103892256,3.4620545631843282,3.4620545631843282,False,3.454035524026613,3.5497043027724944,3.5497043027724944,False,3.440584810435056,3.6177239421989023,3.617723942198903,False,3.4118208074585663,3.6544888380368703,3.6544888380368703,False
1063,kc2,kc2,T3,21,522,2.9875988970630654,3.004639203075875,2.9365423663222563,0.05450465670348713,2.935976600767558,0.050400173272687906,2.8256383056775123,0.16186614684860298,2.8360589322656744,0.13793510937838424,3.0170966007966773,2.99535908305935,2.99535908305935,False,3.0332859739358318,3.100117486244411,3.10011748624441,False,3.036384673527307,3.1967380685720634,3.1967380685720634,False,3.0275870133205287,3.2888367345312197,3.2888367345312197,False
1067,kc1,kc1,T3,21,2109,2.944743392961177,2.957322594440606,2.891551003696264,0.05788018377617301,2.891650621454378,0.05417488611115393,2.7758544792705,0.17244321968674464,2.783652868997057,0.14614204673712897,2.9839135621457804,3.027751203811733,3.027751203811733,False,2.9957369411044654,3.131718076520302,3.1317180765203005,False,2.990735615244483,3.219147544487805,3.2191475444878046,False,2.9710955001015287,3.286271693053945,3.286271693053944,False
1068,pc1,pc1,T3,21,1109,2.878560268141225,2.9645488639954105,2.834607205864844,0.07075539487376609,2.824726106829423,0.04725949243254568,2.7408276545663632,0.20545452341746617,2.7202856270913656,0.1353138056477571,2.9279124803944647,2.8785602681412255,2.8785602681412255,True,2.925420160800229,3.078847471517416,3.078847471517416,False,2.877812934233408,3.2129603096867894,3.2129603096867894,False,2.7994907864647764,3.2435268762672513,3.243526876267251,False
1480,ilpd,ilpd,T3,10,583,1.942188424636843,2.091497749103558,1.7956366954507266,0.15128206543030714,1.8090510198165277,0.10590572253091361,1.4267176444244472,0.4429374665482175,1.6809900866241942,0.21880252274721212,2.072853044712194,2.1160108975349576,2.1160108975349576,False,2.0417582150087643,2.5249071826784832,2.5249071826784832,False,1.9337002328683992,2.690105275324303,2.690105275324303,False,1.799886573683075,2.6827265010724837,2.6827265010724837,False
1489,phoneme,phoneme,T2,5,5404,1.4069089667088432,1.441051280050193,1.140684919226525,0.2790544501484356,1.2255792347436583,0.1527962074485608,,,,,1.6211920871150258,2.0797041832439995,2.079704183243999,False,1.5999314092284747,2.3674663732455823,2.3674663732455823,False,1.511796415350661,2.4784258694139374,2.4784258694139383,False,1.4032186459048035,2.481032575231374,2.481032575231374,False
6332,cylinder-bands,cylinder-bands,T3,37,540,2.335845032016771,2.9386096152476933,2.2698518993143457,0.0799861735222951,2.3358362990731,0.018596612512962313,2.1616459301987327,0.23129392787187458,2.2244057567493654,0.09630948265929251,2.2308336046723993,2.720392848001931,2.720392848001931,False,1.803761583011036,2.877983342229173,2.877983342229173,False,1.4762534434323413,2.693649179197124,2.6936491791971235,False,1.2422236518371217,2.5015434243950567,2.5015434243950563,False
23381,dresses-sales,dresses-sales,T1,10,500,0.6267014647434366,1.7488027450156385,0.0,0.26344609394013113,0.37602087884606195,0.12426381114626453,,0.633791676807009,0.6267014647434366,0.18275127768313465,0.6066049288650315,2.1636382009189177,2.1636382009189177,False,0.3645824309780983,2.2363597431535704,2.2363597431535704,False,0.2591775395431527,2.1744905190581463,2.1744905190581467,False,0.20084152142708184,2.1371662071985362,2.1371662071985362,False
13,breast-cancer,breast-cancer,T2,9,286,1.38134552149971,1.7918258175891115,1.3193097810367458,0.2579240753550067,1.2514211443244085,0.10740122879114615,0.6274750585507022,0.5940513488220696,1.1751412806126358,0.21857834560768188,1.60376838370546,1.38134552149971,1.38134552149971,True,1.4381352657186104,2.2910671107685183,2.2910671107685188,False,1.2205545205475317,2.4831911923149677,2.4831911923149677,False,1.0414367063119514,2.408743670315357,2.408743670315357,False
40,sonar,sonar,T3,60,208,3.289354080662104,3.6952770492045888,3.2811156448422794,0.04447718107822571,3.283754135501617,0.005877713792539025,3.237250469778884,0.12100650268589205,3.229329826153409,0.05221641890987013,3.323268545377757,3.289354080662104,3.289354080662104,True,3.3145338561267583,3.4116349515575335,3.4116349515575335,False,3.2620842965450887,3.5270941299842344,3.5270941299842344,False,3.1789928102451968,3.5342944387523527,3.5342944387523527,False
333,monks-problems-1,monks,T1,6,556,0.0,0.3060897077292636,,0.8497409326424867,0.0,0.037367964597834175,,1.0,0.0,0.0,0.6030345275127212,0.8232644972554107,0.8232644972554108,False,0.6931025871063119,1.8191431572861383,1.819143157286139,False,0.6543245652176061,2.1182117024349374,2.118211702434937,False,0.5904463234602346,2.194954777092508,2.1949547770925086,False
336,SPECT,SPECT,T3,22,267,2.520605480345489,2.987180547179164,2.5725764644192153,0.09007839587354183,2.4541068308387053,0.05437838391774412,2.499111659155442,0.22125057644024665,2.3543924966534595,0.12933781960409232,2.5978528204239897,2.5206054803454885,2.5206054803454885,True,2.497212248127044,2.8142094178210075,2.8142094178210075,False,2.299826730275623,3.016515746979779,3.0165157469797794,False,2.090580131963521,2.9072712954739446,2.9072712954739446,False
466,schizo,schizo,T2,13,340,1.4823676109962478,2.2440796087095167,1.2948651670430917,0.1521637843615533,1.3850547181578452,0.05691890262285202,1.2918409399644752,0.42442513772028384,1.3524047740623768,0.1756844903664319,1.4022746623590832,1.7387201644644448,1.7387201644644452,False,0.9730344955515305,2.502438853855767,2.5024388538557676,False,0.7313090430866478,2.3692722041716126,2.369272204171612,False,0.5837951727565918,2.2611026525389377,2.2611026525389377,False
470,profb,profb,T1,7,672,0.3558135386533511,0.9943904090067948,0.0,0.5454323698011954,0.35581353865335114,0.011774955133901354,,0.8957886850312754,0.35581353865335114,0.07430174411513614,0.8842887446954023,1.4676708156812974,1.467670815681297,False,0.7565233783201775,2.1782466227799246,2.1782466227799246,False,0.619281102141749,2.243454219930791,2.243454219930791,False,0.5165426441438461,2.214906646608356,2.214906646608356,False
715,fri_c3_1000_25,fri_c,T1,25,1000,1.0348651009362368,1.748197567194726,0.7969310400904779,0.31233360432427054,0.9486269515629416,0.05307285105221027,0.0,0.6712114536077997,1.0348651009362368,0.03136709756294327,1.3382219893993936,1.7966441596714222,1.7966441596714222,False,1.2686882235529207,2.269170115502131,2.269170115502131,False,1.1334296432135782,2.378027052755141,2.378027052755141,False,1.0028248073445927,2.356253480576363,2.356253480576363,False
723,fri_c4_1000_25,fri_c,T1,25,1000,0.7739107767313406,2.0708410078116577,1.0167144172121811,0.2910288610392029,0.7107976266094783,0.04353886572839921,0.8938671827335873,0.499152090546452,0.7711637048452402,0.06193271966957228,1.151262420919128,1.7973884334914423,1.797388433491442,False,1.033461761011976,2.258145842603054,2.258145842603054,False,0.8828913794030125,2.319097650198674,2.319097650198674,False,0.7576981397491046,2.2836004075340353,2.2836004075340344,False
730,fri_c1_250_5,fri_c,T1,5,250,1.2137102327031724,1.4836203312364564,0.8711698599067567,0.2699857607811228,0.8632456528635688,0.25478030919446704,,,,,1.4725142415609571,1.2137102327031724,1.2137102327031724,True,1.374266362272365,2.1643028843619696,2.164302884361969,False,1.1947691026158902,2.4242002684917714,2.4242002684917714,False,1.0338633928752425,2.3921444620212946,2.3921444620212946,False
740,fri_c3_1000_10,fri_c,T1,10,1000,0.9567903396558172,1.312603002104574,0.6927765321581867,0.4041858529098052,0.8802753088416633,0.05306763096507887,,0.8503776546389518,0.9567903396558173,0.07384167121933442,1.281814553440658,1.8062173832981747,1.806217383298175,False,1.1892303974704934,2.2744222162860326,2.2744222162860326,False,1.04317323871297,2.3607701244560135,2.3607701244560135,False,0.9112881475291575,2.3297570577548306,2.32975705775483,False
743,fri_c1_1000_5,fri_c,T2,5,1000,1.3412881150085243,1.4644417846632771,1.0889655104492608,0.29757241432333204,1.1077057099500272,0.18551982624406563,,,,,1.5658734485462207,2.0525022375318493,2.0525022375318493,False,1.423194060374718,2.427191465708289,2.4271914657082894,False,1.242177583094147,2.4658040045927656,2.4658040045927656,False,1.084399100674219,2.4003848683143096,2.4003848683143096,False
744,fri_c3_250_5,fri_c,T1,5,250,1.1501548511784176,1.4150525052221636,0.8433892443560149,0.3200929856478673,1.0028180440800862,0.13837679401657574,,,,,1.4160808654409618,1.1501548511784176,1.1501548511784176,True,1.3662755258769075,2.06837958238233,2.06837958238233,False,1.215690081110788,2.388813122539497,2.388813122539497,False,1.0673447451585936,2.3927329577873677,2.392732957787368,False
746,fri_c1_250_25,fri_c,T2,25,250,1.5508413553699345,2.5097525936703087,1.4124337746547935,0.13430248066150977,1.4645598065655863,0.06495732195252064,1.007317068819672,0.3571619098426248,1.4867945546307246,0.08570285409442513,1.6683797380341139,1.5508413553699345,1.5508413553699345,True,1.314102041571037,2.5088228581815386,2.5088228581815386,False,1.03987907070398,2.4895417731480354,2.4895417731480354,False,0.8529367326947671,2.35676025899828,2.3567602589982797,False
749,fri_c3_500_5,fri_c,T1,5,500,0.6218763137125732,1.0548109789240654,0.3987934347001807,0.49453938719789675,0.3268133496145466,0.20700778642936585,,,,,1.043710191431139,1.437887955638011,1.4378879556380104,False,0.881781665714837,2.2273360303940244,2.2273360303940244,False,0.719742785085346,2.2868413222930513,2.2868413222930517,False,0.5997619447781685,2.2441780832916565,2.244178083291657,False
751,fri_c4_1000_10,fri_c,T1,10,1000,0.9980337101675802,1.2631088171549003,0.6930130549588965,0.40048519963387874,0.9980337101675802,0.0,,0.8856004123308246,0.9980337101675802,0.03621757560138975,1.3115795188260253,1.8316124038538237,1.8316124038538235,False,1.2134496782654582,2.2899259847377467,2.2899259847377462,False,1.0635937434720595,2.371328902327688,2.3713289023276882,False,0.9289368215196661,2.3367989128623496,2.3367989128623496,False
752,puma32H,puma32H,T1,32,8192,0.0493472105718084,1.0924565964016726,0.7163741085324101,0.5681663280539119,0.04295217794226548,0.014607719168920572,0.0,0.6502567764700105,0.049347210571808485,0.021681098397344094,0.7154575819769746,1.8697205724349228,1.8697205724349228,False,0.6724848179762404,2.1435139503424425,2.1435139503424425,False,0.5850947108509329,2.200048485981099,2.200048485981099,False,0.5070309226105246,2.195489270956207,2.195489270956207,False
766,fri_c1_500_50,fri_c,T2,50,500,1.633566268594787,2.98968022140482,1.433762013361519,0.09731280828482602,1.6032753093830112,0.023408607429226007,1.1017852465088966,0.28891694134698553,1.6230873731859936,0.04525679687682633,1.788341777281996,2.033557750950825,2.033557750950825,False,1.5779374603246572,2.5418596650319367,2.541859665031937,False,1.3483041354895822,2.5543566741989396,2.554356674198939,False,1.1608721394509707,2.448279230597231,2.448279230597231,False
769,fri_c1_250_50,fri_c,T2,50,250,1.5891621275375434,2.932700162559839,1.3852488460197327,0.10161474473984673,1.499145648765724,0.052204643070733435,0.8719022213121275,0.28862429547472773,1.5753447323941754,0.03022526685876874,1.774222159586242,1.5891621275375434,1.5891621275375434,True,1.6812804572694,2.3125477850389435,2.3125477850389435,False,1.499395242725477,2.5515705202511674,2.5515705202511674,False,1.3237817468494444,2.507271558661647,2.507271558661647,False
770,strikes,strikes,T1,6,625,0.6960938125346097,0.9975131844711372,0.4323798513335017,0.5235722939382544,0.6960938125346097,0.046058403308685256,,0.9232359944855246,0.6960938125346097,0.07676400551447543,1.069188938284421,1.3070186166069486,1.3070186166069495,False,1.0883051140798607,2.020116815604191,2.020116815604191,False,1.007826225681179,2.257160847531483,2.2571608475314835,False,0.9094567239299568,2.302361039186976,2.302361039186976,False
779,fri_c1_500_25,fri_c,T1,25,500,0.9227003625485296,1.7073919247262477,0.7098478587508742,0.3272618094475581,0.9227003625485295,0.012727829322281387,0.0,0.6726322234257993,0.9227003625485295,0.02586304337587724,1.2492884281615595,1.3890602586783318,1.389060258678332,False,1.2099862218477297,2.141257522002553,2.141257522002553,False,1.0851217099267507,2.3370650744113717,2.3370650744113717,False,0.9593422226471101,2.3399005645289788,2.3399005645289788,False
792,fri_c2_500_5,fri_c,T1,5,500,1.284341476995862,1.4399633696652352,1.0453281549987798,0.31877991133896977,1.1375007278393485,0.1380642733675905,,,,,1.520274894715241,1.5967957717207772,1.5967957717207772,False,1.4917752872564058,2.2230260523316203,2.223026052331621,False,1.3745479637058016,2.4297942655682694,2.4297942655682694,False,1.2432877957379214,2.4389152198938753,2.4389152198938757,False
793,fri_c3_250_10,fri_c,T1,10,250,1.1504746503581056,1.48563001586177,1.053052961610405,0.3287995269071554,0.9200315450879323,0.1577764636309876,0.0,0.7356002365464219,1.008853860981299,0.16954464813719716,1.4233024063893127,1.1504746503581056,1.1504746503581056,True,1.251555944459302,2.2297780662182305,2.2297780662182305,False,1.043282056745065,2.4121942092073896,2.4121942092073896,False,0.8794979249276151,2.3477016096593357,2.347701609659336,False
794,fri_c2_250_25,fri_c,T2,25,250,1.34762891533351,2.056021774940131,1.075951016725715,0.19746996338104894,1.1742014292940102,0.09848984656356866,0.20678592307101099,0.5378446266985443,1.3450513263555628,0.039627152498259856,1.5650344639781293,1.3476289153335101,1.3476289153335101,True,1.540674066839149,2.1038975142923957,2.1038975142923957,False,1.41035465359706,2.4334283363946754,2.433428336394675,False,1.265967670311245,2.4591648258837244,2.459164825883725,False
797,fri_c4_1000_50,fri_c,T1,50,1000,1.237324406834161,2.7709880730393897,0.9757015332292698,0.15124540175203785,1.170257231604877,0.030310360459636664,1.050419617726435,0.3765393939719725,1.2320572110358228,0.041817761555869734,1.4896929016012126,1.9640935534399118,1.9640935534399115,False,1.3725218078712977,2.3742692749935124,2.3742692749935124,False,1.2069436969031384,2.4370870619041165,2.437087061904117,False,1.0581437765086668,2.386153160964147,2.386153160964147,False
798,cholesterol,heart-c,T2,13,303,1.3636551891332185,2.211294022612521,1.1781442751114188,0.1561189064082164,1.3126141626313315,0.05601041515984374,1.094737085178386,0.414255750036164,1.2036082933173866,0.21328656155070158,1.2485291066151711,1.3636551891332183,1.3636551891332183,True,0.821843930941495,2.4570350356528503,2.45703503565285,False,0.603503037475128,2.322674168864982,2.3226741688649817,False,0.47560395595613625,2.2269487056278034,2.2269487056278034,False
805,fri_c4_500_50,fri_c,T1,50,500,0.9006510795053878,2.6768959701628776,1.7319453256890118,0.18852598386249103,0.8521891651170975,0.028678084520975644,1.7407345730560932,0.3181129625622157,0.8645671610994891,0.04920858193959256,1.2407961722612766,1.4934121805220448,1.4934121805220448,False,1.1155438439688539,2.244087428772675,2.2440874287726755,False,0.9491421843065121,2.3476687996510957,2.347668799651095,False,0.8113915520561347,2.3073685885901503,2.3073685885901507,False
806,fri_c3_1000_50,fri_c,T2,50,1000,1.3588106395969892,2.6883002922589823,1.191281766866056,0.16180936417320071,1.3588106395969892,0.010386012652013518,1.6603914138632003,0.3922089125159553,1.3345804085725632,0.042062684976084584,1.586047113218614,2.008829468738976,2.008829468738976,False,1.4791372185168836,2.4059265641880967,2.4059265641880967,False,1.3166222547106308,2.4756061797715443,2.475606179771544,False,1.1648296297867975,2.4240523048126685,2.4240523048126685,False
807,kin8nm,kin8nm,T2,8,8192,1.384726440984123,1.512443770513553,1.621707205065208,0.3927797308725066,1.2769631937081012,0.06891479009741017,1.3906325643317945,0.6725737187311108,1.0598728715719645,0.19645576876133347,1.6080661115275363,2.1670771505730584,2.1670771505730584,False,1.5537261605282207,2.413396308626341,2.413396308626341,False,1.4387117574468227,2.4829646160449133,2.4829646160449133,False,1.3140825403500203,2.4573934344050703,2.4573934344050703,False
810,pbc,pbc,T3,16,418,1.96600297857004,2.332242007810538,1.885667671215758,0.1589382699447919,1.9453057232470001,0.030242721710482083,1.7720805297174553,0.4262608604705022,1.842881574845925,0.1184398275771906,2.0925841836871544,2.087535706088837,2.087535706088837,False,2.066218825874938,2.5155726540609304,2.5155726540609304,False,1.9615774022214023,2.696406732325853,2.696406732325853,False,1.829362675215726,2.696877016109778,2.696877016109778,False
813,fri_c3_1000_5,fri_c,T1,5,1000,1.0347623061600502,1.172890477723978,0.6929835002773147,0.40263367916999204,0.792954123922752,0.1735746296799768,,,,,1.3387088020431346,1.8152983720091065,1.8152983720091065,False,1.2580332058691688,2.2814775556318327,2.2814775556318323,False,1.1163950433417384,2.379556828332665,2.379556828332665,False,0.9832890213343931,2.3520114106982537,2.3520114106982533,False
824,fri_c1_500_10,fri_c,T1,10,500,1.0212318838273684,1.417869142801316,0.7274981882631552,0.3566895151053569,0.865063501822662,0.10394347127020391,0.0,0.8082705706468085,1.0099113526369945,0.10141039745000131,1.3259362654988172,1.4764698589002683,1.4764698589002685,False,1.2625555054355928,2.1998859165851767,2.1998859165851763,False,1.1218864511746323,2.369585016987371,2.369585016987371,False,0.9866323562326988,2.3555903056994283,2.3555903056994287,False
826,sensory,sensory,T1,11,576,0.6719085972528471,1.874350690676602,0.0,0.20727334450786095,0.6719085972528471,0.06696654006916898,,0.5317094905688398,0.6719085972528471,0.12617597759436477,0.5101652921331535,2.285567700571685,2.2855677005716855,False,0.2994228627993165,2.210571102041692,2.2105711020416923,False,0.21124023981067555,2.1567231408715983,2.1567231408715983,False,0.16308416401719825,2.1260356721883915,2.1260356721883915,False
830,fri_c2_250_10,fri_c,T1,10,250,1.239575892493198,1.6092443005514423,0.9294891937465306,0.27349060375849654,1.0408232513698865,0.15847814720265735,0.06787995999337938,0.7274321040814442,1.1377280174868758,0.14926952296004667,1.4230502292375065,1.239575892493198,1.239575892493198,True,1.4929334322567132,1.8046246734577482,1.8046246734577482,False,1.4679882642863809,2.234285834500605,2.234285834500605,False,1.397335924196357,2.4239584894387325,2.4239584894387325,False
832,fri_c3_250_25,fri_c,T1,25,250,1.289301431938169,2.5429369058882827,1.2440302892629957,0.16304184790760468,1.2028627855687284,0.044487775611219416,0.9171578976500625,0.37906104694765264,1.2293190574113197,0.07640017999100039,1.526898953748882,1.2893014319381688,1.2893014319381688,True,1.3316411770348184,2.2971214442976366,2.2971214442976366,False,1.108388935208186,2.4518012660623016,2.4518012660623016,False,0.9343649610709768,2.371305643104229,2.371305643104229,False
837,fri_c1_1000_50,fri_c,T2,50,1000,1.5166254518284603,2.6664464248461712,1.3679245797044317,0.15390264908477033,1.5166254518284605,0.015362965650488494,1.0766428763113065,0.38574027662073923,1.5117230890958187,0.0328580914120057,1.7102262693758021,2.119523271468071,2.119523271468072,False,1.584685888778494,2.479081938515302,2.4790819385153022,False,1.4084445370860454,2.5275222178217835,2.5275222178217835,False,1.2460841507386486,2.459773545414981,2.4597735454149805,False
838,fri_c4_500_25,fri_c,T1,25,500,1.1012461378303615,1.9450873170414489,0.7702432656609306,0.24574631787205983,1.0829058453806206,0.03788744779072318,0.0,0.6092877555506704,1.1012461378303615,0.04480105517696203,1.3881379831576954,1.5555626409891823,1.5555626409891818,False,1.2947844856676871,2.2582949138510693,2.2582949138510693,False,1.1358597882597141,2.396763685220539,2.396763685220539,False,0.9911347700975778,2.3640665577898625,2.364066557789863,False
844,breastTumor,breast-cancer,T2,9,286,1.5209781980140782,1.8845801915777955,1.3482685385867474,0.19624198788304512,1.3376674001504774,0.1564843269821757,0.9037480908879746,0.5336289402054614,1.3699478254405784,0.19628588989375725,1.5577894343472458,1.5209781980140784,1.5209781980140784,True,1.1469753381202723,2.5310134601514256,2.531013460151426,False,0.8816247575027015,2.432275019092804,2.4322750190928035,False,0.7120171045141791,2.306650179286733,2.3066501792867324,False
855,fri_c4_500_10,fri_c,T1,10,500,0.1078982805874872,1.2753102723874117,0.0,0.4922404895311119,0.08631862446998975,0.06604983780595695,,0.6880529342376882,0.10789828058748721,0.13976334414626948,0.7062966631871458,0.8838885986467846,0.8838885986467842,False,0.7352272841146816,1.9315140021221884,1.9315140021221884,False,0.6582487172651307,2.1726670393882426,2.1726670393882426,False,0.5758972991487902,2.2092676919874945,2.2092676919874945,False
863,fri_c4_250_10,fri_c,T1,10,250,0.1710982547627834,1.3540469651640763,0.31665108587786633,0.43384344528710733,0.14279457209087332,0.03018689057421453,,0.7164815817984832,0.1710982547627834,0.09068255687973999,0.7453222595583365,0.1710982547627834,0.1710982547627834,True,0.7525839211572098,1.803423947956921,1.8034239479569214,False,0.6489044020532942,2.1812026015290282,2.1812026015290282,False,0.553186678011516,2.2148127691868575,2.214812769186858,False
866,fri_c2_1000_50,fri_c,T2,50,1000,1.6212831791995268,2.4059994381833523,1.4725659046374262,0.17283887841913406,1.5820967257475487,0.02354995662025722,1.4267941876904777,0.44075725458665294,1.616801136110632,0.024739800993443785,1.7996413468899668,2.0625249250710582,2.0625249250710582,False,1.759027021843434,2.4334578730896625,2.4334578730896625,False,1.645119955469768,2.5610184877086684,2.561018487708669,False,1.5135034104748593,2.545797919968502,2.545797919968502,False
869,fri_c2_500_10,fri_c,T1,10,500,1.2009651172317,1.5266577191232025,0.8714488290628675,0.28961754217458385,1.0860914403134694,0.08580011648461688,0.0,0.7522147404130096,1.1659806159026258,0.07381854966434029,1.4428030325222665,1.5048661209579621,1.5048661209579626,False,1.4490428276089433,2.1303535375527924,2.1303535375527924,False,1.3622127355065892,2.377572469160986,2.377572469160986,False,1.250433135456559,2.424350676758591,2.424350676758591,False
870,fri_c1_500_5,fri_c,T1,5,500,1.1213405334699336,1.3800136203423612,0.7467688689849564,0.3124457111834963,0.8839595486300718,0.18722041259500544,,,,,1.4000152288512908,1.5355219877784902,1.5355219877784907,False,1.3425377150031261,2.219910861755876,2.219910861755876,False,1.204429381518006,2.394760986675362,2.3947609866753616,False,1.0670842233432438,2.382626070642003,2.382626070642003,False
877,fri_c2_250_50,fri_c,T3,50,250,2.119348675922464,3.0444400943621304,2.1516956230448288,0.09748422725341808,2.064961786126624,0.03345238282540631,2.3769180635685148,0.2434588335247565,2.094982791126845,0.0351232712912412,2.229328748121064,2.1193486759224633,2.1193486759224633,True,2.0801614146507696,2.6604730644031154,2.6604730644031154,False,1.85517022374206,2.790462325992317,2.7904623259923174,False,1.6443051542009306,2.669736293943358,2.669736293943358,False
879,fri_c2_500_25,fri_c,T1,25,500,1.2829549410362855,2.0936377651240017,0.9845889652574634,0.19841393554421108,1.2633721463102272,0.040127041035033714,0.6889109654968065,0.5449417403842407,1.2608694408212284,0.04060247067534388,1.527631777885936,1.6633517362682733,1.6633517362682726,False,1.427174738382528,2.319398922241382,2.3193989222413816,False,1.2600809013837388,2.450790619637007,2.4507906196370075,False,1.105627960835144,2.4081661656814655,2.4081661656814655,False
896,fri_c3_500_25,fri_c,T1,25,500,1.116349885006436,1.848209409981124,0.7979199233348023,0.2602014643473395,1.116349885006436,0.00845031012451614,0.6802379955642339,0.6444993704239149,1.116349885006436,0.024509163829688003,1.3996109573173439,1.5737798535959076,1.5737798535959076,False,1.3010611173262967,2.269030821795968,2.269030821795968,False,1.1391552242000462,2.401537003012872,2.4015370030128724,False,0.9928896623473391,2.3657138581092942,2.3657138581092942,False
903,fri_c2_1000_25,fri_c,T2,25,1000,1.455916171808793,2.036358955856372,1.257409717243002,0.2202846485028413,1.31688962710351,0.11694606340193033,0.9777318430773134,0.554270740094208,1.4129196886224145,0.046444931369253276,1.66203767187821,1.9550257916478622,1.9550257916478622,False,1.6261819193246752,2.3591323160246263,2.359132316024626,False,1.5147871392976455,2.4971678048626385,2.497167804862638,False,1.3870856383618988,2.4904235147007485,2.490423514700748,False
910,fri_c1_1000_10,fri_c,T2,10,1000,1.4089419531740546,1.69067223324525,1.151070695373437,0.24419652595203376,1.322860682736598,0.06051571128434151,0.7050241834737497,0.692476148927132,1.2124324900255676,0.1681084463221704,1.6275541847641912,1.9995845683270395,1.9995845683270395,False,1.544728643533792,2.4007804023587362,2.4007804023587362,False,1.3967067273109117,2.4920719080118166,2.4920719080118166,False,1.24986931796423,2.451360922519297,2.451360922519297,False
911,fri_c2_250_5,fri_c,T1,5,250,1.2228383898486546,1.4546260537753122,0.9401710376418291,0.30691268191268173,1.0323424189619463,0.16592169092169096,,,,,1.4601623355913842,1.2228383898486546,1.2228383898486546,True,1.4530742313906364,2.022475230704783,2.022475230704783,False,1.3355101599940031,2.3811250776028676,2.3811250776028676,False,1.200632938853493,2.4263974841549603,2.4263974841549594,False
912,fri_c2_1000_5,fri_c,T2,5,1000,1.3926806596371024,1.460976348420739,1.167998905094123,0.3053958386420461,1.2148734874261518,0.14722185078753963,,,,,1.6011842746177398,1.8551840027408457,1.8551840027408453,False,1.5991927149186556,2.2729867462324447,2.2729867462324447,False,1.5194370455980062,2.4516561499393497,2.4516561499393497,False,1.4134191729971513,2.4830308499267075,2.4830308499267075,False
913,fri_c2_1000_10,fri_c,T2,10,1000,1.387846371296648,1.5223057360917336,1.139373701721838,0.2835135772293836,1.259657523710073,0.11026970195400465,0.5802006757344113,0.7482555949674424,1.2162555464915996,0.12799800562003263,1.6052275683210042,1.9000823940894245,1.9000823940894247,False,1.577139269129227,2.320755326492999,2.320755326492999,False,1.4717909601502823,2.469711326055041,2.469711326055041,False,1.34879632571918,2.4716432385041434,2.471643238504144,False
917,fri_c1_1000_25,fri_c,T2,25,1000,1.4536386506235424,2.273250897395466,1.3598055460102045,0.2057232018491345,1.448947836187691,0.02044512241912942,0.9334453518146603,0.47278270110385334,1.348027442188574,0.09697446045591215,1.6558910074949427,2.105905780477883,2.105905780477883,False,1.5150241400206863,2.4656616066538963,2.465661606653896,False,1.3317884486666423,2.5029337111134597,2.5029337111134597,False,1.1689667788375266,2.432316776791549,2.4323167767915486,False
918,fri_c4_250_50,fri_c,T2,50,250,1.519186114532059,3.155547322237274,1.3062235585872004,0.08301259976502044,1.5191861145320589,0.010590284811408656,1.046775775818115,0.23838269254142525,1.5163370620024084,0.05203986549446994,1.6743130054880466,1.519186114532059,1.519186114532059,True,1.3714694672584125,2.469184497644141,2.4691844976441404,False,1.106949061646414,2.5005579879849273,2.500557987984927,False,0.9179771141683193,2.3768316145152064,2.3768316145152064,False
920,fri_c2_500_50,fri_c,T2,50,500,1.3727980846522752,2.5956301709731884,1.1454620674577176,0.16186047897944886,1.320083642770587,0.02969354654426414,1.1448806751276908,0.4136451021594313,1.3676397280460564,0.03737351157210772,1.5728854687977527,1.6099936072068861,1.6099936072068863,False,1.5917668450448286,2.1554469375132506,2.15544693751325,False,1.5243156997026406,2.4106631825822777,2.4106631825822773,False,1.4243739835927125,2.4801388782339218,2.4801388782339218,False
930,colleges_usnews,colleges_usnews,T3,22,1302,2.5638728793833363,2.6956513820035704,2.5046099905462085,0.10032422905801162,2.5083522899799604,0.045330156785451964,2.3700515889732685,0.27871377675259795,2.4329154981705186,0.10963748779297408,2.633131014711538,2.7406268629116908,2.7406268629116908,False,2.631385029474019,2.9115463809031548,2.9115463809031557,False,2.590021331769679,3.0153009229701224,3.015300922970122,False,2.5217926652617573,3.0394350615084447,3.039435061508445,False
933,fri_c4_250_25,fri_c,T2,25,250,1.494764757107526,2.170678365321568,1.2551941714548311,0.1649670439000124,1.494764757107526,0.0,0.8623130236579568,0.4889939062305684,1.4201520406437882,0.07825519214028102,1.6968837660723306,1.494764757107526,1.494764757107526,True,1.590618224010407,2.284817447551192,2.284817447551192,False,1.4011611172635454,2.518791741779052,2.5187917417790517,False,1.2257069909594087,2.4697511632745153,2.4697511632745153,False
935,fri_c1_250_10,fri_c,T1,10,250,1.2997378014670034,1.752646553823595,1.1704898890028506,0.2684285375681441,1.1343125290723282,0.11129019514892942,0.7191628217187247,0.630757683495299,1.2463809256673442,0.14654341471122698,1.5351937327034884,1.2997378014670036,1.2997378014670036,True,1.4734576669906443,2.142294013508032,2.142294013508032,False,1.3142619733628669,2.439135414907966,2.439135414907966,False,1.157482682253976,2.4303918476295077,2.4303918476295068,False
936,fri_c3_500_10,fri_c,T1,10,500,0.8815505842144371,1.278454624285568,0.6872601930145199,0.4160677953446698,0.8815505842144372,0.02875702312732159,,0.8583241558247625,0.8815505842144372,0.06182591977301992,1.2271584805714235,1.4818921482139504,1.4818921482139502,False,1.1005307489586218,2.2408140510697128,2.2408140510697128,False,0.9343602643827064,2.343211817700397,2.343211817700397,False,0.7976105263374603,2.30302964924653,2.30302964924653,False
937,fri_c3_500_50,fri_c,T1,50,500,0.5844947003973644,2.797627789863049,1.2433500547934673,0.18411495454968732,0.537119817051012,0.026669913970330146,1.0777691672716172,0.292328961412004,0.5544856296051817,0.04579557745893709,1.021532340018871,1.2208981188583254,1.2208981188583263,False,0.9673030297770753,2.1004912046357243,2.1004912046357243,False,0.8406259760936361,2.27241108545144,2.2724110854514405,False,0.7261096986502834,2.2683911722986423,2.268391172298642,False
957,braziltourism,braziltourism,T1,8,412,1.0582686640950711,1.778807903496708,0.903408418795053,0.2799823861575921,0.9221634590026676,0.10483862612029218,0.0,0.6204994042376833,0.9689153691253605,0.218292493394809,1.3552890238303799,1.0582686640950711,1.0582686640950711,True,1.2061352727770072,2.221357721552439,2.221357721552439,False,1.0139994494821902,2.3870337068858243,2.3870337068858243,False,0.8593538074024878,2.334411482396298,2.334411482396298,False
961,analcatdata_broadwaymult,analcatdata_broadwaymult,T1,7,285,0.2895709839151691,1.6235984319430443,0.0,0.35144664523488534,0.17374259034910147,0.12742922327076633,,0.6181686197241522,0.2895709839151691,0.2951363683500986,0.8467332163436261,0.2895709839151691,0.2895709839151691,True,0.7480658633980878,2.023706319751875,2.023706319751876,False,0.6096606249361112,2.23029822325572,2.230298223255721,False,0.5051254990722822,2.2143313969510423,2.2143313969510423,False
983,cmc,cmc,T1,8,1473,1.2789235933791194,1.69571302566757,1.0661195377255017,0.2826923502445048,1.179824187388705,0.07946379898899077,1.0056811430053487,0.6748376169469772,1.1335944025270743,0.19160053668378516,1.4764136140434152,2.221065028996304,2.221065028996304,False,1.2568690536861504,2.447423029849652,2.447423029849652,False,1.0530966053301212,2.419662250051718,2.419662250051718,False,0.8962626211872957,2.3401556495383464,2.3401556495383464,False
989,anneal,anneal,T1,11,898,0.7534825056485621,1.807234783624707,0.6133726548445259,0.2966624669978254,0.7059204611927034,0.09242695384911688,0.0,0.5931162880277339,0.7499331807846529,0.17640856090456056,1.071433070411873,1.8801646430842156,1.880164643084216,False,0.8303794755285558,2.3106096005742724,2.3106096005742724,False,0.6542855389863812,2.2885479368733264,2.2885479368733264,False,0.5355225867667758,2.2297409648317035,2.2297409648317035,False
990,eucalyptus,eucalyptus,T3,19,736,1.9466249279634265,2.1711556093884123,1.8882964601876493,0.18590965712529783,1.9317779649092581,0.018324318430382572,1.611049666734964,0.44927919325154386,1.8578462440951522,0.07800639028306906,2.0773006666691725,2.1840738853654926,2.1840738853654926,False,2.0464463916686935,2.547914605428796,2.5479146054287947,False,1.9425007495218558,2.694670553999513,2.6946705539995124,False,1.8129517847944148,2.684811420207239,2.684811420207239,False
996,prnn_fglass,prnn_fglass,T2,9,214,1.3996767869292546,1.893535683146783,1.1746341880730575,0.20952611511226787,1.3441097714910546,0.07744356351752099,0.812772155508528,0.5729589057677178,1.1653734547727068,0.22514071294559085,1.6180650483574612,1.3996767869292546,1.3996767869292546,True,1.4311419899803048,2.2427403681642546,2.2427403681642546,False,1.1978772156283926,2.489283376125044,2.489283376125044,False,1.0123941816342714,2.406009811115876,2.406009811115876,False
1005,glass,prnn_fglass,T2,9,214,1.452713598359274,1.8693854954232725,1.264165366600776,0.21475617862106466,1.296311452908856,0.11894374282433991,1.0795430940081223,0.5789473684210528,1.2725950108247062,0.19898483292041813,1.6608748716433532,1.452713598359274,1.452713598359274,True,1.4760105876478617,2.2632139924512042,2.2632139924512042,False,1.2411050121420217,2.507429991266357,2.507429991266357,False,1.052188694461636,2.4215075513613904,2.4215075513613904,False
1048,jEdit_4.2_4.3,jEdit_4.2_4.3,T2,8,369,1.660560026067826,1.744049105386993,1.4640664600038067,0.20404920971158558,1.496581046943146,0.1376812774971484,0.8950182330925271,0.5830413883004728,1.267423352075044,0.29645592308945723,1.828243245143265,1.8131258608539789,1.8131258608539789,False,1.6644824514829766,2.494070922195839,2.494070922195839,False,1.4493025873841496,2.580995303223608,2.580995303223608,False,1.2619284717268822,2.4879961609674695,2.4879961609674695,False
1065,kc3,kc3,T3,39,458,3.5041448951456067,3.570303281063564,3.474539187835438,0.03257671290458174,3.4817185107656896,0.02051618327028163,3.412345506674304,0.09686703096539158,3.425602843701762,0.07249432534678435,3.521254751355561,3.5041448951456067,3.5041448951456067,True,3.532790045925315,3.542778787455217,3.542778787455217,False,3.531539937815995,3.6260887531648627,3.626088753164863,False,3.518550152289393,3.700725855767296,3.700725855767296,False
1071,mw1,mw1,T3,37,403,3.279313916112284,3.4098736903496887,3.243371856625031,0.04042892674456801,3.2443081770341586,0.03478342484396263,3.1674768432756815,0.12035407574264391,3.184151780833056,0.0833931672063447,3.3014554735205945,3.279313916112284,3.279313916112284,True,3.3162006300199365,3.2980279909925017,3.298027990992503,False,3.3063250253592735,3.433046603643282,3.433046603643281,False,3.2754127192702276,3.532502761666639,3.5325027616666396,False
1073,jEdit_4.0_4.2,jEdit_4.0_4.2,T2,8,274,1.6070879405557388,1.7096597148426436,1.4498659259703246,0.24574214868393685,1.4574655030120955,0.1275160030504009,0.966534869874005,0.6262103390104683,1.3763779698710343,0.17985348831835096,1.761248569154899,1.6070879405557388,1.6070879405557388,True,1.7846714674150745,2.1516353811663547,2.1516353811663547,False,1.7197464154854696,2.4668255905391794,2.4668255905391794,False,1.6172822705301078,2.5640266205003104,2.5640266205003104,False
1167,pc1_req,pc1_req,T1,8,320,0.7871817879731486,1.4615785367159282,0.20491684053894182,0.2983823958029731,0.646235435692019,0.1326143981346545,,0.7807490527542992,0.7871817879731486,0.15447391431069651,0.8630786660366155,0.7871817879731486,0.7871817879731486,True,0.5350651149824428,2.314200981987348,2.314200981987348,False,0.38276484961872176,2.22889741825027,2.22889741825027,False,0.2973003335805636,2.1688083365532043,2.1688083365532043,False
1412,lungcancer_GSE31210,lungcancer_GSE31210,T3,23,226,2.0486733013416294,2.567327401446738,2.131514442353368,0.14673509570381854,1.9830150597322302,0.05313579290532905,1.9223681018031376,0.3268777637907105,1.9129985563154477,0.11481230431554823,2.139227032168406,2.04867330134163,2.04867330134163,True,2.1642941738948025,2.149454431497372,2.1494544314973734,False,2.0905675316503123,2.604244779639467,2.6042447796394663,False,1.9712533774252565,2.757298292569772,2.7572982925697715,False
1442,MegaWatt1,MegaWatt1,T3,37,253,3.192682710148347,3.3485601872198125,3.1559006521250046,0.04442654855378834,3.163716481001869,0.02620763707133749,3.076258697736826,0.13050130863700424,3.0703197044344512,0.10936984095027177,3.219027436259202,3.1926827101483464,3.1926827101483464,True,3.2318212413341674,3.1926827101483464,3.1926827101483464,True,3.202453314311799,3.3719037416199247,3.371903741619925,False,3.140877643662105,3.4760103012643038,3.476010301264304,False
1443,PizzaCutter1,PizzaCutter1,T3,37,661,3.318966711593997,3.429024896120999,3.293897464743958,0.04698736985223087,3.293749177495779,0.021911338509427895,3.236789873080463,0.13498246806683606,3.2404957226511932,0.06976993810154211,3.3449356434548103,3.3189667115939967,3.3189667115939967,True,3.3543977336616693,3.3972619090896887,3.397261909089688,False,3.341231174571684,3.50268131903834,3.50268131903834,False,3.308809596558533,3.570676676078671,3.5706766760786706,False
1444,PizzaCutter3,PizzaCutter3,T3,37,1043,3.319624153114156,3.4065297362635523,3.2938111531385936,0.048721389017619056,3.2857504647738645,0.02972972061393834,3.235643238196975,0.13978139931153533,3.2312199045728685,0.08289152465311998,3.3496643870945495,3.3490662732510157,3.3490662732510144,False,3.354142632482367,3.453781527810907,3.4537815278109063,False,3.337458900236169,3.533352213756994,3.5333522137569933,False,3.302927964716489,3.573747922338296,3.573747922338295,False
1446,CostaMadre1,CostaMadre1,T3,37,296,3.2705010377398573,3.4482492524524417,3.263093588291962,0.05042511620437698,3.2423291471310023,0.027872991515519197,3.2107872934932105,0.13518962948423996,3.1829408422557437,0.07723821674235194,3.302052567922191,3.2705010377398573,3.2705010377398573,True,3.299448989176169,3.329245832044107,3.329245832044108,False,3.2479191085322303,3.489351175115413,3.489351175115413,False,3.162250271280043,3.527792840874778,3.5277928408747776,False
1447,CastMetal1,CastMetal1,T3,37,327,3.270946391888604,3.4269842991428896,3.257892857036127,0.04979678628250854,3.251704324034855,0.018838929565145265,3.1964729017879185,0.13299753428995845,3.191667068634272,0.07397431740549996,3.303475960033926,3.2709463918886037,3.2709463918886037,True,3.298692499839076,3.348135653195393,3.3481356531953934,False,3.2456100212652945,3.4972211847580548,3.4972211847580548,False,3.159021220177817,3.5255790794367186,3.5255790794367194,False
1449,MeanWhile1,MegaWatt1,T3,37,253,3.192682710148347,3.3485601872198125,3.1559006521250046,0.04442654855378834,3.1800864566506313,0.013902422656197571,3.076258697736826,0.13050130863700424,3.0969693047695204,0.09120461713978925,3.219027436259202,3.1926827101483464,3.1926827101483464,True,3.2318212413341674,3.1926827101483464,3.1926827101483464,True,3.202453314311799,3.3719037416199247,3.371903741619925,False,3.140877643662105,3.4760103012643038,3.476010301264304,False
1451,PieChart1,PieChart1,T3,37,705,3.273622191340307,3.4202087238608243,3.2486109371531557,0.04902398565003333,3.25236741204006,0.021032429936553836,3.1895541763769173,0.13960434983364142,3.1953342291099536,0.06879661316465027,3.3020567055866126,3.273622191340307,3.273622191340307,True,3.310447187798541,3.3702431277894416,3.3702431277894425,False,3.2950201616318116,3.4745484596128953,3.4745484596128944,False,3.2596026774789144,3.5370635011224523,3.5370635011224523,False
1453,PieChart3,PieChart3,T3,37,1077,3.340055937830463,3.4206546823222133,3.3150257785150936,0.048105017918026106,3.30885654701897,0.029906249105964504,3.258990988066958,0.1382530266599829,3.2593745412030657,0.06810491840798864,3.3699390600378947,3.372815599396277,3.3728155993962763,False,3.3735701317270292,3.4757196707816584,3.4757196707816593,False,3.3558589773936207,3.5528802799855805,3.5528802799855814,False,3.32020084400857,3.58954012429144,3.58954012429144,False
1467,climate-model-simulation-crashes,climate-model-simulation-crashes,T1,20,540,1.3066864658425177,1.98348633190084,1.017839526036313,0.21223395442016,1.24834589887847,0.05471388332404466,0.12329786494052604,0.560394041181521,1.2024353557846568,0.11117504405850369,1.4677175003313614,1.3066864658425177,1.3066864658425177,True,1.5446390528714005,1.6996535094249428,1.699653509424942,False,1.5222200297017807,2.207680431798505,2.2076804317985044,False,1.4507146670228073,2.439204021514332,2.439204021514331,False
1496,ringnorm,ringnorm,T3,20,7400,2.989261378051781,2.990867677697558,2.938683520497239,0.056239794767336114,2.9378075837251947,0.0495947849045195,2.8282423542790993,0.16494568615764316,2.8260464301802117,0.1513168310998606,3.003329685260508,3.285972341174685,3.285972341174685,False,2.8586415957641944,3.3232846379646603,3.32328463796466,False,2.6676631502043615,3.2402792375911167,3.240279237591117,False,2.472900682743067,3.060333106740897,3.0603331067408974,False
1498,sa-heart,sa-heart,T2,9,462,1.7593066918892,1.983174407694299,1.6253695810590583,0.1976594886092667,1.6603779481111705,0.08580285410323193,1.2396613971139945,0.5163523973733445,1.3651150622640738,0.2791536740159214,1.914508115956483,1.9178244626168974,1.9178244626168974,False,1.876358622797098,2.4239198426579973,2.4239198426579973,False,1.7545754798763364,2.6093943119741843,2.6093943119741843,False,1.612152105169698,2.600575804223567,2.600575804223567,False
1506,thoracic-surgery,thoracic-surgery,T1,16,470,0.0,2.240710411342084,,0.2028071391439958,0.0,0.04358343441344654,,0.42034309478426635,0.0,0.1387627794143129,0.5797757440249756,0.0,0.0,True,0.35979688771815294,2.188162347170827,2.188162347170827,False,0.25551089135118654,2.172930155620816,2.172930155620816,False,0.19744829878305348,2.1370412411525472,2.1370412411525472,False
1547,autoUniv-au1-1000,autoUniv-au1-1000,T2,20,1000,1.6588004708210455,2.311058245344274,1.53731905300999,0.15861840861840873,1.5745857444709395,0.06302116802116801,1.0645758564452636,0.4100973350973351,1.5481322431763558,0.11809960309960314,1.5242049187383353,2.4990094766163726,2.4990094766163726,False,1.1201091266054066,2.5310962096349154,2.5310962096349154,False,0.8705240064197036,2.4026936079286685,2.402693607928669,False,0.7093355225462041,2.294499121245929,2.294499121245929,False
1600,SPECTF,SPECT,T3,44,267,3.1338546771821343,3.431665436912546,3.111585484983404,0.05188046691658283,3.1106352127214167,0.024778275578312144,3.0436328411712097,0.14256651732650633,3.0466668641707164,0.07200481545823045,3.169495664333033,3.1338546771821347,3.1338546771821347,True,3.1719238703115535,3.2377418330928847,3.2377418330928855,False,3.1334018082959685,3.380759441146202,3.3807594411462016,False,3.064812005321998,3.4304541514153595,3.4304541514153595,False
4329,thoracic_surgery,thoracic-surgery,T1,16,470,0.0,2.2407104113420844,,0.20280713914399587,0.0,0.05224744411713737,,0.420343094784266,0.0,0.1480090105700918,0.5797757440249756,0.0,0.0,True,0.35979688771815294,2.188162347170827,2.188162347170827,False,0.25551089135118654,2.172930155620816,2.172930155620816,False,0.19744829878305348,2.1370412411525472,2.1370412411525472,False
23499,breast-cancer-dropped-missing-attributes-values,breast-cancer,T2,9,277,1.4311495562092778,1.8253049426150627,1.3389954556651436,0.24141895920279363,1.301748501229499,0.09410612383953668,0.6908522384789978,0.576569287113534,1.2721854930088976,0.18902137807682468,1.6421234165053284,1.431149556209278,1.431149556209278,True,1.4592767081185174,2.3146996718680115,2.3146996718680115,False,1.2314374593531403,2.4993666843048046,2.4993666843048046,False,1.0471608958124818,2.4147685818475226,2.414768581847523,False
40702,solar-flare,solar-flare,T2,10,1066,1.369086443894564,1.7189351808156772,1.2404503120035963,0.28419358985523474,1.2615917202972466,0.08143678804390644,0.5785755342114528,0.6378711916698804,1.272826107734985,0.12978449008704163,1.5952193269794572,1.8095895912024451,1.8095895912024451,False,1.5224521688424553,2.3417955351819595,2.341795535181959,False,1.3755280294732999,2.4758838152268194,2.4758838152268194,False,1.228228723310189,2.445283051996412,2.4452830519964124,False
40945,Titanic,Titanic,T2,8,1309,1.5675931102108218,1.7270143053627645,1.4758511456814396,0.27914429527966517,1.4828616776300734,0.06523436511435546,1.1186425413392431,0.648181274499749,1.2827391445430334,0.20596185531445582,1.7519088532237155,2.0408510559957405,2.0408510559957405,False,1.7292550423079038,2.393799086855946,2.393799086855946,False,1.6343447631194823,2.5323076745247133,2.5323076745247133,False,1.5168987926531763,2.535950342762819,2.535950342762819,False
41538,conference_attendance,conference_attendance,undefined,6,246,,0.6751639270324241,,0.5673534072900157,,0.17305863708399372,,1.0,,0.0,0.0,,,True,0.0,2.0794415416798357,2.0794415416798357,False,0.0,2.079441541679836,2.0794415416798357,False,0.0,2.079441541679836,2.0794415416798357,False
41945,ilpd-numeric,ilpd,T3,10,583,1.942188424636843,2.091497749103558,1.7956366954507266,0.15128206543030714,1.82145237657975,0.12124305444432797,1.4267176444244472,0.4429374665482175,1.60276405654283,0.26939651604857884,2.072853044712194,2.1160108975349576,2.1160108975349576,False,2.0417582150087643,2.5249071826784832,2.5249071826784832,False,1.9337002328683992,2.690105275324303,2.690105275324303,False,1.799886573683075,2.6827265010724837,2.6827265010724837,False
42192,compas-two-years,compas-two-years,T3,13,5278,1.9676955588226133,2.164405426224709,2.1162853717821197,0.23242235774561001,1.8488688858808522,0.08775528755460368,2.037001650559491,0.45970730012988265,1.6910119872751015,0.17802767405108638,2.059619728095845,2.6077210312382535,2.6077210312382535,False,1.8769375295131776,2.7181897508092567,2.7181897508092567,False,1.6689512029238833,2.6713933952530504,2.671393395253051,False,1.4838869994990271,2.5575730699792047,2.5575730699792056,False
43595,Loan-Predication,Loan-Predication,T1,6,614,0.0,0.4673853037404009,,0.7814429601108164,0.0,0.013307350973164609,,0.933463245134177,0.0,0.06653675486582304,0.6526965840663859,0.9230510103461381,0.9230510103461385,False,0.6789222750020024,1.9450007175657669,1.9450007175657662,False,0.6036717571951828,2.165087760313757,2.165087760313757,False,0.5255579580962015,2.1965893081220207,2.196589308122021,False
43893,ibm-employee-attrition,ibm-employee-attrition,T3,26,1470,2.382807825031797,2.6676152895001746,2.2941978798247646,0.09366134847693272,2.32487078268271,0.05334409130675373,2.0953485227930106,0.2762738254590945,2.2371188462322884,0.12243233245023148,2.4679222948247026,2.6414225713745703,2.6414225713745703,False,2.37774601663682,2.8890770762292366,2.8890770762292366,False,2.2221956386531314,2.9318615542969,2.9318615542968995,False,2.0529801822187372,2.8330746376696125,2.8330746376696125,False
43947,KDDCup09_upselling,KDDCup09_upselling,T3,45,5032,2.9870626284066506,3.214769889078702,3.0804045835986087,0.100141679740257,2.9479818269625797,0.026754991325286227,3.098996717004773,0.22460651620685987,2.933960717123789,0.04452518857646648,3.021690613206552,3.2498244221469528,3.2498244221469537,False,2.924714442837608,3.3251675339331683,3.3251675339331683,False,2.7768905334833494,3.2874476593702977,3.2874476593702973,False,2.612788040839435,3.1422570198658906,3.14225701986589,False
43949,rl,rl,T1,12,4970,1.2769630510043075,1.50915991417184,1.1465364143861028,0.34390418522193,0.9871124373883816,0.19401297792392752,0.40812187354456503,0.7369034035687682,1.2495254425045332,0.05398493766764062,1.4364710172667854,2.3658477553247343,2.3658477553247343,False,1.1978644576412147,2.4477859129778405,2.4477859129778405,False,0.9964604645699148,2.397240183333994,2.397240183333994,False,0.84553873231112,2.3198945690963164,2.319894569096317,False
43973,phoneme,phoneme,T2,5,3172,1.4174808526421168,1.4558977687627763,1.158784341233146,0.27972073056547425,1.1933065305531316,0.18261703687058972,,,,,1.6302966746722212,2.0683646871249404,2.0683646871249404,False,1.6052984777134593,2.37040650236848,2.3704065023684793,False,1.512171591269768,2.483226860290752,2.483226860290753,False,1.3995706282416511,2.4828105632846,2.4828105632846,False
43980,wine,wine,T2,10,2554,1.4686031210149906,1.6998039822579238,1.3117607644253828,0.28445302896347674,1.4527121911081793,0.026759606488650833,1.1045244744901221,0.6908718524243005,1.3115633942439815,0.1298925989219148,1.6672652486462436,2.041282000199188,2.041282000199188,False,1.6585471288483606,2.35428866380664,2.35428866380664,False,1.5814322234540057,2.4892182441893946,2.489218244189394,False,1.479304033447861,2.5070721239575975,2.5070721239575975,False
44097,credit-g_copy,credit-g,T2,20,1000,1.5910415402765,2.2194355901691774,1.5975078879225004,0.2099274003944321,1.547837065343761,0.03685441898785412,1.6106599983311336,0.46750241855151015,1.5125332100614561,0.09648656950357257,1.7583635523799137,2.181607751961439,2.1816077519614385,False,1.5816514341771384,2.532453316480331,2.5324533164803307,False,1.3751023481630926,2.542874943521609,2.542874943521609,False,1.1986801047174036,2.451627917316325,2.4516279173163253,False
44098,credit-g_reproduced_1,credit-g,T2,20,1000,1.5910415402765,2.2194355901691774,1.5975078879225004,0.2099274003944321,1.5670142072291504,0.0220698207831801,1.6106599983311336,0.46750241855151015,1.4679651018947542,0.11308371776580387,1.7583635523799137,2.181607751961439,2.1816077519614385,False,1.5816514341771384,2.532453316480331,2.5324533164803307,False,1.3751023481630926,2.542874943521609,2.542874943521609,False,1.1986801047174036,2.451627917316325,2.4516279173163253,False
44186,KDDCup09_upselling,KDDCup09_upselling,T3,49,5128,3.0033738155078047,3.283936991669291,3.153848235163359,0.1037988487939281,2.9963963176616724,0.007469598963125714,3.182122709804312,0.21936578466593817,2.955897651540209,0.0398176460708823,3.0328235085731663,3.2710462251180434,3.2710462251180434,False,2.923911219539209,3.3376512342151066,3.3376512342151066,False,2.764400459520107,3.2874569968565384,3.2874569968565384,False,2.591307379909612,3.130602076933197,3.130602076933197,False
44227,South_Asian_Churn_dataset,South_Asian_Churn_dataset,T2,9,2000,1.8207730064931775,1.932880514107439,1.729628559896733,0.22285267729172242,1.698113360071948,0.10970343965539094,1.5693685546667686,0.5590161520866281,1.4899054706523545,0.22116619508475796,1.970562550323834,2.2954724658200223,2.295472465820023,False,1.9240108062493029,2.561107761512271,2.561107761512271,False,1.8127951829877387,2.64890150539697,2.64890150539697,False,1.6827927948148325,2.6184523116868332,2.6184523116868332,False
44232,UCI_churn,churn,T3,16,3333,1.959647450307416,2.2574240869689044,1.859739368666076,0.16286670442869,1.8780102291951082,0.07948671849849845,1.814241995984812,0.455849101939273,1.8468615278268405,0.10267449037131864,2.0578935733774606,2.5303032087213717,2.5303032087213717,False,1.8685004480699954,2.7115586346084344,2.7115586346084344,False,1.6511701974897792,2.6745634352987326,2.6745634352987326,False,1.4599868339118003,2.5558068653723764,2.5558068653723764,False
44345,credit,credit,T2,10,2000,1.796714592584689,1.9444249182356117,1.7704730780094176,0.24346360734068995,1.6939468661331443,0.07570949606009311,1.5091396920842177,0.5449291617925125,1.4653831248877138,0.22123818444264504,1.9478195893124328,2.2482753356761855,2.2482753356761855,False,1.9204190289533405,2.5218064350254275,2.5218064350254275,False,1.8285004037331931,2.6310071072171852,2.6310071072171852,False,1.7127935960364424,2.6223622842004417,2.6223622842004413,False
44347,credit_seed_0_nrows_2000_nclasses_10_ncols_100_stratify_True,credit,T2,10,2000,1.796714592584689,1.9444249182356117,1.7704730780094176,0.24346360734068995,1.7272035580638931,0.06464498978959406,1.5091396920842177,0.5449291617925125,1.5481370728253392,0.17567938470207983,1.9478195893124328,2.2482753356761855,2.2482753356761855,False,1.9204190289533405,2.5218064350254275,2.5218064350254275,False,1.8285004037331931,2.6310071072171852,2.6310071072171852,False,1.7127935960364424,2.6223622842004417,2.6223622842004413,False
44349,credit_seed_1_nrows_2000_nclasses_10_ncols_100_stratify_True,credit,T2,10,2000,1.8009843341504486,1.9505760734555524,1.7684214161491387,0.24041501476945418,1.6752346426540412,0.09231253359304294,1.556218018974679,0.5480666485972465,1.5720657287967144,0.16989420201305588,1.9523075373282368,2.260718125017784,2.2607181250177844,False,1.9193275423181433,2.5326435400482654,2.532643540048266,False,1.8215528174776283,2.635613442419733,2.635613442419733,False,1.7014135156594827,2.6202740923063526,2.6202740923063517,False
44350,credit_seed_2_nrows_2000_nclasses_10_ncols_100_stratify_True,credit,T2,10,2000,1.7213164120135518,1.8938131782604943,1.750844272967955,0.26812861226251294,1.6088648619174328,0.07480370232238913,1.5404968380202477,0.5674393782760594,1.4407430335353295,0.1928088234807522,1.8828599513085695,2.1980529085796574,2.198052908579658,False,1.8571825517082596,2.4836762693711045,2.4836762693711045,False,1.7656918644426802,2.597758488151041,2.5977584881510407,False,1.6507627408001477,2.592875439922587,2.5928754399225866,False
44351,credit_seed_3_nrows_2000_nclasses_10_ncols_100_stratify_True,credit,T2,10,2000,1.7858330644207818,1.9400461207812083,1.8002219408078624,0.2532718417795639,1.7046010865910604,0.06013496838382711,1.5971305515861145,0.5494674562776195,1.506568336893491,0.18923219978500452,1.9391013199332994,2.2490424880335276,2.249042488033528,False,1.907342212480908,2.5235324353549786,2.523532435354979,False,1.8105898938097973,2.628442896443335,2.628442896443335,False,1.6913134742156057,2.614912861070418,2.614912861070417,False
44352,credit_seed_4_nrows_2000_nclasses_10_ncols_100_stratify_True,credit,T2,10,2000,1.810392525035609,1.9574939811255283,1.7866234918419923,0.2406447370292884,1.688472287314171,0.08754328006567788,1.5675877576031516,0.5465717598976835,1.5069524942148473,0.2005270014836257,1.9605919688238307,2.269077644754489,2.26907764475449,False,1.9262081076946256,2.5392851764545012,2.5392851764545017,False,1.8271233346583409,2.640354085601605,2.640354085601605,False,1.7059475850316543,2.6231533890672694,2.6231533890672694,False
44367,wine_seed_0_nrows_2000_nclasses_10_ncols_100_stratify_True,wine,T2,10,2000,1.4035316474654072,1.68668753558999,1.2497244050452783,0.29578340301578765,1.3294642823903664,0.05638513902270074,1.0900326038983115,0.6952093970907106,1.235758230165486,0.13922385102921694,1.61451688338647,1.9873738130475,1.9873738130474998,False,1.6039391453290737,2.3270106183493566,2.3270106183493566,False,1.5219511447526404,2.4673965657135604,2.4673965657135604,False,1.4162630971831347,2.4841152296917257,2.4841152296917257,False
44368,wine_seed_1_nrows_2000_nclasses_10_ncols_100_stratify_True,wine,T2,10,2000,1.4191390688300527,1.6750743128710543,1.246660540695615,0.29028869805850827,1.3099622899645094,0.08139758850918036,0.9884641391565412,0.7025597382060967,1.2926272868960402,0.11741017306509713,1.6252285947310299,1.9831138399904689,1.9831138399904686,False,1.620276034550766,2.3211550459102903,2.3211550459102903,False,1.544489485799914,2.4678056826806283,2.4678056826806283,False,1.4431548683690933,2.4913502047535223,2.4913502047535214,False
44369,wine_seed_2_nrows_2000_nclasses_10_ncols_100_stratify_True,wine,T2,10,2000,1.4178586566441418,1.6933143167327676,1.238022402288187,0.2851793036170795,1.3583832556194748,0.0494006835761042,0.9040390982411751,0.6942877559520854,1.2985692277505498,0.11835878410579104,1.6244816144036096,1.984241045977164,1.9842410459771636,False,1.6187262409845624,2.322381130208696,2.3223811302086963,False,1.5420570564715426,2.4681121421784815,2.4681121421784815,False,1.440084513714311,2.4906452447407057,2.4906452447407057,False
44370,wine_seed_3_nrows_2000_nclasses_10_ncols_100_stratify_True,wine,T2,10,2000,1.4853932091584443,1.739234353646349,1.3417943671775023,0.27838247722740844,1.3319432267292703,0.10999446871413052,1.163357716101605,0.672032049485292,1.2999620680422967,0.14874437679247227,1.6818567315641455,2.0345694640208354,2.0345694640208354,False,1.669580639572443,2.3604603133272772,2.3604603133272777,False,1.587529458492766,2.4970807031815543,2.4970807031815543,False,1.4811624599361324,2.51144535309947,2.51144535309947,False
44371,wine_seed_4_nrows_2000_nclasses_10_ncols_100_stratify_True,wine,T2,10,2000,1.4113021651144062,1.687866861735261,1.2425154644979477,0.29058521481647875,1.4103864613416994,0.023515127195366452,0.9964601150411723,0.6970793507826801,1.3115182704408377,0.11125335101275954,1.6186078744706158,1.9774521567309822,1.9774521567309824,False,1.6143442345618753,2.3169083288792915,2.3169083288792915,False,1.5391082422407354,2.4645307252173954,2.4645307252173954,False,1.4382290701822238,2.488929983929293,2.4889299839292924,False
44377,covertype_seed_0_nrows_2000_nclasses_10_ncols_100_stratify_True,covertype,T1,10,2000,1.0926478861247026,1.6867747802579045,1.4237055851104767,0.35108801861909894,1.001063462644224,0.06774936043488096,1.5832109559464818,0.6073210092185994,0.9105279809997932,0.17097458763499657,1.3349980505736996,2.197583418845773,2.197583418845773,False,1.1272856379208722,2.3937056747227237,2.393705674722724,False,0.9392290060179023,2.3706422574956925,2.3706422574956925,False,0.7963670843549414,2.3036074710902255,2.3036074710902255,False
44378,covertype_seed_1_nrows_2000_nclasses_10_ncols_100_stratify_True,covertype,T1,10,2000,1.2156897829721998,1.637236427948609,1.306705003847889,0.3402361458579473,1.1246562833133225,0.07426560684418607,0.8775197390903237,0.6476167392188722,1.059949592662904,0.17138942142559604,1.4099820660621258,2.2675260948172777,2.2675260948172777,False,1.178736622442521,2.43108097152259,2.4310809715225905,False,0.9781828544791465,2.3924678236729418,2.3924678236729413,False,0.8278502640923406,2.3163630332135092,2.3163630332135092,False
44379,covertype_seed_2_nrows_2000_nclasses_10_ncols_100_stratify_True,covertype,T1,10,2000,0.9282436477000896,1.3858923394448626,1.068246249481184,0.42676171420920733,0.8629468700684253,0.05052960600816585,0.3063233836568491,0.7425407824780178,0.7908990239771123,0.14822361448436477,1.2493774876304424,2.0500758034598974,2.0500758034598974,False,1.1033553054570335,2.330374262287666,2.3303742622876666,False,0.941277493423165,2.349102002495371,2.349102002495371,False,0.8089989100230633,2.300627766984982,2.300627766984982,False
44380,covertype_seed_3_nrows_2000_nclasses_10_ncols_100_stratify_True,covertype,T2,10,2000,1.4748590518328963,1.7583588211780297,1.693999665043282,0.3129488084273314,1.4245697146910261,0.049155113774556086,1.2702152931422526,0.5671214060437871,1.281832786509523,0.16197154738978403,1.6275691911931984,2.3436931595450816,2.343693159545081,False,1.4055261146468643,2.514718765855728,2.514718765855728,False,1.1930343927704057,2.474911132080044,2.474911132080044,False,1.0249803503927917,2.3844454909687705,2.3844454909687705,False
44381,covertype_seed_4_nrows_2000_nclasses_10_ncols_100_stratify_True,covertype,T1,10,2000,1.0398087434086445,1.6353683633214404,1.152912891377127,0.35762715789229954,1.0230916820518123,0.044146163554052945,0.6128301318071123,0.6416758327640705,0.9612330205506348,0.12402204494668226,1.3105578478493214,2.1489171994632024,2.1489171994632024,False,1.1240263421644796,2.3746786711060888,2.3746786711060888,False,0.9441740495739112,2.365357811786495,2.3653578117864944,False,0.8043044912919216,2.303972941203659,2.303972941203659,False
44397,MagicTelescope_seed_0_nrows_2000_nclasses_10_ncols_100_stratify_True,magictelescope,T1,10,2000,1.171317285411749,1.3842592295939933,1.4459928136889761,0.4282960874627018,1.0794978836319686,0.0592002837210555,0.8726705177094431,0.7058085002588805,0.9768221852686892,0.13359849879238977,1.4321830919271468,1.884877623581922,1.8848776235819218,False,1.4178466524985076,2.2595856832342447,2.259585683234245,False,1.3284535218275781,2.398225333806133,2.398225333806133,False,1.2204158592024112,2.4114011163914593,2.411401116391459,False
44398,MagicTelescope_seed_1_nrows_2000_nclasses_10_ncols_100_stratify_True,magictelescope,T1,10,2000,1.2795795627261994,1.6006099033868455,1.5560800796479692,0.37521785894878557,1.2061496034153008,0.05423413938169278,1.1918302422347529,0.6420245611825822,1.0901528163410679,0.14924965645631685,1.5181549543606963,1.9453521764620827,1.9453521764620822,False,1.4984830649111178,2.3017687474389303,2.3017687474389303,False,1.4056934592339636,2.4336556348208243,2.433655634820824,False,1.2940645430464168,2.44130284520301,2.44130284520301,False
44399,MagicTelescope_seed_2_nrows_2000_nclasses_10_ncols_100_stratify_True,magictelescope,T2,10,2000,1.332061987877047,1.6106650946064454,1.6104619296177827,0.36863820582446477,1.2210654471706768,0.0768771675244265,1.2573465338745142,0.6299397898601145,1.1456855920689835,0.14850963660040117,1.5636667472531405,2.006704783095788,2.006704783095788,False,1.5258046461803376,2.347623854425784,2.347623854425784,False,1.4176942716057181,2.459059779750332,2.459059779750332,False,1.2958645342029296,2.4497764823420973,2.449776482342097,False
44400,MagicTelescope_seed_3_nrows_2000_nclasses_10_ncols_100_stratify_True,magictelescope,T2,10,2000,1.401690747191696,1.6936735461809118,1.6343550923573629,0.3460281630108481,1.2600507465539863,0.0899648605383478,1.227075204982683,0.6032829492161904,1.1739379028623145,0.17033685626135237,1.618204471530285,2.0276356841566625,2.0276356841566625,False,1.58742654351656,2.361454278611378,2.3614542786113786,False,1.4860755634847571,2.479255653816187,2.479255653816187,False,1.3673946800931676,2.474968109363202,2.4749681093632017,False
44401,MagicTelescope_seed_4_nrows_2000_nclasses_10_ncols_100_stratify_True,magictelescope,T2,10,2000,1.3380648808326094,1.5836806987229166,1.561030578046681,0.37041144942273524,1.2444385119473769,0.06351241943064435,1.0918070406485563,0.6421467065928314,1.1312122679865309,0.14795411833842437,1.5672572374626241,1.9968616084057007,1.9968616084057005,False,1.5360009533854595,2.3398998100569757,2.339899810056976,False,1.433575881839184,2.458290668691577,2.458290668691577,False,1.3151024125018036,2.4545663387683754,2.454566338768375,False
44402,bank-marketing_seed_0_nrows_2000_nclasses_10_ncols_100_stratify_True,bank-marketing,T1,7,2000,1.137100713597451,1.3150614130015867,1.394166419636032,0.4468671854057807,0.9615177397734552,0.11342936983846626,0.7170251962530135,0.7152452749819153,0.8793842962371446,0.18411879835638761,1.3995110382129976,1.8313525503532142,1.8313525503532133,False,1.401991713657707,2.2174885919145164,2.2174885919145173,False,1.3275817336750906,2.375842391060557,2.3758423910605564,False,1.2295916339367672,2.406179346930955,2.4061793469309545,False
44403,bank-marketing_seed_1_nrows_2000_nclasses_10_ncols_100_stratify_True,bank-marketing,T1,7,2000,1.1010254924098992,1.2883988844967924,1.367270180524268,0.4566255725519413,0.9829573117500029,0.07352591066557028,0.7684702862231252,0.7406343415392924,0.7882425055145752,0.20299151895840845,1.3698065412474842,1.8044550526272343,1.8044550526272334,False,1.3770591670327712,2.1977908655520855,2.197790865552087,False,1.306537927102243,2.3618596647163232,2.361859664716323,False,1.2115158459562072,2.3970863814976706,2.3970863814976706,False
44404,bank-marketing_seed_2_nrows_2000_nclasses_10_ncols_100_stratify_True,bank-marketing,T1,7,2000,1.125843062456556,1.299575252208612,1.3042370448462464,0.44708358601961934,1.0355993511428305,0.06679396847895402,0.6165335146701263,0.7575078007274523,0.8308968437028964,0.20259209971296746,1.385906870880811,1.800944895535152,1.8009448955351508,False,1.3985931252141364,2.1915729728485562,2.1915729728485567,False,1.3341115681273759,2.3624696864707997,2.3624696864707992,False,1.243008134720084,2.4047369072090734,2.4047369072090734,False
44405,bank-marketing_seed_3_nrows_2000_nclasses_10_ncols_100_stratify_True,bank-marketing,T1,7,2000,1.183190974016917,1.412349916909042,1.5855017449625937,0.4281838938849051,1.0437885428398697,0.09248226088892937,1.1112944975998345,0.6771691458764428,0.7864270417059112,0.25122254179373615,1.4402525356068265,1.8827648958627372,1.882764895862736,False,1.4292085993052845,2.2570428750759373,2.2570428750759377,False,1.342924565774248,2.3994089917953096,2.3994089917953088,False,1.2366773078802042,2.4157835745191383,2.4157835745191383,False
44406,bank-marketing_seed_4_nrows_2000_nclasses_10_ncols_100_stratify_True,bank-marketing,T1,7,2000,1.1807945325522995,1.3474254888438355,1.4866337024388039,0.43886963077885416,1.1076872753256708,0.046067995439976236,0.9851244806351293,0.7164570850534411,0.8599461193560531,0.20432447573151577,1.4356085322944734,1.8644248887174524,1.8644248887174515,False,1.4321436677340813,2.241778478500958,2.241778478500958,False,1.3528657615301218,2.3929898200622683,2.392989820062268,False,1.2511795140121948,2.4172071162957747,2.4172071162957747,False
44407,phoneme_seed_0_nrows_2000_nclasses_10_ncols_100_stratify_True,phoneme,T2,5,2000,1.3947820600327483,1.4473383557237107,1.1360531470254027,0.2888012312082541,1.2100908544704947,0.14472406975861518,,,,,1.6103144625874832,2.0036590497766213,2.0036590497766205,False,1.5898408152734478,2.342106662813243,2.3421066628132436,False,1.497944317467007,2.4713876605645893,2.4713876605645893,False,1.385522439938369,2.4772898599030215,2.4772898599030215,False
44408,phoneme_seed_1_nrows_2000_nclasses_10_ncols_100_stratify_True,phoneme,T2,5,2000,1.3873323832030386,1.444676825100978,1.1156629954283677,0.2795555568223438,1.162713287889878,0.21561964237615922,,,,,1.607232612994489,2.0266111200757355,2.026611120075735,False,1.5732016019236796,2.3612592335471154,2.3612592335471154,False,1.4688123003361115,2.4758318636665964,2.475831863666596,False,1.3484131078481882,2.468832695737984,2.468832695737984,False
44409,phoneme_seed_2_nrows_2000_nclasses_10_ncols_100_stratify_True,phoneme,T2,5,2000,1.3871887082144323,1.4443790051757894,1.1234172887324978,0.28745574332048995,1.2082807632051402,0.15131985383401672,,,,,1.606944819389445,2.0246992779973523,2.024699277997352,False,1.5738757215824684,2.3597648418018435,2.359764841801844,False,1.4703315515942899,2.4753715920558097,2.4753715920558097,False,1.3504622224939553,2.4692348691616437,2.4692348691616437,False
44410,phoneme_seed_3_nrows_2000_nclasses_10_ncols_100_stratify_True,phoneme,T2,5,2000,1.3657399016911111,1.4266330664329852,1.0988424574110445,0.29601296618934253,1.1900488999757526,0.14825504799850067,,,,,1.5874920378358999,1.9934581961620355,1.9934581961620348,False,1.5648064623582345,2.335673648592149,2.335673648592149,False,1.470405785931355,2.463004080044158,2.4630040800441577,False,1.3566615031745801,2.466961666223498,2.466961666223498,False
44411,phoneme_seed_4_nrows_2000_nclasses_10_ncols_100_stratify_True,phoneme,T2,5,2000,1.4106740508617834,1.4596759987824697,1.1563704208495857,0.2846949027392784,1.1378497359265838,0.23527706831182074,,,,,1.6240107175965788,2.018810181730326,2.0188101817303257,False,1.600076127623846,2.3536942699687384,2.353694269968739,False,1.505136581051876,2.4788130174648755,2.478813017464875,False,1.3905113512025797,2.481009648251715,2.4810096482517148,False
44417,Higgs_seed_0_nrows_2000_nclasses_10_ncols_100_stratify_True,higgs,T1,24,2000,1.1192441581417716,1.957073021887125,1.1231627737809315,0.26465985638636197,1.0931338145841982,0.018716979975323574,0.928388220300764,0.5435998436649832,1.0875553982986104,0.05670424326954765,1.1166298888972086,2.387430116113732,2.387430116113732,False,0.8082532042507498,2.361825856861937,2.361825856861937,False,0.624132040061326,2.286885213147718,2.286885213147718,False,0.5066015855400208,2.2214405108783635,2.2214405108783635,False
44418,Higgs_seed_1_nrows_2000_nclasses_10_ncols_100_stratify_True,higgs,T2,24,2000,1.7520938011371727,2.6439320992400406,1.6591542745514385,0.1271414000745345,1.719191851359937,0.03776670654924191,1.9592123160206103,0.34084792970205735,1.6734158806531898,0.08847262813094567,1.3929056987888406,2.61694905743981,2.61694905743981,False,0.9936918519432084,2.469912445090167,2.469912445090167,False,0.7654180833712857,2.3514891781046914,2.3514891781046914,False,0.6212402657051286,2.260993364484887,2.260993364484887,False
44419,Higgs_seed_2_nrows_2000_nclasses_10_ncols_100_stratify_True,higgs,T2,24,2000,1.7431162645945744,2.5419031570868813,1.5945061601647426,0.12909792403536308,1.7133595739159677,0.027434333236085705,1.3308388803911806,0.3639128092667196,1.6349311218315745,0.10384893175070939,1.3640289892808748,2.610900045662781,2.610900045662781,False,0.9667032044080801,2.459567725007441,2.459567725007441,False,0.7423452100854604,2.3428845519993216,2.3428845519993216,False,0.6014375297113116,2.2547356272139414,2.2547356272139414,False
44420,Higgs_seed_3_nrows_2000_nclasses_10_ncols_100_stratify_True,higgs,T2,24,2000,1.3140518966369088,2.283055854112809,1.0770812864021138,0.18241918019710926,1.1957352031843345,0.0740555877377648,0.062058494801101226,0.45634272811227994,1.3113770571799832,0.06353966910409455,1.1908817577455106,2.4579249636653957,2.4579249636653957,False,0.8539341042076066,2.3912483589910707,2.3912483589910707,False,0.6574751646183513,2.3031273555176823,2.3031273555176823,False,0.5330071699939595,2.2308204879028795,2.2308204879028795,False
44421,Higgs_seed_4_nrows_2000_nclasses_10_ncols_100_stratify_True,higgs,T2,24,2000,1.4240007626998583,2.368986008097573,1.3739068723669043,0.18598544888346227,1.372896500327673,0.04214200500719717,1.2623221480086533,0.43172008983830207,1.3101524429842066,0.103189259730149,1.3113429846794937,2.4901506386662424,2.4901506386662424,False,0.9624589152316434,2.4324961030058625,2.4324961030058625,False,0.749466296818545,2.3369454896455593,2.3369454896455593,False,0.6116403928850026,2.25534230418486,2.25534230418486,False
44428,jannis_seed_0_nrows_2000_nclasses_10_ncols_100_stratify_True,jannis,T3,54,2000,2.9208017630089995,3.1691901691199926,2.8783233690193137,0.06554641999231214,2.906936191694812,0.017130828190915957,2.78274013303223,0.1868724058025142,2.8868909808718266,0.032115937512504876,2.9732021839747484,3.0960411513604544,3.096041151360455,False,2.9513058405349257,3.2217782217575337,3.221778221757533,False,2.889115065966716,3.2772623371648026,3.277262337164803,False,2.8010661235591794,3.2435890577306985,3.243589057730698,False
44429,jannis_seed_1_nrows_2000_nclasses_10_ncols_100_stratify_True,jannis,T3,54,2000,2.982805818441205,3.2117612487154403,2.942091359243484,0.06184669767661745,2.9651954932434,0.019363468240407695,2.854169110346771,0.1790179437096145,2.949492132478571,0.029801683178753126,3.03181831245301,3.1409957778367894,3.1409957778367903,False,3.016124878647953,3.2596208152441863,3.259620815244186,False,2.9642289423636785,3.3184940396191185,3.318494039619119,False,2.8875164323727867,3.2972117707597945,3.297211770759794,False
44430,jannis_seed_2_nrows_2000_nclasses_10_ncols_100_stratify_True,jannis,T3,54,2000,2.8722617836445243,3.1057083492205364,2.8235105136193797,0.06619730317053596,2.8502863314423506,0.023296482347396542,2.72362045019665,0.19602729964789697,2.821554011389108,0.04239372166004766,2.9272112602177174,3.0561994097286775,3.056199409728678,False,2.9040720242499805,3.186935979316827,3.1869359793168255,False,2.8392297761499297,3.2436798823413344,3.243679882341335,False,2.7482376556585124,3.2089409659979653,3.2089409659979644,False
44431,jannis_seed_3_nrows_2000_nclasses_10_ncols_100_stratify_True,jannis,T3,54,2000,2.956566084244556,3.1418153670135727,2.912329174628844,0.06295721519815703,2.935595455301115,0.018172742350668254,2.8190082152863334,0.18463429731599748,2.903050232140192,0.044106013042385,3.0071068795299243,3.124005046526132,3.1240050465261326,False,2.987313646163228,3.2459599052322647,3.245959905232264,False,2.928822570190519,3.301821392331545,3.301821392331545,False,2.8448376280484764,3.2716900721767135,3.271690072176712,False
44432,jannis_seed_4_nrows_2000_nclasses_10_ncols_100_stratify_True,jannis,T3,54,2000,2.91049021662212,3.098994840104037,2.866361318789912,0.06754555193260212,2.9003311159368073,0.00807174229158706,2.7709366642145588,0.1950232965542353,2.8556832706158777,0.049413261259740764,2.963355555876476,3.0854811320266706,3.085481132026671,False,2.942735075116125,3.2120622218524164,3.212062221852416,False,2.8822041386937154,3.269474614760858,3.2694746147608584,False,2.7958624914445895,3.238917504586805,3.2389175045868046,False
44439,eye_movements_seed_1_nrows_2000_nclasses_10_ncols_100_stratify_True,eye_movements,T3,23,2000,2.1791419279029327,2.619557218581962,2.1844294875369483,0.11889653791273438,2.158981292772593,0.013718977645380118,2.098450961138667,0.30677748016121376,2.074773037290135,0.08812496557939264,1.575991999498426,2.7754084929856324,2.775408492985632,False,1.1181287490482046,2.5446693818086383,2.5446693818086388,False,0.8613473328097669,2.3965893142113424,2.396589314211342,False,0.6997519040786749,2.2888397675459053,2.2888397675459053,False
44446,covertype_seed_3_nrows_2000_nclasses_10_ncols_100_stratify_True,covertype,T1,54,2000,0.7217096748851722,1.852383281132946,2.069954958475715,0.36894650938940465,0.6930939335446843,0.025189671355888656,1.8861163125734193,0.47464890621356776,0.7088432285576767,0.027733928005595914,1.080572015434307,1.6027759892307196,1.602775989230719,False,1.114443896285526,2.0639908755869825,2.063990875586983,False,1.0608160969371423,2.253911009491132,2.2539110094911314,False,0.9808957842971237,2.30827887268358,2.30827887268358,False
44447,covertype_seed_4_nrows_2000_nclasses_10_ncols_100_stratify_True,covertype,T1,54,2000,0.9713791954876068,2.0150711179589518,2.1487224828017712,0.3319351087727145,0.9597655993867946,0.016230081135748482,2.0616282280961045,0.4495537153832204,0.9149334077715207,0.0502125294094017,1.2738707775141709,1.758109189647813,1.758109189647812,False,1.279542648831936,2.170740273812132,2.1707402738121324,False,1.2050970970319974,2.3316770831725764,2.3316770831725755,False,1.109053104174438,2.3630119943623957,2.3630119943623953,False
44448,rl_seed_0_nrows_2000_nclasses_10_ncols_100_stratify_True,rl,T1,12,2000,0.904143785315092,1.3424675456849924,1.080254312207312,0.43235885156412424,0.8405766754606427,0.038364656878219314,0.34626279340383,0.7583511060124271,0.8667586761225502,0.06096842494283221,1.195549946845018,2.151527384852412,2.1515273848524124,False,0.9915015788005702,2.3460181750682887,2.346018175068289,False,0.8158474578618224,2.3259710890153418,2.3259710890153413,False,0.6861181207867608,2.2679827241340598,2.26798272413406,False
44449,rl_seed_1_nrows_2000_nclasses_10_ncols_100_stratify_True,rl,T1,12,2000,1.257142113330688,1.5354504483383806,1.1350755874976444,0.3338184756853453,1.1908112243526936,0.05416202446895872,0.518704749995451,0.7182120608219438,1.2215676143570213,0.06455060910864562,1.4330088202630993,2.294165741402201,2.294165741402202,False,1.1918010261752328,2.4436481480986907,2.443648148098691,False,0.9866779881035376,2.3986744702798175,2.3986744702798175,False,0.8339959636255657,2.319358907991899,2.319358907991899,False
44450,rl_seed_2_nrows_2000_nclasses_10_ncols_100_stratify_True,rl,T1,12,2000,1.1798931303816476,1.6018013551629835,1.0290016602060132,0.3248010125384945,1.096937381564494,0.0772546985763192,0.25511771168718655,0.705493182563271,1.096937381564494,0.10359037336013352,1.3590721466836626,2.287561849708325,2.2875618497083257,False,1.1087900532650279,2.4201058051624766,2.420105805162477,False,0.9075677150259048,2.3716507362408885,2.3716507362408885,False,0.7617275058085675,2.2962103906587474,2.2962103906587474,False
44451,rl_seed_3_nrows_2000_nclasses_10_ncols_100_stratify_True,rl,T1,12,2000,1.3033049683471976,1.5965789254442888,1.151374534248138,0.31173691615352767,1.184510337033327,0.08953894558314782,0.5210175906089973,0.697675455079838,1.2602291585525216,0.0456033843099842,1.478799508271875,2.2962827635653147,2.2962827635653142,False,1.2458744021986232,2.457918755159664,2.4579187551596644,False,1.0396250186698193,2.416562396432503,2.416562396432503,False,0.8831208526987144,2.3352846877122238,2.335284687712224,False
44452,rl_seed_4_nrows_2000_nclasses_10_ncols_100_stratify_True,rl,T1,12,2000,1.101041106708787,1.3988656274690614,1.0848274131190876,0.38669281809731826,0.9906449444490427,0.09244365637944664,0.0,0.7552480341025222,1.0020826661514142,0.0893820899021468,1.273563548193584,2.2919993547994597,2.29199935479946,False,1.0107865023472449,2.3954350427148494,2.39543504271485,False,0.8149605404343473,2.3415872978234433,2.3415872978234433,False,0.6778272658373145,2.2703452569037292,2.2703452569037292,False
44453,road-safety_seed_0_nrows_2000_nclasses_10_ncols_100_stratify_True,road-safety,T1,32,2000,1.2428016695169577,2.112841429712876,1.4271456227856811,0.27442048825400556,1.1915219390874219,0.02563399294582689,2.0276705758891396,0.5177160816456506,1.2168099595235191,0.042324485041899285,1.4908126263421864,2.1118678538985027,2.1118678538985027,False,1.3681372044348903,2.4019957548428796,2.4019957548428796,False,1.2051111320929653,2.4366905697959065,2.4366905697959065,False,1.059192315125722,2.3829730283920156,2.3829730283920156,False
44454,road-safety_seed_1_nrows_2000_nclasses_10_ncols_100_stratify_True,road-safety,T2,32,2000,1.3399405766457866,2.0799508793551458,1.2729336400308255,0.25132924673740165,1.3399405766457868,0.018929509457416956,1.2822090065252019,0.5479158288809295,1.3088604082751878,0.048162218818723866,1.5603722100488155,2.1851407695777274,2.1851407695777274,False,1.4152359858542862,2.446276074428017,2.446276074428017,False,1.2384838729249312,2.4617821752577993,2.4617821752577993,False,1.0844271795453027,2.396041178532193,2.396041178532193,False
44455,road-safety_seed_2_nrows_2000_nclasses_10_ncols_100_stratify_True,road-safety,T1,32,2000,1.039709823292872,2.0803628079809604,0.8529275877049902,0.2666132875885278,0.9626438580487635,0.03592123012161608,0.6916922838335112,0.5500364224763935,1.0309118045124956,0.038275840568403545,1.3373811902761958,2.040260688753866,2.040260688753866,False,1.2145302613952587,2.3440463163048237,2.3440463163048237,False,1.0573140685783717,2.380321071455693,2.380321071455693,False,0.9209818688523083,2.334451067863803,2.334451067863803,False
44456,road-safety_seed_3_nrows_2000_nclasses_10_ncols_100_stratify_True,road-safety,T2,32,2000,1.4091924086411107,2.373397654367098,1.6975831444189604,0.22960362755477018,1.3982314458106297,0.029354617888896817,1.460130266024974,0.4109933057923601,1.3262996568149976,0.0631983082731704,1.5965149347160963,2.2733952588200355,2.2733952588200355,False,1.4084234968561653,2.486031315800414,2.486031315800414,False,1.2107935508019263,2.469509128256941,2.469509128256941,False,1.04833808152877,2.388948513342206,2.388948513342206,False
44457,road-safety_seed_4_nrows_2000_nclasses_10_ncols_100_stratify_True,road-safety,T2,32,2000,1.6069941301044786,2.41787846131441,1.618917848381531,0.197911999666687,1.60398922306076,0.008797636217422791,2.1486393566789554,0.44759024420312216,1.5260009530010106,0.06554713838823772,1.7684395385481992,2.3334390534239073,2.3334390534239073,False,1.6029225661950568,2.552533726347722,2.552533726347722,False,1.4085262910318177,2.545183254292382,2.545183254292382,False,1.2386069007618217,2.4584086556467497,2.4584086556467497,False
44458,compass_seed_0_nrows_2000_nclasses_10_ncols_100_stratify_True,compass,T3,17,2000,1.8841597741177056,2.195694027340524,1.7504813142947055,0.1674244770311024,1.860051162422036,0.025130506862381573,1.5219094077926034,0.47728407499509334,1.6450531127114587,0.16300742392766848,2.0254263831880133,2.3625484692167205,2.3625484692167205,False,1.9608131757374287,2.612906050500554,2.612906050500554,False,1.833165065795701,2.6796485350546186,2.679648535054618,False,1.6912835385122693,2.629971076701576,2.629971076701576,False
44459,compass_seed_1_nrows_2000_nclasses_10_ncols_100_stratify_True,compass,T3,17,2000,1.9371456405415384,2.233893660328853,1.8582552239431636,0.18021369988831248,1.8509978293645033,0.0700603915081826,1.7078683863771353,0.4688008417804905,1.8123824711534389,0.11292057257124255,2.0705421964192183,2.41390017716676,2.41390017716676,False,1.9930893899959892,2.6516197417705527,2.6516197417705527,False,1.8542928474451275,2.703447337158123,2.703447337158123,False,1.704484858408228,2.640775058290127,2.640775058290127,False
44460,compass_seed_2_nrows_2000_nclasses_10_ncols_100_stratify_True,compass,T3,17,2000,1.912001642586065,2.2037772342072923,1.7755435444594152,0.15984193263319355,1.869660951082582,0.03579296890817751,1.4634703834830163,0.45399015294613637,1.787402197378015,0.11007996265074878,2.0471155596873096,2.414126207987289,2.414126207987289,False,1.95684867180066,2.6492782028442523,2.6492782028442523,False,1.8072027876479824,2.6903121384586632,2.6903121384586632,False,1.6510705897163462,2.6197433821887515,2.6197433821887515,False
44461,compass_seed_3_nrows_2000_nclasses_10_ncols_100_stratify_True,compass,T3,17,2000,1.978993666495232,2.2692851827679643,1.8608691391767562,0.15536056930684258,1.9188709419057381,0.05721476808720447,1.63225441286344,0.4413516409579108,1.8780811562020083,0.09023524134665702,2.105909815354334,2.4528578327186232,2.4528578327186237,False,2.0190787851826038,2.6806516516806678,2.6806516516806687,False,1.8723494407257824,2.7216174697258744,2.721617469725875,False,1.716947919078867,2.6497082647767916,2.6497082647767907,False
44462,compass_seed_4_nrows_2000_nclasses_10_ncols_100_stratify_True,compass,T2,17,2000,1.8795275035007248,2.206945161675314,1.736640433576199,0.16155036717776597,1.8518028993077151,0.025254433978432956,1.4618414334555954,0.4693098348866629,1.6850819223217854,0.13342680495815368,2.02152125313169,2.3550274089066763,2.3550274089066767,False,1.9601338849952716,2.6072482223860414,2.6072482223860414,False,1.8354109173715116,2.6773979270065795,2.6773979270065795,False,1.6955313623934574,2.6307213153179525,2.6307213153179525,False
44463,KDDCup09_upselling_seed_0_nrows_2000_nclasses_10_ncols_100_stratify_True,KDDCup09_upselling,T3,49,2000,2.8536694626186416,3.2789264629346784,3.0330174544376614,0.10405240046358329,2.818732761314347,0.02771314533751206,3.0599510538485006,0.21827887831521275,2.768291142099868,0.059604606269787294,2.8919544033508005,3.1259988004169865,3.1259988004169865,False,2.7727460939200443,3.2310746590831454,3.2310746590831454,False,2.599229916866771,3.1904508773085944,3.1904508773085944,False,2.41558684814388,3.0343908597924143,3.0343908597924143,False
44464,KDDCup09_upselling_seed_1_nrows_2000_nclasses_10_ncols_100_stratify_True,KDDCup09_upselling,T3,49,2000,2.7658665740737964,3.223274611645753,2.962512938745264,0.11065578938377632,2.746869135424645,0.027861264442500405,3.04659111152086,0.23325314711668652,2.698728656928155,0.04881558589747222,2.8092866328058475,3.0577300075220464,3.057730007522047,False,2.687539295282655,3.1711040840344396,3.1711040840344396,False,2.511581166963189,3.1338290108195768,3.1338290108195763,False,2.327153224830953,2.982756763162215,2.9827567631622145,False
44465,KDDCup09_upselling_seed_2_nrows_2000_nclasses_10_ncols_100_stratify_True,KDDCup09_upselling,T3,49,2000,3.053364723277975,3.403520746330622,3.154686272820067,0.08494338922084392,3.024860962126769,0.022789108985345596,3.157376834956848,0.1894455793929557,2.9677500519927476,0.06333858682199446,3.082280551766493,3.2843637727956483,3.2843637727956483,False,2.971334368116473,3.3729034592553706,3.3729034592553706,False,2.8062622675035387,3.327391663597282,3.327391663597282,False,2.6270477992841648,3.1627722633966826,3.1627722633966826,False
44466,KDDCup09_upselling_seed_3_nrows_2000_nclasses_10_ncols_100_stratify_True,KDDCup09_upselling,T3,49,2000,2.9255371661913188,3.292268314046699,3.065271893897971,0.09853438533577377,2.8918358213342925,0.023798168007565818,3.083344553117053,0.2103913726684463,2.8858986601095027,0.03745538881931474,2.9651840353641057,3.1719370761654853,3.1719370761654853,False,2.864715866566529,3.2784327525426002,3.2784327525426002,False,2.7094093344969234,3.2509826853924526,3.2509826853924526,False,2.5383919448942596,3.1052867297402993,3.1052867297402993,False
44467,KDDCup09_upselling_seed_4_nrows_2000_nclasses_10_ncols_100_stratify_True,KDDCup09_upselling,T3,49,2000,2.7521974794671946,3.1582225040040086,2.998472613249919,0.12034073354520136,2.7306623319165495,0.016583263465225824,3.072407484364189,0.24451135347857836,2.7015946083974067,0.04055583486995763,2.8011778134184544,3.0365607683914257,3.0365607683914257,False,2.694034719597546,3.158667747763284,3.158667747763284,False,2.5314694297596594,3.135682946177515,3.135682946177515,False,2.3564836387354466,2.9968512991718264,2.996851299171826,False
44498,credit-g_seed_0_nrows_2000_nclasses_10_ncols_100_stratify_True,credit-g,T2,20,1000,1.5910415402765,2.2194355901691774,1.5975078879225004,0.2099274003944321,1.4940422254719876,0.06543380345572972,1.6106599983311336,0.46750241855151015,1.488050283786136,0.10029367100235682,1.7583635523799137,2.181607751961439,2.1816077519614385,False,1.5816514341771384,2.532453316480331,2.5324533164803307,False,1.3751023481630926,2.542874943521609,2.542874943521609,False,1.1986801047174036,2.451627917316325,2.4516279173163253,False
44499,credit-g_seed_1_nrows_2000_nclasses_10_ncols_100_stratify_True,credit-g,T2,20,1000,1.5910415402765,2.2194355901691774,1.5975078879225004,0.2099274003944321,1.54253128095383,0.04045310880754645,1.6106599983311336,0.46750241855151015,1.453709552146897,0.12419958145423124,1.7583635523799137,2.181607751961439,2.1816077519614385,False,1.5816514341771384,2.532453316480331,2.5324533164803307,False,1.3751023481630926,2.542874943521609,2.542874943521609,False,1.1986801047174036,2.451627917316325,2.4516279173163253,False
44500,credit-g_seed_2_nrows_2000_nclasses_10_ncols_100_stratify_True,credit-g,T2,20,1000,1.5910415402765,2.2194355901691774,1.5975078879225004,0.2099274003944321,1.5618307432048337,0.0321361622970067,1.6106599983311336,0.46750241855151015,1.441081940058577,0.11750973879643692,1.7583635523799137,2.181607751961439,2.1816077519614385,False,1.5816514341771384,2.532453316480331,2.5324533164803307,False,1.3751023481630926,2.542874943521609,2.542874943521609,False,1.1986801047174036,2.451627917316325,2.4516279173163253,False
44501,credit-g_seed_3_nrows_2000_nclasses_10_ncols_100_stratify_True,credit-g,T2,20,1000,1.5910415402765,2.2194355901691774,1.5975078879225004,0.2099274003944321,1.5542251573207178,0.02476941228480638,1.6106599983311336,0.46750241855151015,1.5030070852902742,0.09380994347622636,1.7583635523799137,2.181607751961439,2.1816077519614385,False,1.5816514341771384,2.532453316480331,2.5324533164803307,False,1.3751023481630926,2.542874943521609,2.542874943521609,False,1.1986801047174036,2.451627917316325,2.4516279173163253,False
44502,credit-g_seed_4_nrows_2000_nclasses_10_ncols_100_stratify_True,credit-g,T2,20,1000,1.5910415402765,2.2194355901691774,1.5975078879225004,0.2099274003944321,1.4956812428117716,0.06076664494515558,1.6106599983311336,0.46750241855151015,1.4687470731783514,0.12528929320882212,1.7583635523799137,2.181607751961439,2.1816077519614385,False,1.5816514341771384,2.532453316480331,2.5324533164803307,False,1.3751023481630926,2.542874943521609,2.542874943521609,False,1.1986801047174036,2.451627917316325,2.4516279173163253,False
44538,albert_seed_0_nrows_2000_nclasses_10_ncols_100_stratify_True,albert,T3,70,2000,2.156719584348702,2.994132136736921,2.083062285919328,0.10341240236115025,2.156719584348702,0.0,1.9841387897400322,0.28795680172944554,2.110595491596144,0.036157014664380704,2.2456887663913303,2.6361754472307712,2.636175447230771,False,2.0954475973013937,2.8053279613508684,2.805327961350869,False,1.8996271962330293,2.7825360739482017,2.7825360739482012,False,1.7131132230753512,2.663079959968735,2.663079959968735,False
44539,albert_seed_1_nrows_2000_nclasses_10_ncols_100_stratify_True,albert,T3,70,2000,2.115560428499758,2.971053913073387,2.020141358031164,0.10164734153285283,2.0869319405860614,0.014658213184633739,1.890338096402261,0.29447120923627884,2.0658413432612157,0.038747188923255224,2.2157605445077904,2.5911302663352793,2.591130266335279,False,2.0844810287903424,2.77726086018992,2.77726086018992,False,1.902438833462715,2.772067470061636,2.7720674700616357,False,1.7240686121225406,2.6645185339389443,2.6645185339389434,False
44540,albert_seed_2_nrows_2000_nclasses_10_ncols_100_stratify_True,albert,T3,70,2000,1.9497420992319223,2.712809042562756,1.8194928223984703,0.1182992242770523,1.9109737175526849,0.032899332987818476,1.5858125369027198,0.34614013576204977,1.9221918642269713,0.03146536213747273,2.0645369851917255,2.505012429794585,2.505012429794584,False,1.914455352508537,2.699104893542289,2.699104893542289,False,1.721491022030584,2.6878823379790604,2.68788233797906,False,1.5414533477746126,2.583651589291196,2.583651589291196,False
44541,albert_seed_3_nrows_2000_nclasses_10_ncols_100_stratify_True,albert,T3,70,2000,2.0185690098932727,2.8575103178956045,1.900877873323088,0.10818673492722511,2.0143263850227457,0.008541103541852576,1.7135466470854077,0.3179450702700196,2.0163390003720445,0.009878522452744213,2.1352489402406407,2.5100692996012737,2.510069299601273,False,2.0211142728190596,2.7185015246701885,2.7185015246701885,False,1.8524349247725835,2.7330152921412387,2.7330152921412383,False,1.683363492557742,2.6412505410667952,2.641250541066795,False
44542,albert_seed_4_nrows_2000_nclasses_10_ncols_100_stratify_True,albert,T2,70,2000,1.8239858081675917,2.7059461628392136,1.662132219018913,0.11954005127200008,1.8107150554213232,0.012242029452898259,1.2936120778535694,0.35164619352642196,1.7835820842698666,0.034707302160436236,1.9687528235254033,2.378972831288916,2.378972831288915,False,1.8631963444640587,2.6174028936230123,2.6174028936230123,False,1.7019674055992944,2.6487855476182665,2.6487855476182656,False,1.5408684581215204,2.573755683508113,2.573755683508112,False
44628,kc1_seed_0_nrows_2000_nclasses_10_ncols_100_stratify_True,kc1,T3,21,2000,2.9420051414178405,2.954344715684265,2.8885733642429883,0.057727904590915965,2.8896330809075876,0.04831593949600424,2.772521828747448,0.17265460543702243,2.7952547732282094,0.1286297662939874,2.9811936363220055,3.023128342987685,3.023128342987685,False,2.993131259239711,3.128163465655588,3.1281634656555894,False,2.9880995381065247,3.216471073231129,3.216471073231129,False,2.9683146301271233,3.284242118157327,3.2842421181573274,False
44629,kc1_seed_1_nrows_2000_nclasses_10_ncols_100_stratify_True,kc1,T3,21,2000,2.9408291146449126,2.9524040021702334,2.8873725897389417,0.05795607370137402,2.887061899592466,0.05674367497715639,2.771272590469585,0.17330543063049464,2.790521420352107,0.14113185607963433,2.9798992127569597,3.021563723946002,3.0215637239460027,False,2.9919677886115714,3.126257338556883,3.1262573385568833,False,2.987238404494599,3.2145509152094878,3.2145509152094887,False,2.9678817629551895,3.2828788194587446,3.282878819458745,False
44630,kc1_seed_2_nrows_2000_nclasses_10_ncols_100_stratify_True,kc1,T3,21,2000,2.9386395684542927,2.9544939147109037,2.8850134193151535,0.05777043226391259,2.8964168514197772,0.040450444441598996,2.768478400578582,0.17272974155287676,2.7784204030899255,0.14640625427016923,2.9785713117595773,3.0218594851380516,3.0218594851380525,False,2.990077918199933,3.128922062381002,3.128922062381003,False,2.983835852917039,3.2177990923888204,3.217799092388821,False,2.9622726141596236,3.2837392676051365,3.283739267605137,False
44631,kc1_seed_3_nrows_2000_nclasses_10_ncols_100_stratify_True,kc1,T3,21,2000,2.940674446086424,2.9556672221807334,2.887264873235418,0.05803983220854928,2.8866991174074546,0.05553210031302166,2.7708734741113377,0.17240914308703081,2.7788988135065256,0.14621537456499017,2.979995419781503,3.0221428795914282,3.0221428795914287,False,2.9918886084904437,3.1275308715620933,3.127530871562094,False,2.9866970621525084,3.215981087363837,3.2159810873638377,False,2.9666674503583583,3.2835583943804196,3.2835583943804196,False
44632,kc1_seed_4_nrows_2000_nclasses_10_ncols_100_stratify_True,kc1,T3,21,2000,2.939313787401619,2.9531876991221258,2.885734639150193,0.057848527694535766,2.8855558309426206,0.05371853862606725,2.7692463575328596,0.17277042805721604,2.7841455624495426,0.1439318188403644,2.9782129180529493,3.0194980878260744,3.019498087826075,False,2.990458371684603,3.1237015261782224,3.123701526178223,False,2.9861448706681664,3.2119592154622216,3.2119592154622216,False,2.96738058070623,3.2810439698478886,3.281043969847889,False
44659,churn_seed_1_nrows_2000_nclasses_10_ncols_100_stratify_True,churn,T3,20,2000,2.051809781020601,2.508527020338276,1.9795322164296378,0.13784713611211385,2.022621483003559,0.03508766554285993,1.9824663141238625,0.37853264226081446,1.943158519940101,0.09316935521708364,2.1427729104567845,2.5151804662116173,2.5151804662116173,False,1.9506186512240848,2.7518937814077304,2.7518937814077304,False,1.725011011609205,2.7208199268681073,2.720819926868107,False,1.5255302699957707,2.5911806055484448,2.5911806055484443,False
44661,churn_seed_3_nrows_2000_nclasses_10_ncols_100_stratify_True,churn,T3,20,2000,2.1102566930141795,2.4505510063710734,2.005169371096276,0.12518468718101167,2.043581313234919,0.0530026862695109,1.857624402047231,0.3728353087438122,1.9961851064162475,0.11553793801991716,2.1915827027148986,2.559255853094175,2.5592558530941756,False,1.9937563796996667,2.7833119069760786,2.783311906976078,False,1.7636473376926398,2.7442565523023816,2.7442565523023816,False,1.5604834030174985,2.607946849327965,2.607946849327965,False
44662,churn_seed_4_nrows_2000_nclasses_10_ncols_100_stratify_True,churn,T3,20,2000,2.116097619995276,2.549565754033784,2.022746703675243,0.12196499541274493,2.0780003835444605,0.03986354143951402,1.90115896217275,0.35287091444523694,2.0389151196713966,0.08628224093796101,2.182341070889056,2.5870368487837005,2.5870368487837005,False,1.9554978569473658,2.790285528962425,2.790285528962425,False,1.7101901896969978,2.7298631415864087,2.7298631415864087,False,1.5013902729530864,2.5852663532079787,2.5852663532079783,False
44708,Amazon_employee_access_seed_0_nrows_2000_nclasses_10_ncols_100_stratify_True,amazon-employee-access,T1,8,2000,1.0724001639177,1.6523086225563577,0.7759156163671188,0.2641227837292904,1.0482808311106422,0.07846477286588642,0.0,0.6797878981394446,1.000042165496527,0.19212726111633324,0.9919032901483827,2.0464720176174023,2.0464720176174023,False,0.6429179836041412,2.3528130065539057,2.3528130065539057,False,0.4703004684865526,2.2557597108557794,2.2557597108557794,False,0.3699789182046737,2.1888242813571788,2.1888242813571788,False
44709,Amazon_employee_access_seed_1_nrows_2000_nclasses_10_ncols_100_stratify_True,amazon-employee-access,T1,8,2000,0.0953427872774167,1.355952880776925,0.0,0.35374627800283753,0.0762742298219334,0.1292507443994325,,0.8264942301056862,0.09534278727741674,0.10410346193658829,0.30157395638901213,2.133423451367505,2.133423451367505,False,0.16810421606730996,2.156743803762957,2.156743803762957,False,0.11627157717524866,2.1228194284523187,2.1228194284523187,False,0.0888326792763144,2.1049149436902197,2.1049149436902197,False
44710,Amazon_employee_access_seed_2_nrows_2000_nclasses_10_ncols_100_stratify_True,amazon-employee-access,T1,8,2000,1.1058117599681123,1.7459480670441545,0.7740917734045534,0.22118070725927105,0.8734666903879733,0.141491572996518,0.0,0.603242377302035,1.0641093499219831,0.2651123379804319,0.9180912219380193,2.144724337183147,2.144724337183147,False,0.5760873338371626,2.3360222622954887,2.3360222622954887,False,0.41640392836851536,2.237379686347854,2.237379686347854,False,0.32555472273821184,2.1756989651978738,2.1756989651978738,False
44711,Amazon_employee_access_seed_3_nrows_2000_nclasses_10_ncols_100_stratify_True,amazon-employee-access,T1,8,2000,0.8728672482263021,1.2862252318845675,0.5383516254174532,0.38531481058242883,0.6371320203877511,0.15240377785052908,0.0,0.8364763946111891,0.8395618893437732,0.0872352385246864,1.1954710080652686,1.4889900567527954,1.4889900567527954,False,0.9786128365122917,2.302614831592595,2.302614831592595,False,0.7886031052321716,2.330297134270634,2.330297134270634,False,0.6529349093403269,2.267199216607304,2.267199216607304,False
44712,Amazon_employee_access_seed_4_nrows_2000_nclasses_10_ncols_100_stratify_True,amazon-employee-access,T1,8,2000,0.5664902501344456,1.560205326312117,0.0,0.32408220621816236,0.5664902501344456,0.09025453146303311,,0.7108144504947598,0.5664902501344456,0.1804521843868408,0.757055045936023,1.8179215568148817,1.8179215568148817,False,0.4856399673452161,2.267096237664589,2.267096237664589,False,0.3529294712341837,2.205837232095575,2.205837232095575,False,0.2765138688255329,2.158869574381671,2.158869574381671,False
44758,kick_seed_0_nrows_2000_nclasses_10_ncols_100_stratify_True,kick,T3,29,2000,2.37621295393462,2.691273416803415,2.379970217286857,0.12294661621121566,2.329123822075316,0.0366126583296743,2.3900922091999286,0.31466420199162715,2.2696027799598704,0.08003713771455585,2.4418961630585385,2.7079820107692267,2.7079820107692263,False,2.273676434139705,2.923651791827273,2.9236517918272726,False,2.056054623814643,2.893638946873987,2.893638946873988,False,1.85056709365276,2.744708501042253,2.744708501042253,False
44760,kick_seed_2_nrows_2000_nclasses_10_ncols_100_stratify_True,kick,T3,29,2000,2.6724886781545942,2.918320554231609,2.6455399338135623,0.09060280194968656,2.6183439625008966,0.04422787834041185,2.568971615998925,0.24006299387750155,2.5516230705159093,0.1007073795954974,2.73102969147778,2.901613141828216,2.901613141828216,False,2.62574635561692,3.0914924173242797,3.0914924173242793,False,2.4583759656950477,3.0960253790794385,3.0960253790794385,False,2.2782752259850247,2.963041043668181,2.963041043668182,False
44762,kick_seed_4_nrows_2000_nclasses_10_ncols_100_stratify_True,kick,T3,29,2000,2.4897126889930203,2.711834285321693,2.40742891454483,0.08464519468060262,2.4879561727503683,0.009889989207202778,2.2181983975988397,0.2480910634376637,2.3649556127645623,0.11199578386634604,2.567799116235364,2.725122718058423,2.725122718058423,False,2.4956383259564716,2.947514752125982,2.947514752125982,False,2.3597942793550297,2.9970754898756726,2.9970754898756726,False,2.2040202309154364,2.909098255281116,2.9090982552811164,False
45023,heloc,heloc,T3,22,10000,2.747396854953614,2.808068402479476,2.784756398227735,0.1236003358343512,2.7029410325808287,0.036504440716931735,2.704718642197448,0.2776639504176105,2.6065135159979818,0.10477324963845407,2.805927909662085,3.0414202878397605,3.041420287839761,False,2.7460951959969564,3.14582088333037,3.14582088333037,False,2.637678551700528,3.1539828201724074,3.1539828201724074,False,2.5074000412841695,3.063683344521917,3.063683344521917,False
45039,compas-two-years,compas-two-years,T3,11,4966,1.8801868830119937,2.04475769264987,1.9940766969651087,0.24790211073863233,1.7731891284486068,0.08259743150252741,1.8769296371938726,0.4961270619224953,1.5919576912409448,0.18870381970496933,1.9871037364397723,2.553097465491085,2.5530974654910854,False,1.8092340669250377,2.6771967450782883,2.6771967450782883,False,1.605715873904697,2.6382858953915655,2.6382858953915655,False,1.4250854870997414,2.531903458497382,2.531903458497382,False
45545,Tour-and-Travels-Customer-Churn-Prediction,Tour-and-Travels-Customer-Churn-Prediction,T1,6,954,1.1517497128739087,1.324577462238408,0.8380742847006635,0.35168887910590957,1.0276835080895188,0.10179706870558727,0.18723769659182282,0.8110689796952417,0.9347585060567092,0.1889310203047583,1.39985816463902,1.5847807648462644,1.5847807648462637,False,1.4185624745425318,2.1226863614352713,2.1226863614352713,False,1.349188678980901,2.3542321156423576,2.3542321156423576,False,1.25110139700305,2.4122816921255477,2.4122816921255477,False
45553,FICO-HELOC-cleaned,heloc,T3,23,9871,2.825810122091505,2.874716338294773,2.856620651092008,0.1151186258110206,2.7759721127799395,0.06519453619533562,2.7857492373691373,0.26336761081733595,2.676499522433278,0.1100927216098097,2.882659589485674,3.0789150568854216,3.0789150568854224,False,2.8442586831937464,3.185303268141133,3.185303268141133,False,2.762428185548347,3.213046559828296,3.213046559828297,False,2.6562346750118904,3.149457096912843,3.1494570969128426,False
45562,seismic-bumps,seismic-bumps,T3,18,2584,2.1117921044969723,2.236079461351467,1.9934790978232122,0.1357381543002708,2.0783077810387582,0.027618634857925622,1.697728013892588,0.38519241253794057,1.9696522515440553,0.12195417293716146,2.219123873162881,2.300316849060127,2.300316849060127,False,2.21214025846259,2.6014503683747168,2.6014503683747168,False,2.1430785673534287,2.756747478392538,2.756747478392538,False,2.042505368922978,2.780855376886732,2.7808553768867323,False
45711,doa_bwin,doa_bwin,T1,12,530,0.0,1.3755042819169958,,0.4570007943746505,0.0,0.05213451410750534,,0.6502692047427104,0.0,0.10936479449233587,0.6749394695191143,1.2867610977320765,1.2867610977320763,False,0.5185422317885752,2.1661272213894476,2.166127221389448,False,0.40114941035871393,2.1937135124957017,2.1937135124957012,False,0.324105731817686,2.1651383126644044,2.1651383126644044,False
45712,doa_bwin_balanced,doa_bwin,T1,12,708,0.0239752472124449,1.595990395126182,0.0,0.3905013508021135,0.02397524721244496,0.04151863628756551,,0.5987998182991847,0.02397524721244496,0.1670356468309943,0.6952300955136671,1.6242254710813089,1.6242254710813084,False,0.5607275524897395,2.1688834158975925,2.168883415897592,False,0.44519945707779407,2.1982128967563996,2.1982128967564005,False,0.3650676502016216,2.1730273734739556,2.173027373473956,False
45717,bwin_amlb,doa_bwin,T1,12,530,0.0,1.375504281916996,,0.4570007943746505,0.0,0.06261437523904796,,0.6502692047427104,0.0,0.12158051134190487,0.6749394695191143,1.2867610977320765,1.2867610977320763,False,0.5185422317885752,2.1661272213894476,2.166127221389448,False,0.40114941035871393,2.1937135124957017,2.1937135124957012,False,0.324105731817686,2.1651383126644044,2.1651383126644044,False
46116,German-Credit-Risk-with-Target,credit-g,T1,7,1000,0.8039017017714886,1.4465438876362808,0.7175562411468109,0.38168876482902964,0.6439538488492829,0.09728541521284029,0.0,0.7475017445917652,0.7773990319828165,0.20199860432658778,1.1140923821265074,1.983668176984064,1.9836681769840634,False,0.8845909796564078,2.3216416650668075,2.321641665066807,False,0.7070417050382622,2.301117507331331,2.3011175073313304,False,0.5837268780687096,2.2421913389781745,2.2421913389781745,False
46280,blastchar,blastchar,T3,19,7043,2.3942645098438806,2.488337131229046,2.337384828170055,0.13114856945078907,2.3306627105141757,0.05456844377914137,2.2276348336721528,0.35970306535283925,2.259123419065534,0.10609745278781388,2.481300660747717,2.7133722830734923,2.7133722830734928,False,2.4548855942511474,2.872791390750693,2.872791390750693,False,2.380031102917849,2.939215800079615,2.939215800079615,False,2.2793447063014995,2.9121654196793694,2.9121654196793694,False
46281,insurance_company,insurance_company,T3,85,9822,3.382076919326194,3.6531684390881383,3.389533832078761,0.05258305871211667,3.372154088413353,0.016807116484377937,3.3617976877795166,0.13609593296746836,3.3470872040937345,0.02981947122044356,3.3944514497794254,3.5669577268854877,3.5669577268854873,False,3.284009113687249,3.622115524127254,3.622115524127255,False,3.1212920524181977,3.5560273520059558,3.5560273520059558,False,2.9421128443167093,3.36776658866413,3.36776658866413,False
46358,Fraud-Detection-Updated),Fraud-Detection-Updated),T2,21,4156,1.7962261829112451,2.141205970473669,1.840906534103271,0.22163914726118397,1.7228253045700967,0.05172032159328878,1.5771007170681473,0.47436525160643295,1.7182953619546257,0.07653896622915725,1.9377031964458309,2.370408453691042,2.370408453691041,False,1.7976460063381852,2.618164232643254,2.6181642326432537,False,1.6113998856002842,2.6288725486513256,2.628872548651326,False,1.4378044041766724,2.538581464495428,2.538581464495428,False
46359,Fraud-Detection-Updated,Fraud-Detection-Updated),T2,21,4156,1.7962261829112451,2.141205970473669,1.840906534103271,0.22163914726118397,1.7917716822375875,0.010616406844998654,1.5771007170681473,0.47436525160643295,1.707571411832219,0.06624626637611868,1.9377031964458309,2.370408453691042,2.370408453691041,False,1.7976460063381852,2.618164232643254,2.6181642326432537,False,1.6113998856002842,2.6288725486513256,2.628872548651326,False,1.4378044041766724,2.538581464495428,2.538581464495428,False
46365,Credit_Approval_Classification,credit-g,T1,7,1000,0.8958547927028204,1.314821941927757,0.9109716719300542,0.4096464949071299,0.771537477468924,0.11098262432594372,0.0,0.8022543439185142,0.8208059358025173,0.106643199520671,1.168924326555015,2.025908677691482,2.025908677691481,False,0.9264132088178366,2.34433970717872,2.34433970717872,False,0.7406861336413115,2.316012368363827,2.3160123683638267,False,0.6118049350958475,2.251850505436509,2.251850505436509,False
46416,Creditability-German-Credit-Data,credit-g,T3,20,1000,1.886795861561226,2.2757948040145823,1.93536063046499,0.1948020753266717,1.85693878917172,0.023254090260239373,1.847426106088234,0.44398539584934654,1.7593076796138967,0.09893534277661872,2.021135741321803,2.3145441852500164,2.314544185250017,False,1.8928868874795206,2.637472314719867,2.637472314719867,False,1.7077506324363594,2.674471097193753,2.674471097193753,False,1.530164301361695,2.583143162153613,2.583143162153613,False
46421,German-Credit-Data-Creditability,credit-g,T3,71,1000,2.3757708289850945,3.368189206187231,2.3907794996205998,0.0820916305205047,2.3599752249285073,0.012109867902208199,2.4728237665499493,0.2162497535488959,2.3512528364292367,0.030551557570977893,2.4263247502953913,2.7293978837962616,2.7293978837962616,False,2.2196506266928595,2.92999660209989,2.9299966020998904,False,1.977171014544462,2.8704171927101934,2.8704171927101934,False,1.759978432035105,2.706288571753546,2.706288571753546,False
46431,HMEQ_Data,HMEQ_Data,T3,20,5960,2.098235952324474,2.40755902121624,2.0602126092902884,0.16293100517117504,2.035660083687835,0.047485039367750684,1.9278068801162898,0.40383312612167793,1.9743521846225895,0.10430155135251798,2.1825661892850787,2.657100580942869,2.6571005809428696,False,2.0137658243584635,2.781181723124574,2.7811817231245746,False,1.8100291090773408,2.73936035643381,2.7393603564338096,False,1.6225114866640569,2.619062795677235,2.619062795677235,False
46482,German-Credit-Data-Creditability-2,credit-g,T3,20,1000,1.886795861561226,2.2757948040145823,1.93536063046499,0.1948020753266717,1.8375668806990055,0.04493384209948396,1.847426106088234,0.44398539584934654,1.7535380515175452,0.10289795395483334,2.021135741321803,2.3145441852500164,2.314544185250017,False,1.8928868874795206,2.637472314719867,2.637472314719867,False,1.7077506324363594,2.674471097193753,2.674471097193753,False,1.530164301361695,2.583143162153613,2.583143162153613,False
46483,HMEQ_Data_New,HMEQ_Data,T3,10,5960,1.955674698189548,2.054415940980914,1.8836536409439837,0.19988927623063998,1.8528752414571765,0.07592299846496593,1.6565750313658807,0.4954361584746418,1.649167075721241,0.2120116019648255,2.062983913261962,2.5631029037289688,2.5631029037289688,False,1.90456126163658,2.7090029640996343,2.709002964099635,False,1.7096395232402017,2.682021917822501,2.682021917822501,False,1.5299602284475866,2.575655104568868,2.575655104568868,False
46502,Credit_Approval_Classification,credit-g,T3,46,1000,1.9234278217415997,2.917744517504491,2.05607115803591,0.13361983905979344,1.9153572538692323,0.006685377244721201,2.260944568881239,0.29304529275476693,1.861923061024094,0.057714824478698426,2.0247908613485226,2.417796793854521,2.417796793854521,False,1.8138876293415165,2.6904488173131327,2.6904488173131322,False,1.5806242303545455,2.6582091942169863,2.6582091942169863,False,1.3824797904776527,2.5328314606068076,2.5328314606068076,False
46517,HMEQ_Data_Preprocessed,HMEQ_Data,T3,20,5960,2.098235952324474,2.40755902121624,2.0602126092902884,0.16293100517117504,2.0254059994088616,0.058982107852557975,1.9278068801162898,0.40383312612167793,1.927827081769004,0.11903476203429116,2.1825661892850787,2.657100580942869,2.6571005809428696,False,2.0137658243584635,2.781181723124574,2.7811817231245746,False,1.8100291090773408,2.73936035643381,2.7393603564338096,False,1.6225114866640569,2.619062795677235,2.619062795677235,False
46532,dataset_credit-g,credit-g,T2,20,1000,1.5910415402765,2.2194355901691774,1.5975078879225004,0.2099274003944321,1.5376810897918702,0.03785341711903869,1.6106599983311336,0.46750241855151015,1.5020931827456745,0.08497742206809844,1.7583635523799137,2.181607751961439,2.1816077519614385,False,1.5816514341771384,2.532453316480331,2.5324533164803307,False,1.3751023481630926,2.542874943521609,2.542874943521609,False,1.1986801047174036,2.451627917316325,2.4516279173163253,False
46562,German-Credit-Data-Creditability-Preprocessed-Dataset,credit-g,T3,33,1000,2.0459121384522674,2.636434850681947,2.130736536786372,0.15446190012352592,2.034373229416071,0.012035893277900825,2.110456988902217,0.352043620454162,1.958468355791652,0.07812646811814232,2.1570871256949875,2.4354036411087576,2.4354036411087576,False,2.0185329538109436,2.724890004772031,2.724890004772031,False,1.8246676764038061,2.7434507290342602,2.7434507290342602,False,1.6388331342178681,2.635575724691925,2.6355757246919245,False
46667,imdb_genre_prediction,imdb_genre_prediction,T2,7,800,1.5152112833456572,1.6827531460637668,1.335959860154412,0.25949711873207204,1.4179430640174124,0.09323136113310007,0.6309726115097706,0.6361303337504151,1.2895262920549997,0.2314845552122434,1.7137750533444254,2.012113256015835,2.0121132560158355,False,1.628094292729382,2.4330060059996597,2.4330060059996597,False,1.4750258289145675,2.5294232109547545,2.5294232109547545,False,1.3222632926199491,2.4833377102735747,2.4833377102735743,False
46911,Bank_Customer_Churn,Bank_Customer_Churn,T2,10,10000,1.3757920196554942,1.5658853120287033,1.5389617014230477,0.3734971461478304,1.2356681726160246,0.08864088849924265,1.0353256053144204,0.6476459961236902,1.2505225617854587,0.10312938488437651,1.6004824200416683,2.1922261745472404,2.1922261745472404,False,1.5233173331299794,2.430078453874049,2.430078453874049,False,1.390664908761681,2.4814102245163947,2.4814102245163947,False,1.2562424941750547,2.4422541444045796,2.4422541444045796,False
46915,churn,churn,T3,19,5000,2.2560982087424755,2.453432061904598,2.1920718053077364,0.13552119626349335,2.1980663719002935,0.04870657547773306,2.123357760953153,0.38006973358887647,2.132444620669939,0.10125053826948631,2.3213301321717186,2.7384802946641216,2.7384802946641216,False,2.1443343906271335,2.8644658113647608,2.8644658113647603,False,1.9307023585566983,2.812655418535869,2.8126554185358694,False,1.7335204147755874,2.675667972101919,2.675667972101919,False
46916,coil2000_insurance_policies,insurance_company,T3,83,9822,3.3824545676846443,3.647528260263893,3.3903596333053763,0.05275258756917722,3.3824545676846443,0.00018733838055279457,3.3643187242526578,0.1367046846050562,3.350161414905559,0.026826329145672602,3.3937430763730245,3.5686201380195217,3.5686201380195217,False,3.2804076123402015,3.622183156429895,3.6221831564298954,False,3.1147498589419884,3.5531690822037434,3.553169082203743,False,2.9332703335359094,3.362055948866116,3.3620559488661166,False
46925,Employee,Employee,T2,8,4653,1.6889890595461714,1.8139814567449493,1.4933223073932544,0.1974306182569305,1.4896306553107659,0.19139767335640817,0.9737958313469679,0.5822120621483086,1.4407129875817133,0.20952411038955993,1.8215230078978175,2.45593298121405,2.45593298121405,False,1.635686013668608,2.595059416414166,2.595059416414166,False,1.4327255168479107,2.561064719314212,2.561064719314212,False,1.2586948168475705,2.4654079056556077,2.4654079056556077,False
46927,Fitness_Club,Fitness_Club,T1,6,1500,0.6051597942042611,0.786941256375296,0.0,0.5840786453066851,0.4841278353634089,0.09105912351694219,,0.9490059427439842,0.6051597942042611,0.05099405725601584,0.959499342064139,1.3442418449496178,1.3442418449496172,False,1.0385371569345394,1.8938891469516868,1.8938891469516859,False,1.0233613088888396,2.162236763834299,2.162236763834299,False,0.9694210879371771,2.2747946894388162,2.274794689438816,False
46938,Is-this-a-good-customer,Is-this-a-good-customer,T2,13,1723,1.7159685794047066,2.163304029051185,1.6315842584623401,0.1859590823648673,1.7159685794047064,0.02447648292901356,1.2344197660430867,0.4515873142147982,1.5483831918093898,0.16303502387733343,1.8226979222805075,2.286812951881748,2.2868129518817475,False,1.5613217785692048,2.604572081443973,2.6045720814439735,False,1.3146914430456207,2.554744469826202,2.554744469826202,False,1.1230783718080664,2.4347789689393906,2.4347789689393906,False
46950,polish_companies_bankruptcy,polish_companies_bankruptcy,T3,63,5910,3.9291578332106663,3.965054889520931,3.9113666085361247,0.024734489005105005,3.914139302204326,0.015189255924508876,3.8748020079038734,0.07361849385248387,3.878879505535975,0.04680670280225613,3.9457583439851276,3.971139102759812,3.9711391027598113,False,3.948435450825934,4.015545331306536,4.0155453313065355,False,3.9422399040462777,4.052069109922859,4.05206910992286,False,3.9278126992281206,4.074962836655416,4.074962836655416,False
46956,seismic-bumps,seismic-bumps,T3,14,2584,2.1160157869332257,2.238014294300513,1.9980332485578558,0.13548108198561581,2.0630885782168784,0.05786440666148383,1.6989187795064205,0.3825214490156637,1.9576757969681797,0.13666528379636245,2.2209224526262648,2.2959733848346358,2.295973384834636,False,2.219959320787851,2.5899815427538226,2.589981542753822,False,2.1596348098488045,2.750488903886004,2.7504889038860045,False,2.0672423413432495,2.7866806355641764,2.7866806355641773,False
47044,Accidents_Prediction_Dataset,Accidents_Prediction_Dataset,T1,6,500,1.1427841450020826,1.3704172459302222,0.7668346153287501,0.2745467262064884,0.9923363642874389,0.1057620917845806,0.0,0.8033571851293915,1.087449514286314,0.1966428148706085,1.0806479342963495,1.1427841450020826,1.1427841450020826,True,0.6664240605216863,2.405810094771913,2.4058100947719128,False,0.47514170388004656,2.2803103278980763,2.280310327898076,False,0.36837531990714273,2.1952482553407178,2.1952482553407178,False
47050,Accidents_Prediction_Dataset_Pipeline,Accidents_Prediction_Dataset,T1,6,500,1.1427841450020826,1.3704172459302222,0.7668346153287501,0.2745467262064884,0.9177832214899734,0.15699144563404527,0.0,0.8033571851293915,1.087449514286314,0.1966428148706085,1.0806479342963495,1.1427841450020826,1.1427841450020826,True,0.6664240605216863,2.405810094771913,2.4058100947719128,False,0.47514170388004656,2.2803103278980763,2.280310327898076,False,0.36837531990714273,2.1952482553407178,2.1952482553407178,False
47052,Accidents_Prediction_Balanced_v3,Accidents_Prediction_Dataset,T1,6,500,1.1427841450020826,1.3704172459302222,0.7668346153287501,0.2745467262064884,0.9164417263702603,0.16029482971969655,0.0,0.8033571851293915,1.087449514286314,0.1966428148706085,1.0806479342963495,1.1427841450020826,1.1427841450020826,True,0.6664240605216863,2.405810094771913,2.4058100947719128,False,0.47514170388004656,2.2803103278980763,2.280310327898076,False,0.36837531990714273,2.1952482553407178,2.1952482553407178,False
