openml_id,name,family,family_size,n,p_used,minority_rate,auc_lr,n1,n0,se0,neff_raw,neff_dn,n_features_above_null,log_neff_raw,log_neff_dn,target_region,tertile_dn,tertile_raw
3,kr-vs-kp,kr-vs-kp,6,3196,36.0,0.477784730914,0.993748634034,1527,1669,0.010224286445144583,14.819712122761954,10.471387389425633,22,2.695958194764427,2.3486465270325527,False,outside_target,outside_target
15,breast-w,breast-w,1,699,9.0,0.344778254649,0.994201743101,241,458,0.02298884418455836,8.640684580883295,8.565606697335806,9,2.1564818135756543,2.147754963749145,False,outside_target,outside_target
29,credit-approval,credit-approval,10,690,15.0,0.444927536232,0.929622983305,307,383,0.022129919082358222,8.570806499277445,6.914964099490062,11,2.1483618354487906,1.933687773417064,False,outside_target,outside_target
31,credit-g,credit-g,16,1000,20.0,0.3,0.785066666667,300,700,0.019930434571835662,9.202135624086598,4.908859041073482,9,2.2194355901691774,1.5910415402765,True,T2,T2
37,diabetes,diabetes,1,768,8.0,0.348958333333,0.828014925373,268,500,0.021868558042216026,5.8111935291926144,4.787507958353867,7,1.7597859764779356,1.5660100168247284,True,T2,T2
38,sick,sick,4,3772,26.0,0.0612407211029,0.950945693674,231,3541,0.01960576651184842,7.312701052878282,5.0172337403553255,13,1.9896127065907157,1.6128787340830513,False,outside_target,outside_target
44,spambase,spambase,3,4601,57.0,0.394044772875,0.970305524979,1813,2788,0.008710385924294198,35.05489957477795,31.513706268213113,53,3.556915391864582,3.4504225708203076,False,outside_target,outside_target
50,tic-tac-toe,tic-tac-toe,1,958,9.0,0.346555323591,0.990660725971,332,626,0.019609317217440827,6.632583120603862,2.5064221940032954,5,1.8919943392699416,0.9188563155493307,False,outside_target,outside_target
1049,pc4,pc4,6,1458,37.0,0.122085048011,0.903774578652,178,1280,0.023100534937950584,30.861796636680108,28.435010524655944,35,3.42951906418657,3.347621150889025,False,outside_target,outside_target
1050,pc3,pc3,1,1563,37.0,0.102367242482,0.811257127584,160,1403,0.02409566543792005,32.29205026754299,30.64942404400999,34,3.4748210781877877,3.422613870819363,True,T3,T3
1063,kc2,kc2,1,522,21.0,0.204980842912,0.828848102691,107,415,0.0313288377979302,20.17893428501675,19.837992198495044,21,3.004639203075875,2.9875988970630654,True,T3,T3
1067,kc1,kc1,6,2109,21.0,0.15457562826,0.799155452484,326,1783,0.017392665036347718,19.246372365710275,19.005784742533034,20,2.957322594440606,2.944743392961177,True,T3,T3
1068,pc1,pc1,1,1109,21.0,0.0694319206492,0.828362528944,77,1032,0.03411816421153706,19.38595556588486,17.788643857077783,20,2.9645488639954105,2.8785602681412255,True,T3,T3
1480,ilpd,ilpd,2,583,10.0,0.286449399657,0.751209120221,167,416,0.02646737676569709,8.097033411526336,6.973996348298673,8,2.091497749103558,1.942188424636843,True,T3,T2
1489,phoneme,phoneme,7,5404,5.0,0.29348630644,0.81123760352,1586,3818,0.008624574392342774,4.225135283459284,4.083314216788468,5,1.4410512800501927,1.4069089667088432,True,T2,T1
1494,qsar-biodeg,qsar-biodeg,8,1055,41.0,0.337440758294,0.927444503384,356,699,0.018805191017572113,25.426973648791932,21.29138301915755,28,3.235810565226359,3.058302437770506,False,outside_target,outside_target
1510,wdbc,wdbc,1,569,30.0,0.372583479789,0.994688441414,212,357,0.025052136323670874,24.28525721974751,23.304433165373176,27,3.1898694674545056,3.148643607081931,False,outside_target,outside_target
6332,cylinder-bands,cylinder-bands,2,540,37.0,0.422222222222,0.824224021592,228,312,0.025174641171318873,18.889564283265656,10.338192342790629,16,2.9386096152476933,2.335845032016771,True,T3,T3
23381,dresses-sales,dresses-sales,1,500,10.0,0.42,0.645426929392,210,290,0.0261830113260833,5.747717072003214,1.871427417864718,2,1.7488027450156383,0.6267014647434366,True,T1,T2
40701,churn,churn,8,5000,20.0,0.1414,0.860525884874,707,4293,0.011717842412877483,11.642087859857051,9.438618860631673,13,2.45462679562205,2.244809662317001,False,outside_target,outside_target
40983,wilt,wilt,6,4839,5.0,0.0539367637942,0.976888467081,261,4578,0.01837273918587699,4.0930574418584795,3.859137878379428,4,1.4092922315819514,1.35044381096086,False,outside_target,outside_target
40981,Australian,credit-approval,10,690,14.0,0.444927536232,0.92942737347,307,383,0.022129919082358222,8.328749457703985,6.952963218122446,10,2.1197133197832745,1.9391679310298904,False,outside_target,outside_target
41146,sylvine,sylvine,6,5124,20.0,0.5,0.965183968419,2562,2562,0.00806635230785665,3.6845895835150695,2.677484438884268,11,1.304159144544509,0.9848777115149483,False,outside_target,outside_target
41156,ada,ada,6,4147,48.0,0.248131179166,0.90489810879,1029,3118,0.01037965713660859,16.446143748252435,12.217109819939562,24,2.8000910271314723,2.5028374134901044,False,outside_target,outside_target
13,breast-cancer,breast-cancer,3,286,9.0,0.297202797203,0.670734562482,85,201,0.03741474880255443,6.000398103372947,3.980253542844921,5,1.7918258175891117,1.3813455214997101,True,T2,T2
24,mushroom,mushroom,1,8124,21.0,0.482028557361,1.0,3916,4208,0.006410056457737382,12.659943782079425,11.879955964001642,19,2.5384429761121283,2.4748526071937604,False,outside_target,outside_target
25,colic,colic,2,368,19.0,0.369565217391,0.889800963489,136,232,0.031218290199849646,11.473394138525697,9.31626004125226,12,2.4400308017984247,2.23176126503444,False,outside_target,outside_target
27,colic,colic,2,368,15.0,0.369565217391,0.865365111562,136,232,0.031218290199849646,9.380371443869477,6.176893063279677,10,2.238619361793737,1.820815404483556,False,outside_target,outside_target
40,sonar,sonar,1,208,60.0,0.466346153846,0.847125475991,97,111,0.040219360741087375,40.25672413653786,26.82553092955289,39,3.6952770492045888,3.289354080662104,True,T3,T3
49,heart-c,heart-c,4,303,13.0,0.455445544554,0.909486166008,138,165,0.033355284822925796,10.351268585527393,8.905795572371892,12,2.3371090808504444,2.186702252714203,False,outside_target,outside_target
51,heart-h,heart-h,2,294,10.0,0.360544217687,0.894419911682,106,188,0.035122751233664276,6.992507411559007,5.580941246659697,8,1.944839206023199,1.7193574443650559,False,outside_target,outside_target
53,heart-statlog,heart-statlog,2,270,13.0,0.444444444444,0.893055555556,120,150,0.035420751398433516,10.530894661262078,9.132463647145046,12,2.3543132856195443,2.211835499076591,False,outside_target,outside_target
56,vote,vote,1,435,15.0,0.386206896552,0.989522026039,168,267,0.02846048849730137,12.169132393545096,11.421381350571382,14,2.4989026138702277,2.4354871558070936,False,outside_target,outside_target
59,ionosphere,ionosphere,1,351,34.0,0.358974358974,0.894285714286,126,225,0.03216652730914426,21.7690888355538,13.083214129622453,21,3.080491020238889,2.5713300444071416,False,outside_target,outside_target
333,monks-problems-1,monks,3,556,6.0,0.5,0.741291858599,278,278,0.024507114431618342,1.358104133521322,1.0,1,0.30608970772926364,0.0,True,T1,T1
334,monks-problems-2,monks,3,601,6.0,0.342762063228,0.544561877842,206,395,0.02482992825076757,3.884803507349198,1.0,1,1.3570724052816443,0.0,False,outside_target,outside_target
335,monks-problems-3,monks,3,554,6.0,0.480144404332,0.986195958647,266,288,0.024570772246485014,2.170699547238012,1.9677283558023895,2,0.7750494876007639,0.6768797585147466,False,outside_target,outside_target
336,SPECT,SPECT,3,267,22.0,0.205992509363,0.81320754717,55,212,0.043765057034888116,19.82969471250912,12.436124213241065,20,2.9871805471791637,2.520605480345489,True,T3,T3
337,SPECTF,SPECT,3,349,44.0,0.272206303725,0.88255283879,95,254,0.03476680151576233,31.636944062304284,25.472550234724302,34,3.454325553604778,3.237601410980339,False,outside_target,outside_target
446,prnn_crabs,prnn_crabs,1,200,6.0,0.5,1.0,100,100,0.04092676385936225,4.723682740315514,4.379097555329411,5,1.5525887369595013,1.4768426655636684,False,outside_target,outside_target
451,irish,irish,1,500,5.0,0.444,0.986194827921,222,278,0.026009341367215395,4.180563015766775,3.814000243192929,4,1.4304459302335797,1.3386785709414473,False,outside_target,outside_target
466,schizo,schizo,1,340,13.0,0.479411764706,0.620359779557,163,177,0.03138384361807123,9.431730677560187,4.403358789649894,7,2.2440796087095167,1.4823676109962478,True,T2,T2
470,profb,profb,1,672,7.0,0.333333333333,0.760871731505,224,448,0.0236403495019602,2.703076068119183,1.4273413794537781,2,0.9943904090067947,0.35581353865335114,True,T1,T1
481,biomed,biomed,1,209,8.0,0.358851674641,0.952139303483,75,134,0.04172880938079001,6.316944744365766,5.866421833956279,7,1.8432356647460868,1.7692448796567952,False,outside_target,outside_target
715,fri_c3_1000_25,fri_c,57,1000,25.0,0.443,0.717139950801,443,557,0.01838641062496957,5.74423973342058,2.8147265060416427,4,1.7481975671947259,1.0348651009362368,True,T1,T2
720,abalone,abalone,1,4177,8.0,0.498204452957,0.872445765211,2081,2096,0.00893432847615528,7.031268634464711,6.962098373206235,7,1.9503671496361628,1.940480919310424,False,outside_target,outside_target
721,pwLinear,pwLinear,1,200,10.0,0.485,0.937443699329,97,103,0.04094519334393446,5.896320880805538,2.807339796627915,5,1.7743285768806125,1.0322373433586631,False,outside_target,outside_target
723,fri_c4_1000_25,fri_c,57,1000,25.0,0.453,0.68325726116,453,547,0.018347785385769113,7.931490759373909,2.1682291548675807,6,2.0708410078116577,0.7739107767313406,True,T1,T2
725,bank8FM,bank8FM,2,8192,8.0,0.403686523438,0.989188406219,3307,4885,0.006501019562886577,2.779490032342663,2.4456995179309886,5,1.0222674692717182,0.8943311834109007,False,outside_target,outside_target
728,analcatdata_supreme,analcatdata_supreme,1,4052,7.0,0.239634748272,0.993828324226,971,3081,0.010625324802159964,1.6388115505178833,1.298601379057958,3,0.4939713148216374,0.26128782304914583,False,outside_target,outside_target
730,fri_c1_250_5,fri_c,57,250,5.0,0.476,0.739559946116,119,131,0.03663001606983966,4.408878422886892,3.3659499712935137,4,1.4836203312364564,1.2137102327031724,True,T1,T1
732,fri_c0_250_50,fri_c,57,250,50.0,0.468,0.851937536148,117,133,0.03666295673842981,15.018000704137362,4.650900839129562,10,2.709249528563918,1.5370609296813227,False,outside_target,outside_target
733,machine_cpu,machine_cpu,2,209,6.0,0.267942583732,0.981909430439,56,153,0.0451938453788867,5.966239086836604,5.948467132092815,6,1.7861167601867642,1.7831335615082033,False,outside_target,outside_target
735,cpu_small,cpu_small,2,8192,12.0,0.302368164062,0.967830797493,2477,5715,0.00694479984863425,11.0202077869165,10.938137748473913,12,2.3997306589840757,2.392255558415763,False,outside_target,outside_target
737,space_ga,space_ga,1,3107,6.0,0.495976826521,0.900923916151,1541,1566,0.010359831310168204,2.782815662466556,2.153283700260693,6,1.0234632433634825,0.7669939794462202,False,outside_target,outside_target
740,fri_c3_1000_10,fri_c,57,1000,10.0,0.44,0.717844967532,440,560,0.018399501804849682,3.715833456896644,2.603327253183405,3,1.312603002104574,0.9567903396558172,True,T1,T1
743,fri_c1_1000_5,fri_c,57,1000,5.0,0.457,0.700924034157,457,543,0.018334471717742575,4.325128213408942,3.823966042340044,5,1.4644417846632773,1.3412881150085243,True,T2,T1
744,fri_c3_250_5,fri_c,57,250,5.0,0.436,0.756457804672,109,141,0.03689125523096954,4.11670260868395,3.158681997450434,4,1.4150525052221636,1.1501548511784176,True,T1,T1
746,fri_c1_250_25,fri_c,57,250,25.0,0.428,0.607476635514,107,143,0.0369731395645006,12.301886119487696,4.71543587137199,7,2.5097525936703087,1.5508413553699343,True,T2,T3
749,fri_c3_500_5,fri_c,57,500,5.0,0.474,0.722273026263,237,263,0.025880710372825227,2.8714323413708187,1.8624192482969655,3,1.0548109789240654,0.6218763137125732,True,T1,T1
751,fri_c4_1000_10,fri_c,57,1000,10.0,0.44,0.71580762987,440,560,0.018399501804849682,3.5363984319796415,2.7129421499362865,3,1.2631088171549003,0.9980337101675802,True,T1,T1
752,puma32H,puma32H,2,8192,32.0,0.49609375,0.664283885163,4064,4128,0.00637946355127441,2.981589645573437,1.0505850616606132,4,1.0924565964016726,0.049347210571808485,True,T1,T1
757,meta,meta,1,528,19.0,0.102272727273,0.890764181903,54,474,0.04150029293504864,12.594885174660776,9.072064213931572,13,2.5332907930231015,2.2051998252155895,False,outside_target,outside_target
761,cpu_act,cpu_small,2,8192,21.0,0.302368164062,0.97958809852,2477,5715,0.00694479984863425,18.891365181110775,18.710565056326857,21,2.9387049489449852,2.929088340595697,False,outside_target,outside_target
763,fri_c0_250_10,fri_c,57,250,10.0,0.5,0.883712,125,125,0.03658779395736598,4.119569010765589,3.0427722872470113,4,1.4157485488520496,1.1127690364509906,False,outside_target,outside_target
766,fri_c1_500_50,fri_c,57,500,50.0,0.476,0.662983514016,238,262,0.02587552175726684,19.879324492583542,5.1221090015068125,9,2.9896802214048197,1.633566268594787,True,T2,T3
769,fri_c1_250_50,fri_c,57,250,50.0,0.452,0.695303920935,113,137,0.036757564873888045,18.778266475296302,4.899641932946212,11,2.932700162559839,1.5891621275375434,True,T2,T3
770,strikes,strikes,1,625,6.0,0.496,0.704659498208,310,315,0.02311321822683942,2.711530361302289,2.0059019551237904,3,0.9975131844711373,0.6960938125346097,True,T1,T1
773,fri_c0_250_25,fri_c,57,250,25.0,0.496,0.862519201229,124,126,0.03658896482297447,10.067333693346137,5.483142793176902,8,2.30929589444598,1.7016784389748132,False,outside_target,outside_target
776,fri_c0_250_5,fri_c,57,250,5.0,0.5,0.876864,125,125,0.03658779395736598,4.259483462217976,3.825619852350158,4,1.4491478999290646,1.341720507051348,False,outside_target,outside_target
778,bodyfat,bodyfat,1,252,14.0,0.492063492063,0.996219758065,124,128,0.036446330589523825,11.402869426507129,10.202769200713103,13,2.4338650278078653,2.3226591737094027,False,outside_target,outside_target
779,fri_c1_500_25,fri_c,57,500,25.0,0.466,0.713201845333,233,267,0.025905659248694098,5.514560317722333,2.5160755407892057,4,1.7073919247262475,0.9227003625485295,True,T1,T1
786,cleveland,heart-c,4,303,13.0,0.458745874587,0.910729952623,139,164,0.033336257694731544,10.3583150488049,8.979632272117696,12,2.3377895835272584,2.1949589318228306,False,outside_target,outside_target
792,fri_c2_500_5,fri_c,57,500,5.0,0.404,0.767841717058,202,298,0.02633567312440566,4.220541214327427,3.612288398798271,5,1.4399633696652352,1.2843414769958619,True,T1,T1
793,fri_c3_250_10,fri_c,57,250,10.0,0.46,0.719291465378,115,135,0.03670543990069879,4.417747787395833,3.1596923029009307,4,1.48563001586177,1.1504746503581056,True,T1,T1
794,fri_c2_250_25,fri_c,57,250,25.0,0.444,0.727979778339,111,139,0.036819454354750716,7.814818780587343,3.8482900829090876,6,2.056021774940131,1.3476289153335101,True,T2,T2
796,cpu,machine_cpu,2,209,7.0,0.253588516746,0.999032414127,53,156,0.046006457130778645,5.975422203724849,5.962783683465583,6,1.787654757032425,1.7855374330223857,False,outside_target,outside_target
797,fri_c4_1000_50,fri_c,57,1000,50.0,0.44,0.707524350649,440,560,0.018399501804849682,15.974410098485045,3.446380006989204,9,2.7709880730393897,1.2373244068341607,True,T1,T3
798,cholesterol,heart-c,4,303,13.0,0.452145214521,0.636311670038,137,166,0.03337581205628646,9.127519971583915,3.910460684318801,6,2.211294022612521,1.3636551891332183,True,T2,T2
799,fri_c0_1000_5,fri_c,57,1000,5.0,0.497,0.918641071079,497,503,0.01826687381844836,3.8620181767914996,3.8098848525002484,4,1.3511898905699489,1.3375989662410228,False,outside_target,outside_target
805,fri_c4_500_50,fri_c,57,500,50.0,0.472,0.675221494607,236,264,0.025886317584969724,14.539890922165261,2.4612050297656114,9,2.6768959701628776,0.9006510795053878,True,T1,T3
806,fri_c3_1000_50,fri_c,57,1000,50.0,0.445,0.71240004049,445,555,0.018378070731741664,14.706657644744029,3.8915620784023797,11,2.6883002922589823,1.3588106395969892,True,T2,T3
807,kin8nm,kin8nm,1,8192,8.0,0.4912109375,0.813906210053,4024,4168,0.006380254657652398,4.537806613420183,3.9937332336353513,8,1.512443770513553,1.384726440984123,True,T2,T1
810,pbc,pbc,1,418,16.0,0.44976076555,0.765379278446,188,230,0.02841669368175425,10.301010609097881,7.142072344525372,12,2.332242007810538,1.9660029785700401,True,T3,T2
813,fri_c3_1000_5,fri_c,57,1000,5.0,0.437,0.714544102166,437,563,0.018413294522765276,3.231319209105718,2.814437181731196,3,1.172890477723978,1.0347623061600502,True,T1,T1
816,puma8NH,puma32H,2,8192,8.0,0.497802734375,0.855385669765,4078,4114,0.006379330461335347,2.106163121376083,2.0172369117936992,3,0.744867866256457,0.7017287095825131,False,outside_target,outside_target
818,diggle_table_a2,diggle_table_a2,1,310,8.0,0.467741935484,0.998495297806,145,165,0.0329127065988206,7.031700005603643,6.923060231492392,7,1.9504284981536926,1.9348579018591674,False,outside_target,outside_target
824,fri_c1_500_10,fri_c,57,500,10.0,0.452,0.722288611847,226,274,0.02596562250546129,4.128314213117795,2.7766131228223743,4,1.417869142801316,1.0212318838273684,True,T1,T1
825,boston_corrected,boston_corrected,2,506,19.0,0.440711462451,0.947044003233,223,283,0.02587424626566942,15.057221216558098,14.168595627624045,17,2.7118576911741443,2.6510279399429972,False,outside_target,outside_target
826,sensory,sensory,1,576,11.0,0.414930555556,0.653290788771,239,337,0.024433370618036045,6.516586465978765,1.9579707342757027,2,1.874350690676602,0.6719085972528471,True,T1,T2
830,fri_c2_250_10,fri_c,57,250,10.0,0.364,0.828184394222,91,159,0.038021301531479326,4.999032034294564,3.4541482238834544,5,1.6092443005514423,1.239575892493198,True,T1,T1
831,autoMpg,autoMpg,1,398,7.0,0.474874371859,0.98017771702,189,209,0.029012942659282972,6.441818475345234,6.26472518642182,7,1.8628108722048247,1.8349347224891823,False,outside_target,outside_target
832,fri_c3_250_25,fri_c,57,250,25.0,0.444,0.715924557651,111,139,0.036819454354750716,12.71696470846226,3.6302496932782273,6,2.5429369058882827,1.289301431938169,True,T1,T3
833,bank32nh,bank8FM,2,8192,32.0,0.310424804688,0.889589414348,2543,5649,0.006894009649474299,7.08221143277708,4.729106620994999,11,1.9575862081970525,1.553736309610791,False,outside_target,outside_target
837,fri_c1_1000_50,fri_c,57,1000,50.0,0.453,0.705683418688,453,547,0.018347785385769113,14.388746742373504,4.556822004990685,11,2.6664464248461712,1.5166254518284603,True,T2,T3
838,fri_c4_500_25,fri_c,57,500,25.0,0.432,0.716484089724,216,284,0.02608808460928315,6.994242544936961,3.0079119623706068,4,1.9450873170414487,1.1012461378303615,True,T1,T2
840,autoHorse,autos,2,205,25.0,0.40487804878,0.993580880901,83,122,0.041174091531175336,14.15870912999161,11.683777126309627,15,2.650329920973777,2.458201309224564,False,outside_target,outside_target
844,breastTumor,breast-cancer,3,286,9.0,0.41958041958,0.61797188755,120,166,0.034650193027466615,6.583590015254104,4.576699924977073,6,1.8845801915777953,1.5209781980140782,True,T2,T2
845,fri_c0_1000_10,fri_c,57,1000,10.0,0.491,0.907842140854,491,509,0.018269504911327266,4.363581156087918,3.656882171015099,4,1.4732930862996343,1.2966109185265076,False,outside_target,outside_target
849,fri_c0_1000_25,fri_c,57,1000,25.0,0.497,0.902460488578,497,503,0.01826687381844836,6.039502823634014,3.8054179844065863,5,1.7983216945908644,1.336425836635644,False,outside_target,outside_target
853,boston,boston_corrected,2,506,13.0,0.413043478261,0.930033992235,209,297,0.026089273699766012,10.679745794839166,9.936420400765304,12,2.368349031267426,2.2962068351621165,False,outside_target,outside_target
855,fri_c4_500_10,fri_c,57,500,10.0,0.448,0.712182971014,224,276,0.02598661365062626,3.5798119546086635,1.1139344308675365,2,1.2753102723874117,0.1078982805874872,True,T1,T1
858,hungarian,heart-h,2,294,10.0,0.360544217687,0.894419911682,106,188,0.035122751233664276,6.857514004257309,5.448184857392815,8,1.9253449860086966,1.6952824995110631,False,outside_target,outside_target
863,fri_c4_250_10,fri_c,57,250,10.0,0.468,0.679712100765,117,133,0.03666295673842981,3.8730680284150947,1.186607333116179,3,1.3540469651640763,0.1710982547627834,True,T1,T1
866,fri_c2_1000_50,fri_c,57,1000,50.0,0.418,0.756987947845,418,582,0.01851726247222423,11.089508023258647,5.059578498811405,12,2.4059994381833523,1.6212831791995268,True,T2,T3
869,fri_c2_500_10,fri_c,57,500,10.0,0.428,0.754231749559,214,286,0.026117904928341637,4.602767343968047,3.3233227715510645,4,1.5266577191232025,1.2009651172317,True,T1,T1
870,fri_c1_500_5,fri_c,57,500,5.0,0.466,0.724807509926,233,267,0.025905659248694098,3.9749557673844675,3.0689654979813734,5,1.3800136203423612,1.1213405334699336,True,T1,T1
873,fri_c3_250_50,fri_c,57,250,50.0,0.432,0.595135628586,108,142,0.03693092519771152,22.050124438986735,2.8029214737053487,8,3.0933182453683923,1.0306622567011556,False,outside_target,outside_target
877,fri_c2_250_50,fri_c,57,250,50.0,0.452,0.72320909502,113,137,0.036757564873888045,20.998270860605405,8.325712983995391,17,3.0444400943621304,2.1193486759224633,True,T3,T3
879,fri_c2_500_25,fri_c,57,500,25.0,0.392,0.670012083781,196,304,0.026470577265991845,8.114379746842772,3.607283301712372,5,2.0936377651240017,1.2829549410362855,True,T1,T2
880,mu284,mu284,1,284,10.0,0.5,0.998710573299,142,142,0.03431969839721466,7.069399714106691,5.701895051876125,9,1.9557755702368111,1.740798584827608,False,outside_target,outside_target
884,fri_c0_500_5,fri_c,57,500,5.0,0.498,0.906798508776,249,251,0.025845902734689126,3.6323510420096032,3.108876058256237,4,1.2898801086041751,1.1342612648127615,False,outside_target,outside_target
888,fri_c0_500_50,fri_c,57,500,50.0,0.488,0.884301357582,244,256,0.02585314274424095,14.316791854802473,4.890036097122883,11,2.6614331039476125,1.5871996852842556,False,outside_target,outside_target
896,fri_c3_500_25,fri_c,57,500,25.0,0.44,0.705340909091,220,280,0.026033819163920998,6.348441882627026,3.0536875252400866,5,1.8482094099811242,1.116349885006436,True,T1,T2
897,colleges_aaup,colleges_aaup,1,1161,15.0,0.299741602067,0.999201198909,348,813,0.018500247828559864,12.827769191803018,12.446834711125602,14,2.551612289137315,2.521466350515998,False,outside_target,outside_target
903,fri_c2_1000_25,fri_c,57,1000,25.0,0.437,0.760908178238,437,563,0.018413294522765276,7.66265826746132,4.288410587252921,9,2.036358955856372,1.455916171808793,True,T2,T2
904,fri_c0_1000_50,fri_c,57,1000,50.0,0.49,0.890692276911,490,510,0.018270199417120853,10.234410081166482,4.31681396589885,9,2.325755580047804,1.4625176222694989,False,outside_target,outside_target
908,chscase_census3,chscase_census,1,400,7.0,0.48,0.527418870192,192,208,0.028926725971449834,3.7800757202386848,1.0,1,1.329744041240038,0.0,False,outside_target,outside_target
910,fri_c1_1000_10,fri_c,57,1000,10.0,0.436,0.74705169497,436,564,0.018418048789770703,5.423125085032609,4.091623983283765,6,1.69067223324525,1.4089419531740546,True,T2,T1
911,fri_c2_250_5,fri_c,57,250,5.0,0.44,0.768051948052,110,140,0.03685410571734319,4.282881598710122,3.396815550184492,5,1.4546260537753122,1.2228383898486546,True,T1,T1
912,fri_c2_1000_5,fri_c,57,1000,5.0,0.416,0.797039646997,416,584,0.01852991072089126,4.3101656981399605,4.025626937606579,5,1.460976348420739,1.3926806596371024,True,T2,T1
913,fri_c2_1000_10,fri_c,57,1000,10.0,0.42,0.780357142857,420,580,0.018504943939163146,4.582779703073051,4.006212860671429,5,1.5223057360917336,1.387846371296648,True,T2,T1
915,plasma_retinol,plasma_retinol,1,315,13.0,0.422222222222,0.586755349913,133,182,0.03298309485980906,5.541917979825992,2.1609941261708023,3,1.7123406465885758,0.7705683594140684,False,outside_target,outside_target
917,fri_c1_1000_25,fri_c,57,1000,25.0,0.454,0.718779751819,454,546,0.01834434324324374,9.710918756008983,4.278654755063687,7,2.273250897395466,1.4536386506235424,True,T2,T2
918,fri_c4_250_50,fri_c,57,250,50.0,0.46,0.601996779388,115,135,0.03670543990069879,23.465876973618773,4.568505441431758,9,3.155547322237274,1.519186114532059,True,T2,T3
920,fri_c2_500_50,fri_c,57,500,50.0,0.41,0.746093427036,205,295,0.026274853389283807,13.405032162457573,3.9463775597082185,8,2.5956301709731884,1.3727980846522752,True,T2,T3
926,fri_c0_500_25,fri_c,57,500,25.0,0.49,0.871804721889,245,255,0.025850866657092353,6.6874715379912315,3.7254513578836876,6,1.900235856211757,1.3151880143927044,False,outside_target,outside_target
930,colleges_usnews,colleges_usnews,1,1302,22.0,0.47158218126,0.81150102265,614,688,0.016032571305815542,14.815165943419053,12.986013314514205,17,2.6956513820035704,2.5638728793833363,True,T3,T3
933,fri_c4_250_25,fri_c,57,250,25.0,0.456,0.619324045408,114,136,0.03673029004903641,8.764227372557695,4.458287648997043,6,2.1706783653215678,1.494764757107526,True,T2,T2
934,socmob,socmob,1,1156,5.0,0.221453287197,0.981514756944,256,900,0.02045666433563255,2.71342330212438,2.6506068279025756,3,0.9982110488277222,0.9747886054448915,False,outside_target,outside_target
935,fri_c1_250_10,fri_c,57,250,10.0,0.44,0.737337662338,110,140,0.03685410571734319,5.769852712841581,3.6683347095333754,6,1.752646553823595,1.2997378014670034,True,T1,T2
936,fri_c3_500_10,fri_c,57,500,10.0,0.456,0.707011093911,228,272,0.02594635551080509,3.591085858394858,2.414640909219991,3,1.278454624285568,0.8815505842144371,True,T1,T1
937,fri_c3_500_50,fri_c,57,500,50.0,0.436,0.667057062919,218,282,0.026060061659864155,16.40568284690812,1.7940842065249787,6,2.7976277898630495,0.5844947003973644,True,T1,T3
939,chscase_whale,chscase_whale,1,228,8.0,0.486842105263,0.987833987834,111,117,0.03833299017928034,2.293053403416503,1.093050719655492,4,0.8298842933631796,0.08897261219415353,False,outside_target,outside_target
943,fri_c0_500_10,fri_c,57,500,10.0,0.482,0.912270302312,241,259,0.025862460274294584,4.313308074945771,3.452842486247829,4,1.4617051445016653,1.239197800873858,False,outside_target,outside_target
957,braziltourism,braziltourism,1,412,8.0,0.228155339806,0.661748962933,94,318,0.03393180136598126,5.922791669257648,2.881378035026976,4,1.778807903496708,1.0582686640950711,True,T1,T2
958,segment,segment,1,2310,19.0,0.142857142857,0.998936333027,330,1980,0.01716800316341771,12.672312358993715,11.178401952417758,17,2.539419484310077,2.413983519443944,False,outside_target,outside_target
961,analcatdata_broadwaymult,analcatdata_broadwaymult,1,285,7.0,0.414035087719,0.838171115396,118,167,0.03477708319782101,5.071306272953657,1.3358542621072607,2,1.6235984319430443,0.2895709839151691,True,T1,T1
962,mfeat-morphological,mfeat-morphological,2,2000,6.0,0.1,0.994622222222,200,1800,0.021521952616908264,5.813907498596092,5.775700121557171,6,1.7602528918959257,1.7536594822297833,False,outside_target,outside_target
966,analcatdata_halloffame,analcatdata_halloffame,1,1340,16.0,0.0932835820896,0.96593909465,125,1215,0.027125679146074895,13.426065029421693,13.022692543840371,14,2.597197969048826,2.5666934160023054,False,outside_target,outside_target
967,cars,cars,1,406,8.0,0.374384236453,0.949699544136,152,254,0.02963929909487994,6.045114091260384,5.670764759342496,7,1.7992503575462826,1.7353239868353316,False,outside_target,outside_target
975,autos,autos,2,205,25.0,0.326829268293,0.898550724638,67,138,0.04308896303357697,13.943107733411066,7.641805452460855,11,2.6349853168853974,2.033633891027384,False,outside_target,outside_target
979,waveform-5000,waveform-5000,1,5000,40.0,0.3384,0.927140594761,1692,3308,0.008628888842943607,15.304986902778504,13.533237824339006,20,2.728178716649117,2.6051487205998227,False,outside_target,outside_target
983,cmc,cmc,1,1473,8.0,0.427019687712,0.698020818421,629,844,0.015211133317165153,5.450530948469956,3.5927703616338396,7,1.6957130256675699,1.2789235933791194,True,T1,T1
986,analcatdata_marketing,analcatdata_marketing,1,364,32.0,0.315934065934,0.577300506373,115,249,0.03259171511395235,13.04821018387996,1.0,1,2.5686509737021512,0.0,False,outside_target,outside_target
987,collins,collins,1,500,22.0,0.16,0.999970238095,80,420,0.03524995778450697,15.939364159442288,12.688193455505106,19,2.7687917829455215,2.5406719118999246,False,outside_target,outside_target
989,anneal,anneal,1,898,11.0,0.238307349666,0.802026971635,214,684,0.02262321304435339,6.09357406294091,2.1243853333681963,4,1.8072347836247067,0.7534825056485621,True,T1,T2
990,eucalyptus,eucalyptus,1,736,19.0,0.290760869565,0.831328105418,214,522,0.02344773961895525,8.768411046309057,7.0050052409640235,9,2.1711556093884123,1.9466249279634262,True,T3,T2
991,car,car,1,1728,6.0,0.299768518519,0.990767095313,518,1210,0.01516174920546927,3.66531916365896,2.6247961925214534,6,1.2989154157650016,0.9650032520851647,False,outside_target,outside_target
993,kdd_ipums_la_97-small,kdd_ipums_la_97-small,9,7019,51.0,0.369568314575,0.980921640117,2594,4425,0.007138982373249163,30.159446243078303,28.74592493172181,39,3.406498182330557,3.3584960156917547,False,outside_target,outside_target
994,vehicle,vehicle,1,846,18.0,0.25768321513,0.984017998013,218,628,0.022706124430201348,8.708992519146552,6.593534959181275,11,2.1643561147306207,1.8860896173189416,False,outside_target,outside_target
995,mfeat-zernike,mfeat-morphological,2,2000,47.0,0.1,0.997002777778,200,1800,0.021521952616908264,38.681616041974124,36.438314573293006,46,3.6553644494945075,3.595620819217074,False,outside_target,outside_target
996,prnn_fglass,prnn_fglass,2,214,9.0,0.355140186916,0.663710907704,76,138,0.041331604747201586,6.642814094683561,4.053889485004742,6,1.893535683146783,1.3996767869292546,True,T2,T2
999,audiology,audiology,1,226,67.0,0.252212389381,0.98972282778,57,169,0.044314058372076304,14.00516001189543,4.359650626445717,9,2.6394258339874264,1.4723919226010913,False,outside_target,outside_target
1000,hypothyroid,sick,4,3772,26.0,0.0771474019088,0.984720194359,291,3481,0.017617905389677592,5.403577212679326,3.9090738921786876,8,1.6870611810416738,1.3633004897221253,False,outside_target,outside_target
1002,ipums_la_98-small,kdd_ipums_la_97-small,9,7485,49.0,0.105678022712,0.85092882771,791,6694,0.010854334285658943,31.163673469752418,26.64321117124008,40,3.439253104610883,3.2825343778688554,False,outside_target,outside_target
1003,primary-tumor,primary-tumor,1,339,16.0,0.247787610619,0.858916900093,84,255,0.036369648372665396,9.765268135542437,3.3168312789108203,6,2.2788320227885666,1.1990098931031812,False,outside_target,outside_target
1005,glass,prnn_fglass,2,214,9.0,0.355140186916,0.673340961098,76,138,0.041331604747201586,6.484310536245153,4.274698605898977,6,1.8693854954232725,1.452713598359274,True,T2,T2
1010,dermatology,dermatology,1,366,34.0,0.306010928962,0.999964848144,112,254,0.03278812178036071,22.484578595448454,17.967577585890393,29,3.1128296784614746,2.8885688884749943,False,outside_target,outside_target
1011,ecoli,ecoli,1,336,7.0,0.425595238095,0.988985108156,143,193,0.03189904301088177,4.679034663387775,4.3554437861845905,5,1.5430918201463952,1.4714265077957693,False,outside_target,outside_target
1016,vowel,vowel,1,990,12.0,0.0909090909091,0.996111111111,90,900,0.0319303511584649,6.184719640376003,5.004722512147988,8,1.8220816758560285,1.6103819691019383,False,outside_target,outside_target
1018,ipums_la_99-small,kdd_ipums_la_97-small,9,8844,51.0,0.064224332881,0.886175620665,568,8276,0.012522005400347432,32.645800951262466,28.487597309813996,35,3.485716239527152,3.349468810443599,False,outside_target,outside_target
1021,page-blocks,page-blocks,1,5473,10.0,0.102320482368,0.93885046233,560,4913,0.01287639758486637,6.9462788261340656,6.338530856332419,10,1.9382060954877187,1.8466470154659531,False,outside_target,outside_target
1023,soybean,soybean,1,683,35.0,0.134699853587,0.994997425145,92,591,0.03237798173403833,23.799835329332446,13.96312910742141,20,3.1696786617178816,2.6364202203128846,False,outside_target,outside_target
1024,cjs,cjs,1,2796,8.0,0.243204577969,0.999907566997,680,2116,0.01272750634237691,5.572920323156332,4.5724812839544775,6,1.7179192115457267,1.5200560080988865,False,outside_target,outside_target
1025,analcatdata_germangss,analcatdata_germangss,1,400,5.0,0.225,0.957921146953,90,310,0.03460823584137985,3.8426338220229694,3.307120455148056,4,1.3461580226356176,1.1960778576326652,False,outside_target,outside_target
1037,ada_prior,ada_prior,1,4562,14.0,0.248136782113,0.894681875779,1132,3430,0.009896105986728493,8.186926320373688,7.048855338385662,11,2.1025385307658935,1.9528652402922704,False,outside_target,outside_target
1048,jEdit_4.2_4.3,jEdit_4.2_4.3,1,369,8.0,0.447154471545,0.666072489602,165,204,0.030265871453610985,5.72045933441507,5.262257020509286,6,1.7440491053869933,1.660560026067826,True,T2,T2
1065,kc3,kc3,1,458,39.0,0.0938864628821,0.816727374615,43,415,0.04629748968502257,35.52736629533633,33.25299689250447,37,3.570303281063564,3.5041448951456067,True,T3,T3
1071,mw1,mw1,1,403,37.0,0.0769230769231,0.763570933056,31,372,0.054031589360865,30.26142170839871,26.5575457437464,29,3.4098736903496887,3.279313916112284,True,T3,T3
1073,jEdit_4.0_4.2,jEdit_4.0_4.2,1,274,8.0,0.489051094891,0.79131130064,134,140,0.03495097592112951,5.5270803741715175,4.9882639357196075,6,1.7096597148426436,1.6070879405557388,True,T2,T1
1121,badges2,badges2,1,294,10.0,0.285714285714,1.0,84,210,0.03733112643298964,3.1544597801935823,1.3729911880002363,4,1.1488172547691866,0.3169917087027737,False,outside_target,outside_target
1167,pc1_req,pc1_req,1,320,8.0,0.334375,0.618906585933,107,213,0.03425943549137658,4.3127620111298945,2.197195529772189,3,1.4615785367159282,0.7871817879731486,True,T1,T1
1412,lungcancer_GSE31210,lungcancer_GSE31210,1,226,23.0,0.154867256637,0.818399401645,35,191,0.05319509634115209,13.030951359068183,7.757602275563751,11,2.567327401446738,2.0486733013416294,True,T3,T3
1442,MegaWatt1,MegaWatt1,2,253,37.0,0.106719367589,0.668633235005,27,226,0.058896587686210033,28.461724573373054,24.353673733194725,28,3.3485601872198125,3.192682710148347,True,T3,T3
1443,PizzaCutter1,PizzaCutter1,1,661,37.0,0.0786686838124,0.841922445371,52,609,0.04173765583314074,30.846549489972887,27.631784200163757,33,3.429024896120999,3.318966711593997,True,T3,T3
1444,PizzaCutter3,PizzaCutter3,1,1043,37.0,0.121764141898,0.813232816422,127,916,0.02734702130620022,30.160397907238536,27.649956455316,33,3.4065297362635523,3.319624153114156,True,T3,T3
1446,CostaMadre1,CostaMadre1,1,296,37.0,0.128378378378,0.746634026928,38,258,0.050244201696927844,31.445291322199054,26.324525620398454,31,3.4482492524524417,3.2705010377398573,True,T3,T3
1447,CastMetal1,CastMetal1,1,327,37.0,0.128440366972,0.72656641604,42,285,0.047785839890210256,30.78366829370806,26.33625196809226,31,3.4269842991428896,3.2709463918886037,True,T3,T3
1449,MeanWhile1,MegaWatt1,2,253,37.0,0.106719367589,0.668633235005,27,226,0.058896587686210033,28.461724573373054,24.353673733194725,28,3.3485601872198125,3.192682710148347,True,T3,T3
1451,PieChart1,PieChart1,1,705,37.0,0.086524822695,0.846324203238,61,644,0.03869936833060451,30.575796253311097,26.40681686331924,33,3.4202087238608243,3.273622191340307,True,T3,T3
1453,PieChart3,PieChart3,1,1077,37.0,0.124419684308,0.824567512385,134,943,0.02666309204026543,30.589434829257105,28.220705266284302,34,3.4206546823222133,3.340055937830463,True,T3,T3
1467,climate-model-simulation-crashes,climate-model-simulation-crashes,1,540,20.0,0.0851851851852,0.838496743531,46,494,0.04454158007756239,7.268037658272302,3.693913502550557,6,1.9834863319008402,1.3066864658425175,True,T1,T2
1495,qualitative-bankruptcy,qualitative-bankruptcy,1,250,6.0,0.428,0.999934644794,107,143,0.0369731395645006,4.14200332655501,2.0608006008524344,3,1.4211795661007882,0.7230945484905658,False,outside_target,outside_target
1496,ringnorm,ringnorm,1,7400,20.0,0.495135135135,0.813862802498,3664,3736,0.006712331748466605,19.902944342541947,19.870999913126013,20,2.990867677697558,2.989261378051781,True,T3,T3
1498,sa-heart,sa-heart,1,462,9.0,0.34632034632,0.771688741722,160,302,0.028257673946475888,7.265770934933952,5.808408981040724,8,1.983174407694299,1.7593066918892,True,T2,T2
1504,steel-plates-fault,steel-plates-fault,1,1941,33.0,0.346728490469,0.999211356467,673,1268,0.013771042889127904,23.06884712179398,18.758194794154985,27,3.1384830978894596,2.931630712623668,False,outside_target,outside_target
1506,thoracic-surgery,thoracic-surgery,2,470,16.0,0.148936170213,0.653571428571,70,400,0.037440428874222505,9.400006787424033,1.0,1,2.240710411342084,0.0,True,T1,T2
1507,twonorm,twonorm,1,7400,20.0,0.499594594595,0.997780130023,3697,3703,0.006712016226929624,19.98696269760189,19.985652563518848,20,2.995080195877641,2.9950146442956416,False,outside_target,outside_target
1511,wholesale-customers,wholesale-customers,1,440,8.0,0.322727272727,0.952642026657,142,298,0.029469744290173547,4.791049439598426,4.040459709767426,6,1.5667494771127024,1.396358475045912,False,outside_target,outside_target
1524,vertebra-column,vertebra-column,1,310,6.0,0.322580645161,0.930857142857,100,210,0.035130143525567675,5.450713014604432,5.0673912789420354,6,1.6957464284856538,1.6228261445390326,False,outside_target,outside_target
1547,autoUniv-au1-1000,autoUniv-au1-1000,1,1000,20.0,0.259,0.67067356541,259,741,0.02084814551674265,10.085091511080908,5.253005929848305,7,2.311058245344274,1.6588004708210455,True,T2,T2
1558,bank-marketing,bank-marketing,6,4521,16.0,0.115239991152,0.887152111324,521,4000,0.0134470121929069,7.316192302999401,5.071896235831924,12,1.9900900154482581,1.6237147586906215,False,outside_target,outside_target
1600,SPECTF,SPECT,3,267,44.0,0.205992509363,0.828902229846,55,212,0.043765057034888116,30.928108694994542,22.962321504935197,31,3.431665436912546,3.1338546771821343,True,T3,T3
4329,thoracic_surgery,thoracic-surgery,2,470,16.0,0.148936170213,0.653571428571,70,400,0.037440428874222505,9.400006787424038,1.0,1,2.2407104113420844,0.0,True,T1,T2
23499,breast-cancer-dropped-missing-attributes-values,breast-cancer,3,277,9.0,0.292418772563,0.703892668178,81,196,0.03819981237617368,6.204686804066956,4.183505603616931,5,1.8253049426150627,1.4311495562092778,True,T2,T2
40648,GAMETES_Epistasis_3-Way_20atts_0.2H_EDM-1_1,gametes,1,1600,20.0,0.5,0.5228421875,800,800,0.014438266574165566,7.857277693777273,2.5373396800207635,3,2.061440197056107,0.9311161620845635,False,outside_target,outside_target
40680,mofn-3-7-10,mofn-3-7-10,1,1324,10.0,0.220543806647,1.0,292,1032,0.019141944016808445,7.09487124649455,6.997515258300857,7,1.9593721633711725,1.9455551229411223,False,outside_target,outside_target
40690,threeOf9,threeOf9,1,512,9.0,0.46484375,0.900601116359,238,274,0.02560379254094814,7.917651408905895,6.53604395371958,8,2.0690946225703097,1.8773320824003867,False,outside_target,outside_target
40693,xd6,xd6,1,973,9.0,0.330935251799,0.85420900478,322,651,0.01967752284556021,8.982256536203971,8.963055775421802,9,2.195251135402638,2.1931112152077876,False,outside_target,outside_target
40702,solar-flare,solar-flare,1,1066,10.0,0.170731707317,0.746786584456,182,884,0.023508762050768024,5.578585116089048,3.9317571735074837,6,1.7189351808156772,1.369086443894564,True,T2,T2
40705,tokyo1,tokyo1,1,959,44.0,0.360792492179,0.969358504088,346,613,0.019421228896843074,33.34353488667761,32.05268871851173,39,3.506863897097602,3.4673810712212156,False,outside_target,outside_target
40710,cleve,heart-c,4,303,13.0,0.455445544554,0.917435221783,138,165,0.033355284822925796,9.645896416205323,8.080983606101427,11,2.266532583065933,2.089513598552486,False,outside_target,outside_target
40945,Titanic,Titanic,2,1309,8.0,0.381970970206,0.839024721879,500,809,0.01642804038584121,5.6238377547454785,4.795093032895144,7,1.7270143053627645,1.5675931102108218,True,T2,T2
40999,jungle_chess_2pcs_endgame_elephant_elephant,jungle_chess_2pcs_endgame_elephant_elephant,1,2351,46.0,0.440238196512,0.992233088117,1035,1316,0.011995819328624088,23.405187736636314,20.450307950128845,31,3.1529576959391044,3.017997941061437,False,outside_target,outside_target
41005,jungle_chess_2pcs_endgame_rat_rat,jungle_chess_2pcs_endgame_rat_rat,1,3660,46.0,0.438524590164,0.995199915107,1605,2055,0.009617580054063393,23.775642659965822,21.170016389222667,35,3.1686616389795144,3.0525858593185413,False,outside_target,outside_target
41007,jungle_chess_2pcs_endgame_lion_lion,jungle_chess_2pcs_endgame_lion_lion,1,2352,46.0,0.403486394558,0.994554796398,949,1403,0.012135520237594703,24.952067263690285,22.540456562562333,34,3.216956675025269,3.115311764065863,False,outside_target,outside_target
41430,DiabeticMellitus,DiabeticMellitus,1,281,97.0,0.35231316726,0.983072483072,99,182,0.036114419616703024,15.886057075341638,3.1226860555886327,7,2.7654418110120926,1.1386935466991808,False,outside_target,outside_target
41538,conference_attendance,conference_attendance,1,246,6.0,0.126016260163,0.606976744186,31,215,0.05557222388943063,1.9643549604574408,,0,0.6751639270324241,,True,undefined,T1
41945,ilpd-numeric,ilpd,2,583,10.0,0.286449399657,0.751180331644,167,416,0.02646737676569709,8.097033411526336,6.973996348298673,8,2.091497749103558,1.942188424636843,True,T3,T2
41946,Sick_numeric,sick,4,3772,27.0,0.0612407211029,0.940502780661,231,3541,0.01960576651184842,7.073109540751108,4.263697410856323,13,1.9563002051036025,1.450136720662651,False,outside_target,outside_target
42172,regime_alimentaire,regime_alimentaire,1,202,19.0,0.20297029703,0.955915770338,41,161,0.0506235421393499,9.970467619481761,5.922314411989892,10,2.2996274855299963,1.7787273204669334,False,outside_target,outside_target
42192,compas-two-years,compas-two-years,2,5278,13.0,0.470443349754,0.728196674777,2483,2795,0.007961702436743457,8.709421983168346,7.154171111316634,13,2.164405426224709,1.9676955588226135,True,T3,T2
42638,titanic,Titanic,2,891,6.0,0.383838383838,0.852120815092,342,549,0.019897228110363856,4.070483318046553,3.3720571779548476,5,1.403761743766908,1.2155229966847094,False,outside_target,outside_target
43255,1StudentPerfromance,1StudentPerfromance,1,1000,7.0,0.482,0.966448517278,482,518,0.018278393250660763,2.929980056629823,2.6932063900643,3,1.0749956163948289,0.990732450352259,False,outside_target,outside_target
43595,Loan-Predication,Loan-Predication,1,614,6.0,0.312703583062,0.696941646919,192,422,0.025150121937901438,1.59581615891062,1.0,1,0.4673853037404009,0.0,True,T1,T1
43892,national-longitudinal-survey-binary,national-longitudinal-survey-binary,1,4908,16.0,0.377546862266,0.99968503325,1853,3055,0.008500854366675512,5.259111815671915,4.290420695048779,11,1.6599621561556444,1.456384792245889,False,outside_target,outside_target
43893,ibm-employee-attrition,ibm-employee-attrition,2,1470,26.0,0.161224489796,0.746393996325,237,1233,0.02048141710257433,14.40557507296051,10.835283772837045,16,2.6676152895001746,2.382807825031797,True,T3,T3
43895,ibm-employee-performance,ibm-employee-attrition,2,1470,25.0,0.153741496599,0.999928862078,226,1244,0.020881000491021432,2.079991556950946,1.0,1,0.7323638345467891,0.0,False,outside_target,outside_target
43946,eye_movements,eye_movements,12,7608,23.0,0.5,0.597646812642,3804,3804,0.00661961392334015,11.751334070821928,8.274557542515241,11,2.4639667720875154,2.1131854506511507,False,outside_target,outside_target
43947,KDDCup09_upselling,KDDCup09_upselling,7,5032,45.0,0.5,0.840071396797,2516,2516,0.008139771347693588,24.8975620509973,19.82735655710823,33,3.214769889078702,2.9870626284066506,True,T3,T3
43949,rl,rl,6,4970,12.0,0.5,0.666294102644,2485,2485,0.00819039534690045,4.522929548835839,3.585733483399856,6,1.50915991417184,1.2769630510043075,True,T1,T1
43958,kdd_ipums_la_97-small,kdd_ipums_la_97-small,9,5188,20.0,0.5,0.895352034141,2594,2594,0.008016434355145282,13.77878440131136,13.03351264480057,18,2.6231300469854664,2.5675239361416584,False,outside_target,outside_target
43973,phoneme,phoneme,7,3172,5.0,0.5,0.809693583038,1586,1586,0.010252770355846905,4.2883316681617245,4.126711540505897,5,1.4558977687627765,1.4174808526421168,True,T2,T1
43976,eye_movements,eye_movements,12,7608,20.0,0.5,0.586595713627,3804,3804,0.00661961392334015,10.338104034112707,6.985374589196795,9,2.3358364899958683,1.9438186189298245,False,outside_target,outside_target
43980,wine,wine,6,2554,10.0,0.5,0.811711204008,1277,1277,0.011426518627309208,5.472874506074977,4.343164027186219,10,1.6998039822579238,1.4686031210149906,True,T2,T1
44095,spambase_reproduced,spambase,3,4601,57.0,0.394044772875,0.970305524979,1813,2788,0.008710385924294198,35.05489957477795,31.513706268213113,53,3.556915391864582,3.4504225708203076,False,outside_target,outside_target
44097,credit-g_copy,credit-g,16,1000,20.0,0.3,0.785066666667,300,700,0.019930434571835662,9.202135624086598,4.908859041073482,9,2.2194355901691774,1.5910415402765,True,T2,T2
44098,credit-g_reproduced_1,credit-g,16,1000,20.0,0.3,0.785066666667,300,700,0.019930434571835662,9.202135624086598,4.908859041073482,9,2.2194355901691774,1.5910415402765,True,T2,T2
44149,Heart_disease_prediction_20,Heart_disease_prediction_20,1,296,13.0,0.462837837838,0.89771840426,137,159,0.033707671738101116,10.343860840771363,8.918726906708908,12,2.336393188244043,2.1881532129428285,False,outside_target,outside_target
44155,credit-approval_reproduced,credit-approval,10,690,15.0,0.444927536232,0.929622983305,307,383,0.022129919082358222,8.570806499277445,6.914964099490062,11,2.1483618354487906,1.933687773417064,False,outside_target,outside_target
44186,KDDCup09_upselling,KDDCup09_upselling,7,5128,49.0,0.5,0.833493760967,2564,2564,0.008063205077267042,26.68060752710829,20.153416260935767,35,3.283936991669291,3.0033738155078047,True,T3,T3
44227,South_Asian_Churn_dataset,South_Asian_Churn_dataset,1,2000,9.0,0.5,0.783977,1000,1000,0.012913171570144958,6.909384182867866,6.176631180978693,9,1.932880514107439,1.8207730064931777,True,T2,T2
44232,UCI_churn,churn,8,3333,16.0,0.144914491449,0.755631106752,483,2850,0.01420679714532025,9.558435728689727,7.096824640722661,11,2.2574240869689044,1.9596474503074162,True,T3,T2
44345,credit,credit,6,2000,10.0,0.5,0.72763,1000,1000,0.012913171570144958,6.989611101128228,6.029804521697478,10,1.9444249182356113,1.796714592584689,True,T2,T2
44347,credit_seed_0_nrows_2000_nclasses_10_ncols_100_stratify_True,credit,6,2000,10.0,0.5,0.72763,1000,1000,0.012913171570144958,6.989611101128228,6.029804521697478,10,1.9444249182356113,1.796714592584689,True,T2,T2
44349,credit_seed_1_nrows_2000_nclasses_10_ncols_100_stratify_True,credit,6,2000,10.0,0.5,0.8136915,1000,1000,0.012913171570144958,7.032737787428157,6.055605270765419,10,1.9505760734555524,1.8009843341504486,True,T2,T2
44350,credit_seed_2_nrows_2000_nclasses_10_ncols_100_stratify_True,credit,6,2000,10.0,0.5,0.810615,1000,1000,0.012913171570144958,6.644657698919883,5.591884845588469,9,1.8938131782604946,1.7213164120135518,True,T2,T2
44351,credit_seed_3_nrows_2000_nclasses_10_ncols_100_stratify_True,credit,6,2000,10.0,0.5,0.762048,1000,1000,0.012913171570144958,6.959071921069459,5.964546730137395,10,1.9400461207812085,1.7858330644207818,True,T2,T2
44352,credit_seed_4_nrows_2000_nclasses_10_ncols_100_stratify_True,credit,6,2000,10.0,0.5,0.7661005,1000,1000,0.012913171570144958,7.081558291275848,6.112846406624486,10,1.9574939811255285,1.810392525035609,True,T2,T2
44362,california_seed_0_nrows_2000_nclasses_10_ncols_100_stratify_True,california,5,2000,8.0,0.5,0.921158,1000,1000,0.012913171570144958,3.959200484029377,3.2163145495058654,7,1.3760421069098703,1.1682361542160324,False,outside_target,outside_target
44363,california_seed_1_nrows_2000_nclasses_10_ncols_100_stratify_True,california,5,2000,8.0,0.5,0.920875,1000,1000,0.012913171570144958,4.343677891897198,3.6641392154490307,7,1.4687214297666322,1.2985934415728877,False,outside_target,outside_target
44364,california_seed_2_nrows_2000_nclasses_10_ncols_100_stratify_True,california,5,2000,8.0,0.5,0.90419,1000,1000,0.012913171570144958,4.050967204340635,3.3251212802966177,7,1.3989556684930498,1.201506148719789,False,outside_target,outside_target
44365,california_seed_3_nrows_2000_nclasses_10_ncols_100_stratify_True,california,5,2000,8.0,0.5,0.904103,1000,1000,0.012913171570144958,4.7026340573469305,3.920355918305551,7,1.5481227894628273,1.3661824451668205,False,outside_target,outside_target
44366,california_seed_4_nrows_2000_nclasses_10_ncols_100_stratify_True,california,5,2000,8.0,0.5,0.902343,1000,1000,0.012913171570144958,4.31663182723301,3.646608617965673,7,1.4624754285335952,1.2937975899080791,False,outside_target,outside_target
44367,wine_seed_0_nrows_2000_nclasses_10_ncols_100_stratify_True,wine,6,2000,10.0,0.5,0.803696,1000,1000,0.012913171570144958,5.401558567783214,4.069546822635946,9,1.68668753558999,1.4035316474654072,True,T2,T1
44368,wine_seed_1_nrows_2000_nclasses_10_ncols_100_stratify_True,wine,6,2000,10.0,0.5,0.807167,1000,1000,0.012913171570144958,5.339191905010528,4.1335601970926135,8,1.6750743128710543,1.4191390688300527,True,T2,T1
44369,wine_seed_2_nrows_2000_nclasses_10_ncols_100_stratify_True,wine,6,2000,10.0,0.5,0.808542,1000,1000,0.012913171570144958,5.437472379299087,4.128270923193065,10,1.6933143167327676,1.4178586566441418,True,T2,T1
44370,wine_seed_3_nrows_2000_nclasses_10_ncols_100_stratify_True,wine,6,2000,10.0,0.5,0.809613,1000,1000,0.012913171570144958,5.692982941961018,4.4167017589643365,10,1.739234353646349,1.4853932091584443,True,T2,T2
44371,wine_seed_4_nrows_2000_nclasses_10_ncols_100_stratify_True,wine,6,2000,10.0,0.5,0.81285,1000,1000,0.012913171570144958,5.407932524775731,4.101292488436913,10,1.687866861735261,1.4113021651144062,True,T2,T1
44377,covertype_seed_0_nrows_2000_nclasses_10_ncols_100_stratify_True,covertype,10,2000,10.0,0.5,0.643927,1000,1000,0.012913171570144958,5.402029845524617,2.9821600475852104,8,1.6867747802579045,1.0926478861247026,True,T1,T1
44378,covertype_seed_1_nrows_2000_nclasses_10_ncols_100_stratify_True,covertype,10,2000,10.0,0.5,0.646668,1000,1000,0.012913171570144958,5.140942497595202,3.3726196377567508,6,1.637236427948609,1.2156897829721998,True,T1,T1
44379,covertype_seed_2_nrows_2000_nclasses_10_ncols_100_stratify_True,covertype,10,2000,10.0,0.5,0.664642,1000,1000,0.012913171570144958,3.9983922364994293,2.530061593500214,5,1.3858923394448626,0.9282436477000896,True,T1,T1
44380,covertype_seed_3_nrows_2000_nclasses_10_ncols_100_stratify_True,covertype,10,2000,10.0,0.5,0.682649,1000,1000,0.012913171570144958,5.802905968773192,4.370419726865521,7,1.7583588211780297,1.4748590518328963,True,T2,T2
44381,covertype_seed_4_nrows_2000_nclasses_10_ncols_100_stratify_True,covertype,10,2000,10.0,0.5,0.647755,1000,1000,0.012913171570144958,5.131347849266889,2.828675959690974,6,1.6353683633214404,1.0398087434086445,True,T1,T1
44382,pol_seed_0_nrows_2000_nclasses_10_ncols_100_stratify_True,pol,5,2000,26.0,0.5,0.947839,1000,1000,0.012913171570144958,10.686711569450674,6.275985900498088,13,2.3690010602621747,1.8367305882937068,False,outside_target,outside_target
44383,pol_seed_1_nrows_2000_nclasses_10_ncols_100_stratify_True,pol,5,2000,26.0,0.5,0.938722,1000,1000,0.012913171570144958,11.466288005575993,5.9289912364140935,14,2.439411252396444,1.7798540866357748,False,outside_target,outside_target
44384,pol_seed_2_nrows_2000_nclasses_10_ncols_100_stratify_True,pol,5,2000,26.0,0.5,0.930806,1000,1000,0.012913171570144958,9.99407978115538,5.4966642357008375,12,2.301992895795431,1.7041414056414754,False,outside_target,outside_target
44385,pol_seed_3_nrows_2000_nclasses_10_ncols_100_stratify_True,pol,5,2000,26.0,0.5,0.933417,1000,1000,0.012913171570144958,11.137499842918743,5.955889811137854,13,2.410317778693111,1.7843806141700782,False,outside_target,outside_target
44386,pol_seed_4_nrows_2000_nclasses_10_ncols_100_stratify_True,pol,5,2000,26.0,0.5,0.939654,1000,1000,0.012913171570144958,10.799398070155588,5.889775651370469,12,2.3794903983321105,1.7732179071877174,False,outside_target,outside_target
44387,house_16H_seed_0_nrows_2000_nclasses_10_ncols_100_stratify_True,house-16h,5,2000,16.0,0.5,0.889881,1000,1000,0.012913171570144958,12.656453681023983,11.816157308939651,15,2.5381672574927916,2.4694678583547147,False,outside_target,outside_target
44388,house_16H_seed_1_nrows_2000_nclasses_10_ncols_100_stratify_True,house-16h,5,2000,16.0,0.5,0.881882,1000,1000,0.012913171570144958,12.703205388913247,11.821163000320556,16,2.5418543544466488,2.469891399719831,False,outside_target,outside_target
44389,house_16H_seed_2_nrows_2000_nclasses_10_ncols_100_stratify_True,house-16h,5,2000,16.0,0.5,0.875476,1000,1000,0.012913171570144958,12.666628591380292,11.759067122132848,16,2.538970865110097,2.464624612974732,False,outside_target,outside_target
44390,house_16H_seed_3_nrows_2000_nclasses_10_ncols_100_stratify_True,house-16h,5,2000,16.0,0.5,0.8969,1000,1000,0.012913171570144958,12.950182636550363,12.116820831828308,16,2.5611098912546195,2.494594638627586,False,outside_target,outside_target
44391,house_16H_seed_4_nrows_2000_nclasses_10_ncols_100_stratify_True,house-16h,5,2000,16.0,0.5,0.889391,1000,1000,0.012913171570144958,12.082602903228418,11.301133137222948,15,2.4917666414174433,2.424902998321179,False,outside_target,outside_target
44392,kdd_ipums_la_97-small_seed_0_nrows_2000_nclasses_10_ncols_100_stratify_True,kdd_ipums_la_97-small,9,2000,20.0,0.5,0.889013,1000,1000,0.012913171570144958,13.787584321084886,13.022156957689193,16,2.6237685003241027,2.566652288012587,False,outside_target,outside_target
44393,kdd_ipums_la_97-small_seed_1_nrows_2000_nclasses_10_ncols_100_stratify_True,kdd_ipums_la_97-small,9,2000,20.0,0.5,0.890092,1000,1000,0.012913171570144958,14.406221901097028,13.484449774523089,18,2.66766018972887,2.601537152980082,False,outside_target,outside_target
44394,kdd_ipums_la_97-small_seed_2_nrows_2000_nclasses_10_ncols_100_stratify_True,kdd_ipums_la_97-small,9,2000,20.0,0.5,0.898388,1000,1000,0.012913171570144958,14.213333621424054,13.327478293321024,17,2.654180511458526,2.5898279409999674,False,outside_target,outside_target
44395,kdd_ipums_la_97-small_seed_3_nrows_2000_nclasses_10_ncols_100_stratify_True,kdd_ipums_la_97-small,9,2000,20.0,0.5,0.901446,1000,1000,0.012913171570144958,14.223048165141796,13.321412087552524,17,2.6548637590086943,2.589372672072325,False,outside_target,outside_target
44396,kdd_ipums_la_97-small_seed_4_nrows_2000_nclasses_10_ncols_100_stratify_True,kdd_ipums_la_97-small,9,2000,20.0,0.5,0.90097,1000,1000,0.012913171570144958,14.165156102948917,13.596990271427382,16,2.650785153549954,2.6098484646792417,False,outside_target,outside_target
44397,MagicTelescope_seed_0_nrows_2000_nclasses_10_ncols_100_stratify_True,magictelescope,5,2000,10.0,0.5,0.833152,1000,1000,0.012913171570144958,3.9918677518005725,3.2262397191225083,6,1.3842592295939933,1.171317285411749,True,T1,T1
44398,MagicTelescope_seed_1_nrows_2000_nclasses_10_ncols_100_stratify_True,magictelescope,5,2000,10.0,0.5,0.842785,1000,1000,0.012913171570144958,4.956054217053026,3.5951278820081836,8,1.6006099033868455,1.2795795627261994,True,T1,T1
44399,MagicTelescope_seed_2_nrows_2000_nclasses_10_ncols_100_stratify_True,magictelescope,5,2000,10.0,0.5,0.821834,1000,1000,0.012913171570144958,5.006139677342497,3.7888478968330173,7,1.6106650946064454,1.332061987877047,True,T2,T1
44400,MagicTelescope_seed_3_nrows_2000_nclasses_10_ncols_100_stratify_True,magictelescope,5,2000,10.0,0.5,0.828524,1000,1000,0.012913171570144958,5.439426030384694,4.062062084218537,9,1.6936735461809118,1.401690747191696,True,T2,T1
44401,MagicTelescope_seed_4_nrows_2000_nclasses_10_ncols_100_stratify_True,magictelescope,5,2000,10.0,0.5,0.828465,1000,1000,0.012913171570144958,4.872858367638613,3.8116603470275794,7,1.5836806987229166,1.3380648808326094,True,T2,T1
44402,bank-marketing_seed_0_nrows_2000_nclasses_10_ncols_100_stratify_True,bank-marketing,6,2000,7.0,0.5,0.828012,1000,1000,0.012913171570144958,3.7249797404135827,3.117716097080974,6,1.3150614130015867,1.137100713597451,True,T1,T1
44403,bank-marketing_seed_1_nrows_2000_nclasses_10_ncols_100_stratify_True,bank-marketing,6,2000,7.0,0.5,0.833023,1000,1000,0.012913171570144958,3.6269746988472384,3.0072483535847683,6,1.2883988844967924,1.1010254924098992,True,T1,T1
44404,bank-marketing_seed_2_nrows_2000_nclasses_10_ncols_100_stratify_True,bank-marketing,6,2000,7.0,0.5,0.83076,1000,1000,0.012913171570144958,3.6677384729070335,3.0828147590477806,5,1.2995752522086121,1.125843062456556,True,T1,T1
44405,bank-marketing_seed_3_nrows_2000_nclasses_10_ncols_100_stratify_True,bank-marketing,6,2000,7.0,0.5,0.80898,1000,1000,0.012913171570144958,4.1055918769546995,3.264775412581655,7,1.4123499169090419,1.183190974016917,True,T1,T1
44406,bank-marketing_seed_4_nrows_2000_nclasses_10_ncols_100_stratify_True,bank-marketing,6,2000,7.0,0.5,0.822596,1000,1000,0.012913171570144958,3.8475073183864907,3.2569609366172267,6,1.3474254888438357,1.1807945325522997,True,T1,T1
44407,phoneme_seed_0_nrows_2000_nclasses_10_ncols_100_stratify_True,phoneme,7,2000,5.0,0.5,0.810263,1000,1000,0.012913171570144958,4.251782708129898,4.034095286225288,5,1.4473383557237107,1.3947820600327483,True,T2,T1
44408,phoneme_seed_1_nrows_2000_nclasses_10_ncols_100_stratify_True,phoneme,7,2000,5.0,0.5,0.800331,1000,1000,0.012913171570144958,4.240481504172445,4.004154244058115,5,1.444676825100978,1.3873323832030386,True,T2,T1
44409,phoneme_seed_2_nrows_2000_nclasses_10_ncols_100_stratify_True,phoneme,7,2000,5.0,0.5,0.799388,1000,1000,0.012913171570144958,4.239218792327816,4.003578988568624,5,1.4443790051757894,1.3871887082144323,True,T2,T1
44410,phoneme_seed_3_nrows_2000_nclasses_10_ncols_100_stratify_True,phoneme,7,2000,5.0,0.5,0.807143,1000,1000,0.012913171570144958,4.164653448159404,3.918621374205342,5,1.4266330664329852,1.3657399016911111,True,T2,T1
44411,phoneme_seed_4_nrows_2000_nclasses_10_ncols_100_stratify_True,phoneme,7,2000,5.0,0.5,0.811081,1000,1000,0.012913171570144958,4.30456461820388,4.098717217037755,5,1.4596759987824695,1.4106740508617834,True,T2,T1
44412,MiniBooNE_seed_0_nrows_2000_nclasses_10_ncols_100_stratify_True,miniboone,5,2000,50.0,0.5,0.922358,1000,1000,0.012913171570144958,37.053771413006075,35.41361332129168,45,3.6123701390853693,3.5670963033152336,False,outside_target,outside_target
44413,MiniBooNE_seed_1_nrows_2000_nclasses_10_ncols_100_stratify_True,miniboone,5,2000,50.0,0.5,0.905888,1000,1000,0.012913171570144958,36.936159261924516,35.03465296638978,44,3.609190997030039,3.5563376564327736,False,outside_target,outside_target
44414,MiniBooNE_seed_2_nrows_2000_nclasses_10_ncols_100_stratify_True,miniboone,5,2000,50.0,0.5,0.922332,1000,1000,0.012913171570144958,37.39861947039729,35.43984521724508,46,3.621633791182979,3.5678367582681183,False,outside_target,outside_target
44415,MiniBooNE_seed_3_nrows_2000_nclasses_10_ncols_100_stratify_True,miniboone,5,2000,50.0,0.5,0.912136,1000,1000,0.012913171570144958,37.08940367179673,35.22575974344794,45,3.613331313502115,3.561777625854435,False,outside_target,outside_target
44416,MiniBooNE_seed_4_nrows_2000_nclasses_10_ncols_100_stratify_True,miniboone,5,2000,50.0,0.5,0.902448,1000,1000,0.012913171570144958,37.93071679612306,36.01171277896943,45,3.6357612533899766,3.583844240511032,False,outside_target,outside_target
44417,Higgs_seed_0_nrows_2000_nclasses_10_ncols_100_stratify_True,higgs,5,2000,24.0,0.5,0.685081,1000,1000,0.012913171570144958,7.078577871252528,3.0625385334471305,7,1.957073021887125,1.1192441581417716,True,T1,T2
44418,Higgs_seed_1_nrows_2000_nclasses_10_ncols_100_stratify_True,higgs,5,2000,24.0,0.5,0.676172,1000,1000,0.012913171570144958,14.0684133890246,5.7666642925394225,12,2.6439320992400406,1.7520938011371727,True,T2,T3
44419,Higgs_seed_2_nrows_2000_nclasses_10_ncols_100_stratify_True,higgs,5,2000,24.0,0.5,0.658763,1000,1000,0.012913171570144958,12.703825354003483,5.715125544771617,9,2.5419031570868813,1.7431162645945744,True,T2,T3
44420,Higgs_seed_3_nrows_2000_nclasses_10_ncols_100_stratify_True,higgs,5,2000,24.0,0.5,0.665945,1000,1000,0.012913171570144958,9.806602213617273,3.721221209875784,6,2.2830558541128094,1.3140518966369088,True,T2,T2
44421,Higgs_seed_4_nrows_2000_nclasses_10_ncols_100_stratify_True,higgs,5,2000,24.0,0.5,0.665495,1000,1000,0.012913171570144958,10.6865507125197,4.153705231178554,7,2.368986008097573,1.4240007626998585,True,T2,T2
44423,eye_movements_seed_0_nrows_2000_nclasses_10_ncols_100_stratify_True,eye_movements,12,2000,20.0,0.5,0.568138,1000,1000,0.012913171570144958,12.255219837050792,6.200379110651942,9,2.505951955379018,1.824610437060997,False,outside_target,outside_target
44424,eye_movements_seed_1_nrows_2000_nclasses_10_ncols_100_stratify_True,eye_movements,12,2000,20.0,0.5,0.57678,1000,1000,0.012913171570144958,11.25511235259823,7.191333409285624,11,2.420822456769842,1.9728766078467699,False,outside_target,outside_target
44425,eye_movements_seed_2_nrows_2000_nclasses_10_ncols_100_stratify_True,eye_movements,12,2000,20.0,0.5,0.553053,1000,1000,0.012913171570144958,10.91910816197201,3.961645191207336,5,2.3905142968324875,1.3766593913150518,False,outside_target,outside_target
44426,eye_movements_seed_3_nrows_2000_nclasses_10_ncols_100_stratify_True,eye_movements,12,2000,20.0,0.5,0.571528,1000,1000,0.012913171570144958,8.531616357870332,5.3437342608309955,7,2.143778834510279,1.6759247083570277,False,outside_target,outside_target
44427,eye_movements_seed_4_nrows_2000_nclasses_10_ncols_100_stratify_True,eye_movements,12,2000,20.0,0.5,0.57405,1000,1000,0.012913171570144958,11.962703410498245,4.091796412439113,6,2.4817937606468985,1.4089840942708174,False,outside_target,outside_target
44428,jannis_seed_0_nrows_2000_nclasses_10_ncols_100_stratify_True,jannis,5,2000,54.0,0.5,0.807972,1000,1000,0.012913171570144958,23.788212125098845,18.556159139155884,28,3.1691901691199926,2.9208017630089995,True,T3,T3
44429,jannis_seed_1_nrows_2000_nclasses_10_ncols_100_stratify_True,jannis,5,2000,54.0,0.5,0.803725,1000,1000,0.012913171570144958,24.822766813269467,19.743134653624576,30,3.2117612487154403,2.982805818441205,True,T3,T3
44430,jannis_seed_2_nrows_2000_nclasses_10_ncols_100_stratify_True,jannis,5,2000,54.0,0.5,0.794934,1000,1000,0.012913171570144958,22.32502729139094,17.676954465711336,26,3.1057083492205364,2.8722617836445243,True,T3,T3
44431,jannis_seed_3_nrows_2000_nclasses_10_ncols_100_stratify_True,jannis,5,2000,54.0,0.5,0.793298,1000,1000,0.012913171570144958,23.145846949610615,19.23181779481343,27,3.1418153670135727,2.9565660842445562,True,T3,T3
44432,jannis_seed_4_nrows_2000_nclasses_10_ncols_100_stratify_True,jannis,5,2000,54.0,0.5,0.794162,1000,1000,0.012913171570144958,22.175650001094972,18.365799580847426,27,3.098994840104037,2.91049021662212,True,T3,T3
44438,eye_movements_seed_0_nrows_2000_nclasses_10_ncols_100_stratify_True,eye_movements,12,2000,23.0,0.5,0.578548,1000,1000,0.012913171570144958,14.406223688517766,6.618254492759977,10,2.667660313801693,1.889831663392876,False,outside_target,outside_target
44439,eye_movements_seed_1_nrows_2000_nclasses_10_ncols_100_stratify_True,eye_movements,12,2000,23.0,0.5,0.605366,1000,1000,0.012913171570144958,13.72964300819372,8.838718745940215,13,2.619557218581962,2.1791419279029327,True,T3,T3
44440,eye_movements_seed_2_nrows_2000_nclasses_10_ncols_100_stratify_True,eye_movements,12,2000,23.0,0.5,0.565338,1000,1000,0.012913171570144958,13.510976068207448,4.873868024363742,7,2.6035023971941462,1.5838878773566718,False,outside_target,outside_target
44441,eye_movements_seed_3_nrows_2000_nclasses_10_ncols_100_stratify_True,eye_movements,12,2000,23.0,0.5,0.599833,1000,1000,0.012913171570144958,10.522227997441036,6.315203272651451,8,2.353489971714895,1.8429599441444915,False,outside_target,outside_target
44442,eye_movements_seed_4_nrows_2000_nclasses_10_ncols_100_stratify_True,eye_movements,12,2000,23.0,0.5,0.57983,1000,1000,0.012913171570144958,13.808733387968767,4.091796412439113,6,2.6253012461960217,1.4089840942708174,False,outside_target,outside_target
44443,covertype_seed_0_nrows_2000_nclasses_10_ncols_100_stratify_True,covertype,10,2000,54.0,0.5,0.855893,1000,1000,0.012913171570144958,7.542073753659315,2.361126581743511,12,2.020497177846865,0.8591388702805804,False,outside_target,outside_target
44444,covertype_seed_1_nrows_2000_nclasses_10_ncols_100_stratify_True,covertype,10,2000,54.0,0.5,0.853792,1000,1000,0.012913171570144958,7.158172165216361,2.8657014153219706,10,1.9682546641943401,1.0528131423045721,False,outside_target,outside_target
44445,covertype_seed_2_nrows_2000_nclasses_10_ncols_100_stratify_True,covertype,10,2000,54.0,0.5,0.855438,1000,1000,0.012913171570144958,6.54231367400738,2.1121788707435853,10,1.8782908756902739,0.7477200548447253,False,outside_target,outside_target
44446,covertype_seed_3_nrows_2000_nclasses_10_ncols_100_stratify_True,covertype,10,2000,54.0,0.5,0.834505,1000,1000,0.012913171570144958,6.374994836815999,2.057948627761274,11,1.852383281132946,0.7217096748851722,True,T1,T2
44447,covertype_seed_4_nrows_2000_nclasses_10_ncols_100_stratify_True,covertype,10,2000,54.0,0.5,0.849583,1000,1000,0.012913171570144958,7.501260836593866,2.6415852105257307,13,2.0150711179589513,0.9713791954876067,True,T1,T2
44448,rl_seed_0_nrows_2000_nclasses_10_ncols_100_stratify_True,rl,6,2000,12.0,0.5,0.661118,1000,1000,0.012913171570144958,3.8284788059189268,2.4698163244773887,5,1.3424675456849924,0.904143785315092,True,T1,T1
44449,rl_seed_1_nrows_2000_nclasses_10_ncols_100_stratify_True,rl,6,2000,12.0,0.5,0.662668,1000,1000,0.012913171570144958,4.643416678268596,3.515360615556341,5,1.5354504483383806,1.2571421133306881,True,T1,T1
44450,rl_seed_2_nrows_2000_nclasses_10_ncols_100_stratify_True,rl,6,2000,12.0,0.5,0.664042,1000,1000,0.012913171570144958,4.961962635751602,3.2540264277442614,5,1.6018013551629837,1.1798931303816476,True,T1,T1
44451,rl_seed_3_nrows_2000_nclasses_10_ncols_100_stratify_True,rl,6,2000,12.0,0.5,0.657907,1000,1000,0.012913171570144958,4.93611668269929,3.681443638582886,6,1.5965789254442888,1.3033049683471976,True,T1,T1
44452,rl_seed_4_nrows_2000_nclasses_10_ncols_100_stratify_True,rl,6,2000,12.0,0.5,0.651178,1000,1000,0.012913171570144958,4.050602467526297,3.007295310025986,4,1.3988656274690614,1.101041106708787,True,T1,T1
44453,road-safety_seed_0_nrows_2000_nclasses_10_ncols_100_stratify_True,road-safety,5,2000,32.0,0.5,0.737779,1000,1000,0.012913171570144958,8.271711411058135,3.4653085265071053,11,2.112841429712876,1.2428016695169577,True,T1,T2
44454,road-safety_seed_1_nrows_2000_nclasses_10_ncols_100_stratify_True,road-safety,5,2000,32.0,0.5,0.743252,1000,1000,0.012913171570144958,8.004075739278152,3.8188165717340055,8,2.0799508793551458,1.3399405766457866,True,T2,T2
44455,road-safety_seed_2_nrows_2000_nclasses_10_ncols_100_stratify_True,road-safety,5,2000,32.0,0.5,0.742696,1000,1000,0.012913171570144958,8.007373526378169,2.828396160576667,5,2.0803628079809604,1.039709823292872,True,T1,T2
44456,road-safety_seed_3_nrows_2000_nclasses_10_ncols_100_stratify_True,road-safety,5,2000,32.0,0.5,0.716562,1000,1000,0.012913171570144958,10.733800141354783,4.092648881219804,12,2.373397654367098,1.4091924086411107,True,T2,T2
44457,road-safety_seed_4_nrows_2000_nclasses_10_ncols_100_stratify_True,road-safety,5,2000,32.0,0.5,0.742304,1000,1000,0.012913171570144958,11.222026079797049,4.987796006377467,16,2.4178784613144106,1.6069941301044786,True,T2,T3
44458,compass_seed_0_nrows_2000_nclasses_10_ncols_100_stratify_True,compass,5,2000,17.0,0.5,0.762396,1000,1000,0.012913171570144958,8.986235586287437,6.580822740807627,14,2.1956940273405237,1.8841597741177059,True,T3,T2
44459,compass_seed_1_nrows_2000_nclasses_10_ncols_100_stratify_True,compass,5,2000,17.0,0.5,0.740825,1000,1000,0.012913171570144958,9.336147186417392,6.938916514785038,14,2.2338936603288535,1.9371456405415386,True,T3,T2
44460,compass_seed_2_nrows_2000_nclasses_10_ncols_100_stratify_True,compass,5,2000,17.0,0.5,0.730104,1000,1000,0.012913171570144958,9.059167552466443,6.766619606060512,12,2.2037772342072923,1.912001642586065,True,T3,T2
44461,compass_seed_3_nrows_2000_nclasses_10_ncols_100_stratify_True,compass,5,2000,17.0,0.5,0.732822,1000,1000,0.012913171570144958,9.672484283897148,7.2354580363874295,15,2.2692851827679643,1.978993666495232,True,T3,T2
44462,compass_seed_4_nrows_2000_nclasses_10_ncols_100_stratify_True,compass,5,2000,17.0,0.5,0.762942,1000,1000,0.012913171570144958,9.087911844069536,6.550409085515195,12,2.2069451616753146,1.8795275035007246,True,T2,T2
44463,KDDCup09_upselling_seed_0_nrows_2000_nclasses_10_ncols_100_stratify_True,KDDCup09_upselling,7,2000,49.0,0.5,0.824583,1000,1000,0.012913171570144958,26.547257931410073,17.351335241894095,31,3.2789264629346784,2.8536694626186416,True,T3,T3
44464,KDDCup09_upselling_seed_1_nrows_2000_nclasses_10_ncols_100_stratify_True,KDDCup09_upselling,7,2000,49.0,0.5,0.816188,1000,1000,0.012913171570144958,25.110211891032897,15.892806318896557,31,3.223274611645753,2.7658665740737964,True,T3,T3
44465,KDDCup09_upselling_seed_2_nrows_2000_nclasses_10_ncols_100_stratify_True,KDDCup09_upselling,7,2000,49.0,0.5,0.815037,1000,1000,0.012913171570144958,30.06978197314907,21.1865113748499,33,3.403520746330622,3.053364723277975,True,T3,T3
44466,KDDCup09_upselling_seed_3_nrows_2000_nclasses_10_ncols_100_stratify_True,KDDCup09_upselling,7,2000,49.0,0.5,0.835161,1000,1000,0.012913171570144958,26.903820809430027,18.644238415045674,33,3.292268314046699,2.9255371661913188,True,T3,T3
44467,KDDCup09_upselling_seed_4_nrows_2000_nclasses_10_ncols_100_stratify_True,KDDCup09_upselling,7,2000,49.0,0.5,0.840172,1000,1000,0.012913171570144958,23.528736502683685,15.677044042724681,30,3.1582225040040086,2.7521974794671946,True,T3,T3
44483,Australian_seed_0_nrows_2000_nclasses_10_ncols_100_stratify_True,credit-approval,10,690,14.0,0.444927536232,0.92942737347,307,383,0.022129919082358222,8.328749457703985,6.952963218122446,10,2.1197133197832745,1.9391679310298904,False,outside_target,outside_target
44484,Australian_seed_1_nrows_2000_nclasses_10_ncols_100_stratify_True,credit-approval,10,690,14.0,0.444927536232,0.92942737347,307,383,0.022129919082358222,8.328749457703985,6.952963218122446,10,2.1197133197832745,1.9391679310298904,False,outside_target,outside_target
44485,Australian_seed_2_nrows_2000_nclasses_10_ncols_100_stratify_True,credit-approval,10,690,14.0,0.444927536232,0.92942737347,307,383,0.022129919082358222,8.328749457703985,6.952963218122446,10,2.1197133197832745,1.9391679310298904,False,outside_target,outside_target
44486,Australian_seed_3_nrows_2000_nclasses_10_ncols_100_stratify_True,credit-approval,10,690,14.0,0.444927536232,0.92942737347,307,383,0.022129919082358222,8.328749457703985,6.952963218122446,10,2.1197133197832745,1.9391679310298904,False,outside_target,outside_target
44487,Australian_seed_4_nrows_2000_nclasses_10_ncols_100_stratify_True,credit-approval,10,690,14.0,0.444927536232,0.92942737347,307,383,0.022129919082358222,8.328749457703985,6.952963218122446,10,2.1197133197832745,1.9391679310298904,False,outside_target,outside_target
44488,wilt_seed_0_nrows_2000_nclasses_10_ncols_100_stratify_True,wilt,6,2000,5.0,0.054,0.96834135933,108,1892,0.028566726544644035,4.0968593530240325,3.759909347282431,4,1.4102206687160213,1.3243948473458473,False,outside_target,outside_target
44489,wilt_seed_1_nrows_2000_nclasses_10_ncols_100_stratify_True,wilt,6,2000,5.0,0.054,0.967827499804,108,1892,0.028566726544644035,4.330347698296947,3.9036142781530274,4,1.4656478386281713,1.3619028619670306,False,outside_target,outside_target
44490,wilt_seed_2_nrows_2000_nclasses_10_ncols_100_stratify_True,wilt,6,2000,5.0,0.054,0.981970871506,108,1892,0.028566726544644035,3.906577752788134,3.833281428710993,4,1.3626617356965334,1.3437212062731607,False,outside_target,outside_target
44491,wilt_seed_3_nrows_2000_nclasses_10_ncols_100_stratify_True,wilt,6,2000,5.0,0.054,0.978863244852,108,1892,0.028566726544644035,3.8883981381685353,3.789128152709397,4,1.3579972831478058,1.3321359537683815,False,outside_target,outside_target
44492,wilt_seed_4_nrows_2000_nclasses_10_ncols_100_stratify_True,wilt,6,2000,5.0,0.054,0.962781888654,108,1892,0.028566726544644035,3.887969125383115,3.7941501955039074,4,1.3578869455643774,1.333460458368659,False,outside_target,outside_target
44493,numerai28.6_seed_0_nrows_2000_nclasses_10_ncols_100_stratify_True,numerai28-6,4,2000,21.0,0.495,0.52898589859,990,1010,0.012913817277151894,9.357723740844998,4.643887197546232,7,2.236202070833335,1.5355517736065813,False,outside_target,outside_target
44494,numerai28.6_seed_1_nrows_2000_nclasses_10_ncols_100_stratify_True,numerai28-6,4,2000,21.0,0.495,0.527170717072,990,1010,0.012913817277151894,11.535069945730228,2.7842239489656686,3,2.4453919553897534,1.0239691806757518,False,outside_target,outside_target
44495,numerai28.6_seed_2_nrows_2000_nclasses_10_ncols_100_stratify_True,numerai28-6,4,2000,21.0,0.495,0.541830183018,990,1010,0.012913817277151894,15.533743865761027,5.502449215145224,9,2.743014681240494,1.7051933049611177,False,outside_target,outside_target
44497,numerai28.6_seed_4_nrows_2000_nclasses_10_ncols_100_stratify_True,numerai28-6,4,2000,21.0,0.495,0.535409540954,990,1010,0.012913817277151894,11.370599119640199,3.869799797348636,5,2.4310309993944625,1.35320277375229,False,outside_target,outside_target
44498,credit-g_seed_0_nrows_2000_nclasses_10_ncols_100_stratify_True,credit-g,16,1000,20.0,0.3,0.785066666667,300,700,0.019930434571835662,9.202135624086598,4.908859041073482,9,2.2194355901691774,1.5910415402765,True,T2,T2
44499,credit-g_seed_1_nrows_2000_nclasses_10_ncols_100_stratify_True,credit-g,16,1000,20.0,0.3,0.785066666667,300,700,0.019930434571835662,9.202135624086598,4.908859041073482,9,2.2194355901691774,1.5910415402765,True,T2,T2
44500,credit-g_seed_2_nrows_2000_nclasses_10_ncols_100_stratify_True,credit-g,16,1000,20.0,0.3,0.785066666667,300,700,0.019930434571835662,9.202135624086598,4.908859041073482,9,2.2194355901691774,1.5910415402765,True,T2,T2
44501,credit-g_seed_3_nrows_2000_nclasses_10_ncols_100_stratify_True,credit-g,16,1000,20.0,0.3,0.785066666667,300,700,0.019930434571835662,9.202135624086598,4.908859041073482,9,2.2194355901691774,1.5910415402765,True,T2,T2
44502,credit-g_seed_4_nrows_2000_nclasses_10_ncols_100_stratify_True,credit-g,16,1000,20.0,0.3,0.785066666667,300,700,0.019930434571835662,9.202135624086598,4.908859041073482,9,2.2194355901691774,1.5910415402765,True,T2,T2
44538,albert_seed_0_nrows_2000_nclasses_10_ncols_100_stratify_True,albert,5,2000,70.0,0.5,0.670402,1000,1000,0.012913171570144958,19.96802285438556,8.642739327405408,20,2.994132136736921,2.156719584348702,True,T3,T3
44539,albert_seed_1_nrows_2000_nclasses_10_ncols_100_stratify_True,albert,5,2000,70.0,0.5,0.686568,1000,1000,0.012913171570144958,19.5124732138796,8.294232788273945,19,2.971053913073387,2.115560428499758,True,T3,T3
44540,albert_seed_2_nrows_2000_nclasses_10_ncols_100_stratify_True,albert,5,2000,70.0,0.5,0.660516,1000,1000,0.012913171570144958,15.071552740947997,7.026875110392457,16,2.7128090425627556,1.9497420992319225,True,T3,T3
44541,albert_seed_3_nrows_2000_nclasses_10_ncols_100_stratify_True,albert,5,2000,70.0,0.5,0.674544,1000,1000,0.012913171570144958,17.418107358352092,7.527545379817479,21,2.8575103178956045,2.0185690098932727,True,T3,T3
44542,albert_seed_4_nrows_2000_nclasses_10_ncols_100_stratify_True,albert,5,2000,70.0,0.5,0.677411,1000,1000,0.012913171570144958,14.968472605108563,6.196507384031399,15,2.7059461628392136,1.8239858081675913,True,T2,T3
44568,ada_seed_0_nrows_2000_nclasses_10_ncols_100_stratify_True,ada,6,2000,48.0,0.248,0.90193891558,496,1504,0.014950928512425743,16.825096279234575,11.084095758143114,20,2.8228715979057752,2.405511266276217,False,outside_target,outside_target
44569,ada_seed_1_nrows_2000_nclasses_10_ncols_100_stratify_True,ada,6,2000,48.0,0.248,0.895915998198,496,1504,0.014950928512425743,15.595103215885686,10.561139911230573,19,2.746956968562115,2.357181218591609,False,outside_target,outside_target
44570,ada_seed_2_nrows_2000_nclasses_10_ncols_100_stratify_True,ada,6,2000,48.0,0.248,0.901909424331,496,1504,0.014950928512425743,16.39922284786037,10.767038017555642,22,2.7972339463817506,2.376489431760349,False,outside_target,outside_target
44571,ada_seed_3_nrows_2000_nclasses_10_ncols_100_stratify_True,ada,6,2000,48.0,0.248,0.909075797872,496,1504,0.014950928512425743,17.130384416660966,11.537719197716266,23,2.8408537532203053,2.445621598367133,False,outside_target,outside_target
44572,ada_seed_4_nrows_2000_nclasses_10_ncols_100_stratify_True,ada,6,2000,48.0,0.248,0.904449693291,496,1504,0.014950928512425743,16.715177122263356,11.316289733170745,22,2.8163171164215632,2.426243256961914,False,outside_target,outside_target
44598,qsar-biodeg_seed_0_nrows_2000_nclasses_10_ncols_100_stratify_True,qsar-biodeg,8,1055,41.0,0.33744075829383885,0.9274445033836459,356,699,0.018805191017572113,25.426973648791932,21.29138301915755,28,3.235810565226359,3.058302437770506,False,outside_target,outside_target
44599,qsar-biodeg_seed_1_nrows_2000_nclasses_10_ncols_100_stratify_True,qsar-biodeg,8,1055,41.0,0.33744075829383885,0.9274445033836459,356,699,0.018805191017572113,25.426973648791932,21.29138301915755,28,3.235810565226359,3.058302437770506,False,outside_target,outside_target
44600,qsar-biodeg_seed_2_nrows_2000_nclasses_10_ncols_100_stratify_True,qsar-biodeg,8,1055,41.0,0.33744075829383885,0.9274445033836459,356,699,0.018805191017572113,25.426973648791932,21.29138301915755,28,3.235810565226359,3.058302437770506,False,outside_target,outside_target
44601,qsar-biodeg_seed_3_nrows_2000_nclasses_10_ncols_100_stratify_True,qsar-biodeg,8,1055,41.0,0.33744075829383885,0.9274445033836459,356,699,0.018805191017572113,25.426973648791932,21.29138301915755,28,3.235810565226359,3.058302437770506,False,outside_target,outside_target
44602,qsar-biodeg_seed_4_nrows_2000_nclasses_10_ncols_100_stratify_True,qsar-biodeg,8,1055,41.0,0.33744075829383885,0.9274445033836459,356,699,0.018805191017572113,25.426973648791932,21.29138301915755,28,3.235810565226359,3.058302437770506,False,outside_target,outside_target
44608,pc4_seed_0_nrows_2000_nclasses_10_ncols_100_stratify_True,pc4,6,1458,37.0,0.12208504801097393,0.9037745786516854,178,1280,0.023100534937950584,30.861796636680108,28.435010524655944,35,3.42951906418657,3.347621150889025,False,outside_target,outside_target
44609,pc4_seed_1_nrows_2000_nclasses_10_ncols_100_stratify_True,pc4,6,1458,37.0,0.12208504801097393,0.9037745786516854,178,1280,0.023100534937950584,30.861796636680108,28.435010524655944,35,3.42951906418657,3.347621150889025,False,outside_target,outside_target
44610,pc4_seed_2_nrows_2000_nclasses_10_ncols_100_stratify_True,pc4,6,1458,37.0,0.12208504801097393,0.9037745786516854,178,1280,0.023100534937950584,30.861796636680108,28.435010524655944,35,3.42951906418657,3.347621150889025,False,outside_target,outside_target
44611,pc4_seed_3_nrows_2000_nclasses_10_ncols_100_stratify_True,pc4,6,1458,37.0,0.12208504801097393,0.9037745786516854,178,1280,0.023100534937950584,30.861796636680108,28.435010524655944,35,3.42951906418657,3.347621150889025,False,outside_target,outside_target
44612,pc4_seed_4_nrows_2000_nclasses_10_ncols_100_stratify_True,pc4,6,1458,37.0,0.12208504801097393,0.9037745786516854,178,1280,0.023100534937950584,30.861796636680108,28.435010524655944,35,3.42951906418657,3.347621150889025,False,outside_target,outside_target
44628,kc1_seed_0_nrows_2000_nclasses_10_ncols_100_stratify_True,kc1,6,2000,21.0,0.1545,0.7977920420118694,309,1691,0.01786413029949053,19.189144253785624,18.953813311029304,20,2.9543447156842655,2.9420051414178405,True,T3,T3
44629,kc1_seed_1_nrows_2000_nclasses_10_ncols_100_stratify_True,kc1,6,2000,21.0,0.1545,0.8026617213919494,309,1691,0.01786413029949053,19.15193973554242,18.93153622092116,20,2.9524040021702334,2.9408291146449126,True,T3,T3
44630,kc1_seed_2_nrows_2000_nclasses_10_ncols_100_stratify_True,kc1,6,2000,21.0,0.1545,0.7978685942520751,309,1691,0.01786413029949053,19.192007469019455,18.890130094761098,20,2.9544939147109033,2.9386395684542927,True,T3,T3
44631,kc1_seed_3_nrows_2000_nclasses_10_ncols_100_stratify_True,kc1,6,2000,21.0,0.1545,0.7968332252032941,309,1691,0.01786413029949053,19.214538810254567,18.92860833393575,20,2.9556672221807334,2.9406744460864234,True,T3,T3
44632,kc1_seed_4_nrows_2000_nclasses_10_ncols_100_stratify_True,kc1,6,2000,21.0,0.1545,0.8063850309749503,309,1691,0.01786413029949053,19.16695493525061,18.902870472807958,20,2.9531876991221258,2.939313787401619,True,T3,T3
44643,kr-vs-kp_seed_0_nrows_2000_nclasses_10_ncols_100_stratify_True,kr-vs-kp,6,2000,36.0,0.478,0.9931757883261995,956,1044,0.012925689699483947,14.219085833891043,9.377706637660648,17,2.6545851349591403,2.2383352382054706,False,outside_target,outside_target
44644,kr-vs-kp_seed_1_nrows_2000_nclasses_10_ncols_100_stratify_True,kr-vs-kp,6,2000,36.0,0.478,0.9919023228971289,956,1044,0.012925689699483947,15.049032865994645,9.830852277207091,20,2.711313727734328,2.285525632049442,False,outside_target,outside_target
44645,kr-vs-kp_seed_2_nrows_2000_nclasses_10_ncols_100_stratify_True,kr-vs-kp,6,2000,36.0,0.478,0.993280992000513,956,1044,0.012925689699483947,14.32518059944268,9.145051256452923,16,2.6620188698122695,2.213212886688021,False,outside_target,outside_target
44646,kr-vs-kp_seed_3_nrows_2000_nclasses_10_ncols_100_stratify_True,kr-vs-kp,6,2000,36.0,0.478,0.9926076884849067,956,1044,0.012925689699483947,14.239478143108075,8.696354722448163,17,2.656018258058656,2.1629039404368404,False,outside_target,outside_target
44647,kr-vs-kp_seed_4_nrows_2000_nclasses_10_ncols_100_stratify_True,kr-vs-kp,6,2000,36.0,0.478,0.9928451482069286,956,1044,0.012925689699483947,14.506556639866043,9.037317403837122,18,2.6746007292827567,2.201362383002724,False,outside_target,outside_target
44658,churn_seed_0_nrows_2000_nclasses_10_ncols_100_stratify_True,churn,8,2000,20.0,0.1415,0.8691097752469074,283,1717,0.018524843852089964,12.307220293029054,8.526999722871498,13,2.510186105845475,2.1432375672597943,False,outside_target,outside_target
44659,churn_seed_1_nrows_2000_nclasses_10_ncols_100_stratify_True,churn,8,2000,20.0,0.1415,0.8346240360889134,283,1717,0.018524843852089964,12.286818491053742,7.781972035108269,13,2.508527020338276,2.0518097810206015,True,T3,T3
44660,churn_seed_2_nrows_2000_nclasses_10_ncols_100_stratify_True,churn,8,2000,20.0,0.1415,0.8528228420430903,283,1717,0.018524843852089964,11.867757770178946,7.769245518129515,14,2.4738252918882075,2.0501730577510267,False,outside_target,outside_target
44661,churn_seed_3_nrows_2000_nclasses_10_ncols_100_stratify_True,churn,8,2000,20.0,0.1415,0.849606203605187,283,1717,0.018524843852089964,11.59473373157654,8.250358822310629,13,2.4505510063710734,2.1102566930141795,True,T3,T3
44662,churn_seed_4_nrows_2000_nclasses_10_ncols_100_stratify_True,churn,8,2000,20.0,0.1415,0.8355810014591148,283,1717,0.018524843852089964,12.801543556846688,8.298689576556857,11,2.5495657540337837,2.116097619995276,True,T3,T3
44673,PhishingWebsites_seed_0_nrows_2000_nclasses_10_ncols_100_stratify_True,phishingwebsites,5,2000,29.0,0.443,0.9834235727514782,886,1114,0.012997908187153531,9.552293220620166,7.153221124952037,16,2.2567812534802,1.9675627622444103,False,outside_target,outside_target
44674,PhishingWebsites_seed_1_nrows_2000_nclasses_10_ncols_100_stratify_True,phishingwebsites,5,2000,29.0,0.443,0.9829438381202102,886,1114,0.012997908187153531,10.425423755856338,7.623424596653723,17,2.3442474149025294,2.0312256908717106,False,outside_target,outside_target
44675,PhishingWebsites_seed_2_nrows_2000_nclasses_10_ncols_100_stratify_True,phishingwebsites,5,2000,29.0,0.443,0.9805578295528691,886,1114,0.012997908187153531,9.861648097384558,7.430273397466575,16,2.288653304482729,2.0055626544815754,False,outside_target,outside_target
44676,PhishingWebsites_seed_3_nrows_2000_nclasses_10_ncols_100_stratify_True,phishingwebsites,5,2000,29.0,0.443,0.9851287330142533,886,1114,0.012997908187153531,10.269536786485173,7.3684256356593885,17,2.329181919367786,1.997204065425016,False,outside_target,outside_target
44677,PhishingWebsites_seed_4_nrows_2000_nclasses_10_ncols_100_stratify_True,phishingwebsites,5,2000,29.0,0.443,0.9839220509744643,886,1114,0.012997908187153531,10.471021450931786,7.569042734018642,17,2.34861157990716,2.0240666042377193,False,outside_target,outside_target
44678,sylvine_seed_0_nrows_2000_nclasses_10_ncols_100_stratify_True,sylvine,6,2000,20.0,0.5,0.9600329999999999,1000,1000,0.012913171570144958,3.6100923733395507,2.274567962688446,10,1.2837333602001186,0.8217901278578159,False,outside_target,outside_target
44679,sylvine_seed_1_nrows_2000_nclasses_10_ncols_100_stratify_True,sylvine,6,2000,20.0,0.5,0.965598,1000,1000,0.012913171570144958,3.634392077641146,2.2153686511183532,9,1.29044185563489,0.7954188235619895,False,outside_target,outside_target
44680,sylvine_seed_2_nrows_2000_nclasses_10_ncols_100_stratify_True,sylvine,6,2000,20.0,0.5,0.9669149999999999,1000,1000,0.012913171570144958,3.5009300325771213,2.2868489658235625,7,1.2530286567905702,0.827174872555367,False,outside_target,outside_target
44681,sylvine_seed_3_nrows_2000_nclasses_10_ncols_100_stratify_True,sylvine,6,2000,20.0,0.5,0.9652769999999999,1000,1000,0.012913171570144958,4.228784872665616,2.600606042867085,8,1.4419146876446942,0.9557445112758054,False,outside_target,outside_target
44682,sylvine_seed_4_nrows_2000_nclasses_10_ncols_100_stratify_True,sylvine,6,2000,20.0,0.5,0.964438,1000,1000,0.012913171570144958,3.8396094366921947,2.34624207189723,9,1.3453706522321636,0.8528149298600137,False,outside_target,outside_target
44708,Amazon_employee_access_seed_0_nrows_2000_nclasses_10_ncols_100_stratify_True,amazon-employee-access,5,2000,8.0,0.058,0.6799820631085731,116,1884,0.027622531496669545,5.219014664863033,2.922385292821604,4,1.6523086225563575,1.0724001639176999,True,T1,T1
44709,Amazon_employee_access_seed_1_nrows_2000_nclasses_10_ncols_100_stratify_True,amazon-employee-access,5,2000,8.0,0.058,0.6981248627278718,116,1884,0.027622531496669545,3.880456808198797,1.1000358688051934,2,1.355952880776925,0.09534278727741674,True,T1,T1
44710,Amazon_employee_access_seed_2_nrows_2000_nclasses_10_ncols_100_stratify_True,amazon-employee-access,5,2000,8.0,0.058,0.6378875649754739,116,1884,0.027622531496669545,5.731332588030863,3.021676349399707,4,1.7459480670441545,1.1058117599681123,True,T1,T2
44711,Amazon_employee_access_seed_3_nrows_2000_nclasses_10_ncols_100_stratify_True,amazon-employee-access,5,2000,8.0,0.058,0.7458177758254629,116,1884,0.027622531496669545,3.6190994779166035,2.3937645403506735,4,1.2862252318845675,0.8728672482263021,True,T1,T1
44712,Amazon_employee_access_seed_4_nrows_2000_nclasses_10_ncols_100_stratify_True,amazon-employee-access,5,2000,8.0,0.058,0.6966995204626985,116,1884,0.027622531496669545,4.759798456674329,1.762071754718257,2,1.560205326312117,0.5664902501344456,True,T1,T1
44723,adult_seed_0_nrows_2000_nclasses_10_ncols_100_stratify_True,adult,5,2000,14.0,0.2395,0.8920375700526657,479,1521,0.015128663304556558,8.061122437079776,6.376929976686737,9,2.0870528070063328,1.8526867866686034,False,outside_target,outside_target
44724,adult_seed_1_nrows_2000_nclasses_10_ncols_100_stratify_True,adult,5,2000,14.0,0.2395,0.8968209849854302,479,1521,0.015128663304556558,8.288653753769978,6.673071508984034,10,2.114887561963487,1.8980802500312979,False,outside_target,outside_target
44725,adult_seed_2_nrows_2000_nclasses_10_ncols_100_stratify_True,adult,5,2000,14.0,0.2395,0.9086347159255461,479,1521,0.015128663304556558,8.28149863038692,6.887067291144612,12,2.114023946027811,1.929645347263283,False,outside_target,outside_target
44726,adult_seed_3_nrows_2000_nclasses_10_ncols_100_stratify_True,adult,5,2000,14.0,0.2395,0.8946591834017561,479,1521,0.015128663304556558,7.377871864728115,6.238622864317177,8,1.9984852318141457,1.8307594632036854,False,outside_target,outside_target
44727,adult_seed_4_nrows_2000_nclasses_10_ncols_100_stratify_True,adult,5,2000,14.0,0.2395,0.9140193175844371,479,1521,0.015128663304556558,8.318207923014478,6.812071326331042,11,2.118446837764074,1.9186962334342683,False,outside_target,outside_target
44758,kick_seed_0_nrows_2000_nclasses_10_ncols_100_stratify_True,kick,5,2000,29.0,0.123,0.6592944350196067,246,1754,0.019658508889366405,14.750447433545595,10.76406158177321,15,2.691273416803415,2.37621295393462,True,T3,T3
44759,kick_seed_1_nrows_2000_nclasses_10_ncols_100_stratify_True,kick,5,2000,29.0,0.123,0.5956257937721909,246,1754,0.019658508889366405,18.57759349765373,13.241400041439546,18,2.9219562038805167,2.583348288229576,False,outside_target,outside_target
44760,kick_seed_2_nrows_2000_nclasses_10_ncols_100_stratify_True,kick,5,2000,29.0,0.123,0.6675936998822668,246,1754,0.019658508889366405,18.51017450655382,14.47595038291608,19,2.9183205542316095,2.6724886781545942,True,T3,T3
44761,kick_seed_3_nrows_2000_nclasses_10_ncols_100_stratify_True,kick,5,2000,29.0,0.123,0.5478974886670189,246,1754,0.019658508889366405,16.835687639119442,12.286215340671406,15,2.8235008975834113,2.50847792990959,False,outside_target,outside_target
44762,kick_seed_4_nrows_2000_nclasses_10_ncols_100_stratify_True,kick,5,2000,29.0,0.123,0.65277275634786,246,1754,0.019658508889366405,15.05686879358438,12.057811280824208,16,2.7118342853216935,2.4897126889930203,True,T3,T3
44773,sf-police-incidents_seed_0_nrows_2000_nclasses_10_ncols_100_stratify_True,sf-police-incidents,5,2000,8.0,0.1215,0.548765549208223,243,1757,0.01976259195671911,5.419016112279833,1.753162692122727,2,1.6899142698734917,0.5614214094608561,False,outside_target,outside_target
44774,sf-police-incidents_seed_1_nrows_2000_nclasses_10_ncols_100_stratify_True,sf-police-incidents,5,2000,8.0,0.1215,0.5232005546303908,243,1757,0.01976259195671911,2.5539483763527455,1.0,1,0.9376405445449629,0.0,False,outside_target,outside_target
44775,sf-police-incidents_seed_2_nrows_2000_nclasses_10_ncols_100_stratify_True,sf-police-incidents,5,2000,8.0,0.1215,0.5705643036320327,243,1757,0.01976259195671911,4.732480940027521,1.0,1,1.554449576629421,0.0,False,outside_target,outside_target
44776,sf-police-incidents_seed_3_nrows_2000_nclasses_10_ncols_100_stratify_True,sf-police-incidents,5,2000,8.0,0.1215,0.533803644914756,243,1757,0.01976259195671911,2.4701848773645176,,0,0.9042929969742614,,False,outside_target,outside_target
44777,sf-police-incidents_seed_4_nrows_2000_nclasses_10_ncols_100_stratify_True,sf-police-incidents,5,2000,8.0,0.1215,0.5254560827823334,243,1757,0.01976259195671911,4.388988676657861,2.0754789984529687,3,1.4790988307660773,0.7301919696705386,False,outside_target,outside_target
45023,heloc,heloc,2,10000,22.0,0.5,0.77939336,5000,5000,0.005773791359814335,16.57786550837307,15.60196479861217,22,2.808068402479476,2.747396854953614,True,T3,T3
45039,compas-two-years,compas-two-years,2,4966,11.0,0.5,0.7283418506415514,2483,2483,0.00819369393530772,7.72728593286797,6.554729715367471,11,2.04475769264987,1.8801868830119937,True,T3,T2
45059,sick,sick,4,3103,20.0,0.06928778601353529,0.8635814597693745,215,2888,0.02041044195981759,6.296186592468358,4.263096031482068,8,1.8399441473449978,1.4499956642668748,False,outside_target,outside_target
45063,credit-approval,credit-approval,10,653,15.0,0.45329249617151607,0.9285146491028843,296,357,0.022710060309832976,8.590421749881557,6.84718885312653,11,2.150647832565245,1.9238381816377015,False,outside_target,outside_target
45077,qsar,qsar-biodeg,8,1055,40.0,0.33744075829383885,0.9253347478741702,356,699,0.018805191017572113,25.05681022768211,21.35229813899091,28,3.2211456559587104,3.0611593750522728,False,outside_target,outside_target
45545,Tour-and-Travels-Customer-Churn-Prediction,Tour-and-Travels-Customer-Churn-Prediction,1,954,6.0,0.2348008385744235,0.8337481653620353,224,730,0.022061021787810373,3.760596025420842,3.1637236776990987,5,1.3245774622384079,1.1517497128739087,True,T1,T1
45553,FICO-HELOC-cleaned,heloc,2,9871,23.0,0.4796879748758991,0.7968183261126299,4735,5136,0.005816201594396896,17.720396810490985,16.87460994450091,23,2.874716338294773,2.8258101220915055,True,T3,T3
45562,seismic-bumps,seismic-bumps,2,2584,18.0,0.06578947368421052,0.7531726692333933,170,2414,0.022911132509157054,9.356576465520519,8.263036248025498,11,2.236079461351467,2.1117921044969723,True,T3,T2
45604,dummy,dummy,1,1000,6.0,0.273,0.999838767376594,273,727,0.02050113411683406,5.061796846203057,4.9299310046864555,5,1.6217215282087385,1.5953249929640625,False,outside_target,outside_target
45686,cylinder-bands,cylinder-bands,2,540,38.0,0.4222222222222222,0.8565705128205128,228,312,0.025174641171318873,19.057234406193302,10.338192342790629,16,2.947446788337858,2.335845032016771,False,outside_target,outside_target
45711,doa_bwin,doa_bwin,3,530,12.0,0.3320754716981132,0.6120955315870571,176,354,0.026650089544451305,3.9570716995653235,1.0,1,1.3755042819169958,0.0,True,T1,T1
45712,doa_bwin_balanced,doa_bwin,3,708,12.0,0.5,0.6363832232117208,354,354,0.02171346997664822,4.933212483066402,1.024264964163777,2,1.595990395126182,0.02397524721244496,True,T1,T1
45717,bwin_amlb,doa_bwin,3,530,12.0,0.3320754716981132,0.6120955315870571,176,354,0.026650089544451305,3.9570716995653243,1.0,1,1.375504281916996,0.0,True,T1,T1
46116,German-Credit-Risk-with-Target,credit-g,16,1000,7.0,0.3,0.6586571428571428,300,700,0.019930434571835662,4.24840614391746,2.234241287541516,4,1.4465438876362808,0.8039017017714886,True,T1,T1
46279,algerian_forest_fires,algerian_forest_fires,1,243,13.0,0.43621399176954734,0.9927695909654317,106,137,0.037418904954100524,9.104694439946515,8.763878383039046,10,2.2087901530279144,2.1706385447586887,False,outside_target,outside_target
46280,blastchar,blastchar,1,7043,19.0,0.2653698707936959,0.8449119387942717,1869,5174,0.007791143218958558,12.041236467320546,10.960134023250598,17,2.488337131229046,2.3942645098438806,True,T3,T3
46281,insurance_company,insurance_company,2,9822,85.0,0.059661983302789656,0.7175315245138107,586,9236,0.012298175289176202,38.5967640126801,29.431835226107395,40,3.6531684390881387,3.382076919326194,True,T3,T3
46298,electrical_grid_stability_simulated_classification,electrical_grid_stability_simulated_classification,1,10000,12.0,0.362,0.8902127245016366,3620,6380,0.006007122190404911,8.289906885551211,8.01049440338439,9,2.1150387369431347,2.080752482444428,False,outside_target,outside_target
46358,Fraud-Detection-Updated),Fraud-Detection-Updated),2,4156,21.0,0.1003368623676612,0.7666151646748929,417,3739,0.014905743005886882,8.509693882836043,6.026860225909905,11,2.1412059704736692,1.7962261829112451,True,T2,T2
46359,Fraud-Detection-Updated,Fraud-Detection-Updated),2,4156,21.0,0.1003368623676612,0.7666151646748929,417,3739,0.014905743005886882,8.509693882836043,6.026860225909905,11,2.1412059704736692,1.7962261829112451,True,T2,T2
46365,Credit_Approval_Classification,credit-g,16,1000,7.0,0.3,0.6281142857142856,300,700,0.019930434571835662,3.7240878223137064,2.449428648589417,4,1.314821941927757,0.8958547927028204,True,T1,T1
46416,Creditability-German-Credit-Data,credit-g,16,1000,20.0,0.3,0.7733047619047618,300,700,0.019930434571835662,9.73565387508731,6.598193250034424,11,2.2757948040145823,1.8867958615612261,True,T3,T2
46421,German-Credit-Data-Creditability,credit-g,16,1000,71.0,0.3,0.7689666666666666,300,700,0.019930434571835662,29.025919486024023,10.759303573484276,21,3.368189206187231,2.3757708289850945,True,T3,T3
46422,Credit-Risk-Classification-Dataset,Credit-Risk-Classification-Dataset,1,1125,41.0,0.2,0.5847604938271606,225,900,0.021526134943289466,8.169611995661644,1.6399769831402584,4,2.1004214163930777,0.494682207067046,False,outside_target,outside_target
46431,HMEQ_Data,HMEQ_Data,3,5960,20.0,0.199496644295302,0.802970674204028,1189,4771,0.009357790159970326,11.10681652532958,8.1517770980533,15,2.40755902121624,2.098235952324474,True,T3,T3
46482,German-Credit-Data-Creditability-2,credit-g,16,1000,20.0,0.3,0.7733047619047618,300,700,0.019930434571835662,9.73565387508731,6.598193250034424,11,2.2757948040145823,1.8867958615612261,True,T3,T2
46483,HMEQ_Data_New,HMEQ_Data,3,5960,10.0,0.199496644295302,0.7952354065131728,1189,4771,0.009357790159970326,7.802279549860193,7.068686645249571,9,2.0544159409809146,1.955674698189548,True,T3,T2
46502,Credit_Approval_Classification,credit-g,16,1000,46.0,0.3,0.7562523809523809,300,700,0.019930434571835662,18.499515036630502,6.84437961785834,16,2.917744517504491,1.9234278217415994,True,T3,T3
46517,HMEQ_Data_Preprocessed,HMEQ_Data,3,5960,20.0,0.199496644295302,0.802970674204028,1189,4771,0.009357790159970326,11.10681652532958,8.1517770980533,15,2.40755902121624,2.098235952324474,True,T3,T3
46532,dataset_credit-g,credit-g,16,1000,20.0,0.3,0.7348809523809524,300,700,0.019930434571835662,9.202135624086598,4.908859041073482,9,2.2194355901691774,1.5910415402765,True,T2,T2
46535,dataset_credit-approval,credit-approval,10,690,15.0,0.4449275362318841,0.9240948792747127,307,383,0.022129919082358222,8.631006108948952,6.926013077186637,11,2.15536108102883,1.935284334108196,False,outside_target,outside_target
46562,German-Credit-Data-Creditability-Preprocessed-Dataset,credit-g,16,1000,33.0,0.3,0.7756619047619049,300,700,0.019930434571835662,13.963333394647911,7.7362118169104495,14,2.636434850681947,2.0459121384522674,True,T3,T3
46590,heart-statlog-uci,heart-statlog,2,270,13.0,0.4444444444444444,0.8930555555555555,120,150,0.035420751398433516,10.530894661262078,9.132463647145046,12,2.3543132856195443,2.211835499076591,False,outside_target,outside_target
46602,Predicting_Risk_Factors_of_Chronic_Kidney_Disease,Predicting_Risk_Factors_of_Chronic_Kidney_Disease,1,200,13.0,0.36,1.0,72,128,0.04263204568683568,7.997643574679322,4.718282491794597,10,2.079146945125447,1.5514448545204114,False,outside_target,outside_target
46667,imdb_genre_prediction,imdb_genre_prediction,1,800,7.0,0.4875,0.8164040025015635,390,410,0.020431554156580534,5.38034848405446,4.550382445313844,5,1.6827531460637668,1.5152112833456572,True,T2,T1
46846,glioma_grading_clinical_and_mutation_features,glioma_grading_clinical_and_mutation_features,1,839,22.0,0.4195470798569726,0.9171819581855515,352,487,0.020207528857151245,7.67610420742725,4.453659938300996,9,2.0381121537994282,1.4937262161900313,False,outside_target,outside_target
46860,Support2,Support2,1,9105,31.0,0.3189456342668863,0.9440472255652359,2904,6201,0.00649148455719458,11.729011048979133,10.243261911712025,23,2.4620653495611884,2.326620114951963,False,outside_target,outside_target
46868,Phishing_Legitimate_full,Phishing_Legitimate_full,1,10000,48.0,0.5,0.9842001199999999,5000,5000,0.005773791359814335,24.29547829406103,21.257804745533818,38,3.1902902545980605,3.056724110081618,False,outside_target,outside_target
46876,depression_2020,depression_2020,1,1429,20.0,0.16655003498950316,0.5460844287337101,238,1191,0.02050373765586799,8.153884948129601,2.907181493053626,5,2.0984944944286914,1.0671840527388559,False,outside_target,outside_target
46911,Bank_Customer_Churn,Bank_Customer_Churn,1,10000,10.0,0.2037,0.7660658207439649,2037,7963,0.007167987152530151,4.786910970374858,3.958210462251876,7,1.5658853120287033,1.3757920196554942,True,T2,T1
46915,churn,churn,8,5000,19.0,0.1414,0.8194877289465994,707,4293,0.011717842412877483,11.628186970533424,9.545770804807107,13,2.453432061904598,2.2560982087424755,True,T3,T3
46916,coil2000_insurance_policies,insurance_company,2,9822,83.0,0.059661983302789656,0.7302349132419956,586,9236,0.012298175289176202,38.37968412178485,29.44295220938983,39,3.6475282602638934,3.3824545676846443,True,T3,T3
46925,Employee,Employee,1,4653,8.0,0.3438641736514077,0.736949721585326,1600,3053,0.008910440468318475,6.134824410113856,5.414004701270933,8,1.8139814567449495,1.6889890595461714,True,T2,T2
46927,Fitness_Club,Fitness_Club,1,1500,6.0,0.30266666666666664,0.819128460845175,454,1046,0.0162295304249377,2.19666709837539,1.8315448557563079,2,0.786941256375296,0.6051597942042611,True,T1,T1
46930,hazelnut-spread-contaminant-detection,hazelnut-spread-contaminant-detection,1,2400,30.0,0.5,0.9515395833333333,1200,1200,0.011787567995954859,20.668740566307633,18.449293872987447,28,3.028622441324887,2.9150260972873214,False,outside_target,outside_target
46938,Is-this-a-good-customer,Is-this-a-good-customer,1,1723,13.0,0.11375507835171213,0.7304238001683974,196,1527,0.021909398444406248,8.699834731068409,5.562060201149691,8,2.163304029051185,1.7159685794047066,True,T2,T2
46940,Marketing_Campaign,Marketing_Campaign,1,2240,24.0,0.14910714285714285,0.8778754139150868,334,1906,0.017127564973264675,16.755023865273895,14.633273626756225,18,2.818698145555546,2.68329795122858,False,outside_target,outside_target
46950,polish_companies_bankruptcy,polish_companies_bankruptcy,1,5910,63.0,0.06937394247038917,0.7955949002217295,410,5500,0.014779732832052278,52.723163259398326,50.86412355095353,57,3.9650548895209314,3.9291578332106667,True,T3,T3
46951,Pumpkin_Seeds,Pumpkin_Seeds,1,2500,12.0,0.48,0.9396564102564103,1200,1300,0.011558565107764342,8.837869265850332,8.446014069862194,12,2.179045814321514,2.1336946223713866,False,outside_target,outside_target
46952,qsar-biodeg,qsar-biodeg,8,1054,37.0,0.3368121442125237,0.9241129178504504,355,699,0.018822739959163174,22.46330845682876,18.96478863416361,25,3.111883242862281,2.9425840300306993,False,outside_target,outside_target
46956,seismic-bumps,seismic-bumps,2,2584,14.0,0.06578947368421052,0.7593474340854818,170,2414,0.022911132509157054,9.37469740279644,8.298010497163757,10,2.2380142943005135,2.1160157869332257,True,T3,T2
46969,NATICUSdroid,NATICUSdroid,1,7491,85.0,0.35028701107996263,0.9809430860899939,2624,4867,0.006991907479448818,29.724841858875447,21.573109063068816,55,3.3919831224239365,3.0714475883112557,False,outside_target,outside_target
47044,Accidents_Prediction_Dataset,Accidents_Prediction_Dataset,3,500,6.0,0.126,0.6269296429479495,63,437,0.03894190981797076,3.9369930471406036,3.1354858714724188,4,1.3704172459302222,1.1427841450020826,True,T1,T1
47050,Accidents_Prediction_Dataset_Pipeline,Accidents_Prediction_Dataset,3,500,6.0,0.126,0.6269296429479495,63,437,0.03894190981797076,3.9369930471406036,3.1354858714724188,4,1.3704172459302222,1.1427841450020826,True,T1,T1
47052,Accidents_Prediction_Balanced_v3,Accidents_Prediction_Dataset,3,500,6.0,0.126,0.6269296429479495,63,437,0.03894190981797076,3.9369930471406036,3.1354858714724188,4,1.3704172459302222,1.1427841450020826,True,T1,T1
47150,CanadaFiresD,CanadaFiresD,1,1491,46.0,0.39436619718309857,0.9773167295711197,588,903,0.015302459908559858,26.37775830179627,22.857463008853056,37,3.272521166490998,3.129277672717743,False,outside_target,outside_target
47151,aztrees3,aztrees3,2,5956,21.0,0.11316319677635997,0.9794273592526883,674,5282,0.011808480868860586,14.490184149829526,13.72138874773062,18,2.6734714650047358,2.618955837855346,False,outside_target,outside_target
47152,aztrees4,aztrees3,2,5956,21.0,0.11316319677635997,0.9794273592526883,674,5282,0.011808480868860586,14.490184149829526,13.72138874773062,18,2.6734714650047358,2.618955837855346,False,outside_target,outside_target
47153,spam,spambase,3,4601,57.0,0.39404477287546186,0.9703055249786138,1813,2788,0.008710385924294198,35.054899574777956,31.513706268213113,53,3.556915391864582,3.4504225708203076,False,outside_target,outside_target
