openml_id,rep,level,signal_column,observed_auroc,target_auroc,abs_diff,status
13,0,0.65,inj_1,0.6499268364062042,0.65,7.316359379583304e-05,ok
13,0,0.75,inj_1,0.7577992390986246,0.75,0.007799239098624566,ok
13,0,0.85,inj_1,0.8564822944103013,0.85,0.006482294410301348,ok
13,0,0.95,inj_1,0.9556921275973076,0.95,0.005692127597307639,ok
13,1,0.65,inj_7,0.5999414691249634,0.65,0.050058530875036644,ok
13,1,0.75,inj_7,0.7001463271875914,0.75,0.0498536728124086,ok
13,1,0.85,inj_7,0.8049165935030728,0.85,0.045083406496927214,ok
13,1,0.95,inj_7,0.918700614574188,0.95,0.03129938542581201,ok
13,2,0.65,inj_2,0.5937371963710858,0.65,0.056262803628914226,ok
13,2,0.75,inj_2,0.6977465613110916,0.75,0.052253438688908416,ok
13,2,0.85,inj_2,0.8096575943810359,0.85,0.04034240561896407,ok
13,2,0.95,inj_2,0.9235586772022242,0.95,0.02644132279777578,ok
31,0,0.65,inj_7,0.6066238095238096,0.65,0.04337619047619046,ok
31,0,0.75,inj_7,0.7151476190476191,0.75,0.03485238095238086,ok
31,0,0.85,inj_7,0.8258571428571428,0.85,0.024142857142857133,ok
31,0,0.95,inj_7,0.9405285714285714,0.95,0.009471428571428575,ok
31,1,0.65,inj_6,0.6543,0.65,0.0042999999999999705,ok
31,1,0.75,inj_6,0.7560142857142856,0.75,0.006014285714285639,ok
31,1,0.85,inj_6,0.8569238095238095,0.85,0.006923809523809554,ok
31,1,0.95,inj_6,0.9553571428571428,0.95,0.005357142857142838,ok
31,2,0.65,inj_6,0.6563238095238095,0.65,0.006323809523809509,ok
31,2,0.75,inj_6,0.7556380952380953,0.75,0.005638095238095331,ok
31,2,0.85,inj_6,0.8526238095238097,0.85,0.002623809523809695,ok
31,2,0.95,inj_6,0.946342857142857,0.95,0.0036571428571429143,ok
37,0,0.65,inj_7,0.6505746268656717,0.65,0.000574626865671668,ok
37,0,0.75,inj_7,0.7512164179104477,0.75,0.0012164179104476869,ok
37,0,0.85,inj_7,0.8516716417910448,0.85,0.0016716417910448422,ok
37,0,0.95,inj_7,0.9525671641791046,0.95,0.0025671641791046307,ok
37,1,0.65,inj_3,0.6425522388059701,0.65,0.0074477611940299004,ok
37,1,0.75,inj_3,0.7455298507462687,0.75,0.004470149253731348,ok
37,1,0.85,inj_3,0.8487835820895523,0.85,0.0012164179104476869,ok
37,1,0.95,inj_3,0.9469925373134328,0.95,0.0030074626865671528,ok
37,2,0.65,inj_6,0.6746716417910448,0.65,0.02467164179104475,ok
37,2,0.75,inj_6,0.7733880597014924,0.75,0.02338805970149238,ok
37,2,0.85,inj_6,0.8680746268656716,0.85,0.018074626865671628,ok
37,2,0.95,inj_6,0.9583134328358209,0.95,0.008313432835820977,ok
40,0,0.65,inj_3,0.6139128819541191,0.65,0.03608711804588094,ok
40,0,0.75,inj_3,0.7187703167084609,0.75,0.03122968329153908,ok
40,0,0.85,inj_3,0.8187981796229219,0.85,0.031201820377078082,ok
40,0,0.95,inj_3,0.9349865329246773,0.95,0.015013467075322695,ok
40,1,0.65,inj_5,0.6350886969443671,0.65,0.01491130305563293,ok
40,1,0.75,inj_5,0.7255502925606019,0.75,0.024449707439398116,ok
40,1,0.85,inj_5,0.8218631002136156,0.85,0.02813689978638434,ok
40,1,0.95,inj_5,0.9354509148323582,0.95,0.014549085167641751,ok
40,2,0.65,inj_8,0.5964521222253181,0.65,0.05354787777468195,ok
40,2,0.75,inj_8,0.7000092876381535,0.75,0.04999071236184649,ok
40,2,0.85,inj_8,0.8144329896907216,0.85,0.035567010309278335,ok
40,2,0.95,inj_8,0.9334076344385623,0.95,0.016592365561437616,ok
333,0,0.65,inj_6,0.672092541793903,0.65,0.022092541793902964,ok
333,0,0.75,inj_6,0.7721391232337871,0.75,0.022139123233787084,ok
333,0,0.85,inj_6,0.8717716474302573,0.85,0.02177164743025728,ok
333,0,0.95,inj_6,0.9642487448889809,0.95,0.01424874488898098,ok
333,1,0.65,inj_5,0.6722866311267532,0.65,0.02228663112675322,ok
333,1,0.75,inj_5,0.7729542984317582,0.75,0.022954298431758224,ok
333,1,0.85,inj_5,0.8715387402308369,0.85,0.021538740230836906,ok
333,1,0.95,inj_5,0.963097148180736,0.95,0.01309714818073604,ok
333,2,0.65,inj_2,0.6318901713161844,0.65,0.01810982868381561,ok
333,2,0.75,inj_2,0.7346540034159723,0.75,0.015345996584027688,ok
333,2,0.85,inj_2,0.8383365250245847,0.85,0.011663474975415311,ok
333,2,0.95,inj_2,0.9426013146317478,0.95,0.007398685368252167,ok
336,0,0.65,inj_1,0.6845626072041165,0.65,0.034562607204116524,ok
336,0,0.75,inj_1,0.7789022298456261,0.75,0.02890222984562607,ok
336,0,0.85,inj_1,0.8717838765008576,0.85,0.02178387650085767,ok
336,0,0.95,inj_1,0.9602915951972555,0.95,0.010291595197255532,ok
336,1,0.65,inj_2,0.6292452830188678,0.65,0.020754716981132182,ok
336,1,0.75,inj_2,0.73516295025729,0.75,0.014837049742710051,ok
336,1,0.85,inj_2,0.838507718696398,0.85,0.011492281303602025,ok
336,1,0.95,inj_2,0.9471698113207547,0.95,0.002830188679245227,ok
336,2,0.65,inj_1,0.5986277873070326,0.65,0.051372212692967434,ok
336,2,0.75,inj_1,0.7037735849056604,0.75,0.04622641509433956,ok
336,2,0.85,inj_1,0.8150085763293311,0.85,0.034991423670668875,ok
336,2,0.95,inj_1,0.9408233276157805,0.95,0.009176672384219486,ok
466,0,0.65,inj_2,0.639041974281654,0.65,0.010958025718346032,ok
466,0,0.75,inj_2,0.7418113756888843,0.75,0.008188624311115666,ok
466,0,0.85,inj_2,0.8482548265224776,0.85,0.0017451734775223438,ok
466,0,0.95,inj_2,0.952029392395411,0.95,0.0020293923954110005,ok
466,1,0.65,inj_6,0.6776541541021108,0.65,0.027654154102110806,ok
466,1,0.75,inj_6,0.7796610169491525,0.75,0.029661016949152463,ok
466,1,0.85,inj_6,0.8766073966240338,0.85,0.026607396624033774,ok
466,1,0.95,inj_6,0.9620463762087968,0.95,0.012046376208796894,ok
466,2,0.65,inj_8,0.613670236733562,0.65,0.036329763266438,ok
466,2,0.75,inj_8,0.7122456760597552,0.75,0.037754323940244805,ok
466,2,0.85,inj_8,0.817372014834841,0.85,0.03262798516515897,ok
466,2,0.95,inj_8,0.9322727115177982,0.95,0.01772728848220173,ok
470,0,0.65,inj_5,0.6205157844387755,0.65,0.02948421556122449,ok
470,0,0.75,inj_5,0.7226064253826531,0.75,0.027393574617346927,ok
470,0,0.85,inj_5,0.8251454878826532,0.85,0.024854512117346794,ok
470,0,0.95,inj_5,0.9326869419642858,0.95,0.017313058035714146,ok
470,1,0.65,inj_6,0.6701909279336735,0.65,0.020190927933673497,ok
470,1,0.75,inj_6,0.7722516741071429,0.75,0.022251674107142905,ok
470,1,0.85,inj_6,0.8684929049744899,0.85,0.018492904974489965,ok
470,1,0.95,inj_6,0.957489636479592,0.95,0.007489636479591999,ok
470,2,0.65,inj_5,0.6661850286989796,0.65,0.01618502869897953,ok
470,2,0.75,inj_5,0.763622050382653,0.75,0.013622050382652962,ok
470,2,0.85,inj_5,0.8584084024234693,0.85,0.008408402423469297,ok
470,2,0.95,inj_5,0.9508529974489796,0.95,0.0008529974489795977,ok
715,0,0.65,inj_8,0.6795676613266004,0.65,0.02956766132660038,ok
715,0,0.75,inj_8,0.7734639373295347,0.75,0.023463937329534668,ok
715,0,0.85,inj_8,0.8659336740276635,0.85,0.015933674027663547,ok
715,0,0.95,inj_8,0.9573213482417497,0.95,0.007321348241749792,ok
715,1,0.65,inj_4,0.6373510137750201,0.65,0.012648986224979897,ok
715,1,0.75,inj_4,0.7356241717358796,0.75,0.014375828264120427,ok
715,1,0.85,inj_4,0.8341972271642264,0.85,0.015802772835773582,ok
715,1,0.95,inj_4,0.9371147432026616,0.95,0.012885256797338318,ok
715,2,0.65,inj_6,0.6312193263654453,0.65,0.018780673634554712,ok
715,2,0.75,inj_6,0.7309717083213442,0.75,0.01902829167865583,ok
715,2,0.85,inj_6,0.8343795972458063,0.85,0.01562040275419363,ok
715,2,0.95,inj_6,0.9425210029543953,0.95,0.007478997045604618,ok
723,0,0.65,inj_4,0.6403582051002659,0.65,0.009641794899734157,ok
723,0,0.75,inj_4,0.7437961830736386,0.75,0.006203816926361405,ok
723,0,0.85,inj_4,0.8482228975225089,0.85,0.001777102477491077,ok
723,0,0.95,inj_4,0.951225024314846,0.95,0.0012250243148460571,ok
723,1,0.65,inj_6,0.6420895028471575,0.65,0.007910497152842533,ok
723,1,0.75,inj_6,0.7401883038528437,0.75,0.009811696147156268,ok
723,1,0.85,inj_6,0.8399982243100034,0.85,0.010001775689996606,ok
723,1,0.95,inj_6,0.9441061216912641,0.95,0.005893878308735889,ok
723,2,0.65,inj_6,0.6269759595788387,0.65,0.02302404042116135,ok
723,2,0.75,inj_6,0.7316084926409756,0.75,0.018391507359024395,ok
723,2,0.85,inj_6,0.8383436040857012,0.85,0.01165639591429879,ok
723,2,0.95,inj_6,0.9466364799367208,0.95,0.003363520063279113,ok
730,0,0.65,inj_3,0.6437231381102059,0.65,0.00627686188979415,ok
730,0,0.75,inj_3,0.7411636410289306,0.75,0.00883635897106938,ok
730,0,0.85,inj_3,0.8429661941112323,0.85,0.007033805888767675,ok
730,0,0.95,inj_3,0.9439989736352556,0.95,0.006001026364744311,ok
730,1,0.65,inj_8,0.6237090255949709,0.65,0.026290974405029144,ok
730,1,0.75,inj_8,0.7213419719032652,0.75,0.02865802809673479,ok
730,1,0.85,inj_8,0.8267368015908654,0.85,0.0232631984091346,ok
730,1,0.95,inj_8,0.9371351594072743,0.95,0.012864840592725635,ok
730,2,0.65,inj_5,0.7052408749759447,0.65,0.055240874975944654,ok
730,2,0.75,inj_5,0.7933799473988068,0.75,0.043379947398806795,ok
730,2,0.85,inj_5,0.8785040733850792,0.85,0.02850407338507921,ok
730,2,0.95,inj_5,0.9611264353069473,0.95,0.011126435306947347,ok
740,0,0.65,inj_3,0.6293384740259741,0.65,0.02066152597402593,ok
740,0,0.75,inj_3,0.7360227272727273,0.75,0.013977272727272672,ok
740,0,0.85,inj_3,0.8418060064935065,0.85,0.008193993506493524,ok
740,0,0.95,inj_3,0.946461038961039,0.95,0.0035389610389610082,ok
740,1,0.65,inj_3,0.655726461038961,0.65,0.005726461038961017,ok
740,1,0.75,inj_3,0.7534618506493506,0.75,0.003461850649350562,ok
740,1,0.85,inj_3,0.8515097402597401,0.85,0.0015097402597401555,ok
740,1,0.95,inj_3,0.9486079545454544,0.95,0.0013920454545455208,ok
740,2,0.65,inj_3,0.660340909090909,0.65,0.010340909090909012,ok
740,2,0.75,inj_3,0.759926948051948,0.75,0.009926948051948048,ok
740,2,0.85,inj_3,0.8592045454545455,0.85,0.00920454545454552,ok
740,2,0.95,inj_3,0.9567978896103896,0.95,0.006797889610389629,ok
743,0,0.65,inj_7,0.6519699698973609,0.65,0.001969969897360868,ok
743,0,0.75,inj_7,0.7526667230839288,0.75,0.0026667230839287903,ok
743,0,0.85,inj_7,0.8544555532719997,0.85,0.004455553271999757,ok
743,0,0.95,inj_7,0.9521621915688432,0.95,0.0021621915688432303,ok
743,1,0.65,inj_8,0.675250150110215,0.65,0.02525015011021503,ok
743,1,0.75,inj_8,0.7775064376125826,0.75,0.027506437612582646,ok
743,1,0.85,inj_8,0.8743426381517705,0.85,0.024342638151770513,ok
743,1,0.95,inj_8,0.9614871590281723,0.95,0.011487159028172322,ok
743,2,0.65,inj_5,0.6548190416319095,0.65,0.004819041631909493,ok
743,2,0.75,inj_5,0.7587638171919517,0.75,0.00876381719195174,ok
743,2,0.85,inj_5,0.8620396452160177,0.85,0.012039645216017747,ok
743,2,0.95,inj_5,0.9607053769680557,0.95,0.010705376968055735,ok
744,0,0.65,inj_3,0.6666016006246339,0.65,0.016601600624633894,ok
744,0,0.75,inj_3,0.766477975144772,0.75,0.016477975144772006,ok
744,0,0.85,inj_3,0.8640770381937667,0.85,0.014077038193766711,ok
744,0,0.95,inj_3,0.957511874552671,0.95,0.007511874552670994,ok
744,1,0.65,inj_5,0.6801353373674279,0.65,0.030135337367427906,ok
744,1,0.75,inj_5,0.7703819376667317,0.75,0.020381937666731686,ok
744,1,0.85,inj_5,0.8562040471078144,0.85,0.006204047107814414,ok
744,1,0.95,inj_5,0.9464506474071182,0.95,0.003549352592881805,ok
744,2,0.65,inj_3,0.6840392998893877,0.65,0.0340392998893877,ok
744,2,0.75,inj_3,0.7831348819051337,0.75,0.033134881905133695,ok
744,2,0.85,inj_3,0.876960114516234,0.85,0.026960114516234035,ok
744,2,0.95,inj_3,0.9623267616630881,0.95,0.012326761663088104,ok
746,0,0.65,inj_6,0.602313574276191,0.65,0.04768642572380899,ok
746,0,0.75,inj_6,0.7068165479380433,0.75,0.04318345206195673,ok
746,0,0.85,inj_6,0.8168093588654336,0.85,0.03319064113456638,ok
746,0,0.95,inj_6,0.934840860074505,0.95,0.015159139925495002,ok
746,1,0.65,inj_8,0.669498725573492,0.65,0.01949872557349197,ok
746,1,0.75,inj_8,0.7769426834847395,0.75,0.026942683484739494,ok
746,1,0.85,inj_8,0.8785046728971962,0.85,0.02850467289719627,ok
746,1,0.95,inj_8,0.9645774785961702,0.95,0.014577478596170201,ok
746,2,0.65,inj_5,0.6159074570289523,0.65,0.03409254297104769,ok
746,2,0.75,inj_5,0.7153780798640612,0.75,0.03462192013593879,ok
746,2,0.85,inj_5,0.8187700150316972,0.85,0.03122998496830276,ok
746,2,0.95,inj_5,0.9304620613031828,0.95,0.019537938696817192,ok
749,0,0.65,inj_8,0.6676773996887584,0.65,0.017677399688758366,ok
749,0,0.75,inj_8,0.766520671896809,0.75,0.016520671896808947,ok
749,0,0.85,inj_8,0.8670164123790731,0.85,0.017016412379073143,ok
749,0,0.95,inj_8,0.9598755033610884,0.95,0.009875503361088445,ok
749,1,0.65,inj_4,0.6573294187482953,0.65,0.007329418748295291,ok
749,1,0.75,inj_4,0.7608413149155314,0.75,0.01084131491553142,ok
749,1,0.85,inj_4,0.8630697405785243,0.85,0.01306974057852428,ok
749,1,0.95,inj_4,0.9581107314177537,0.95,0.008110731417753758,ok
749,2,0.65,inj_4,0.6851486419277728,0.65,0.035148641927772784,ok
749,2,0.75,inj_4,0.784232564855369,0.75,0.03423256485536896,ok
749,2,0.85,inj_4,0.8761932264844139,0.85,0.026193226484413912,ok
749,2,0.95,inj_4,0.9630200060964849,0.95,0.013020006096484904,ok
751,0,0.65,inj_7,0.6642857142857144,0.65,0.014285714285714346,ok
751,0,0.75,inj_7,0.7628936688311688,0.75,0.012893668831168825,ok
751,0,0.85,inj_7,0.8595738636363637,0.85,0.0095738636363637,ok
751,0,0.95,inj_7,0.954301948051948,0.95,0.004301948051948057,ok
751,1,0.65,inj_1,0.6463961038961039,0.65,0.0036038961038961093,ok
751,1,0.75,inj_1,0.7447443181818181,0.75,0.005255681818181923,ok
751,1,0.85,inj_1,0.8458319805194805,0.85,0.00416801948051948,ok
751,1,0.95,inj_1,0.9494074675324676,0.95,0.0005925324675323251,ok
751,2,0.65,inj_6,0.6337743506493505,0.65,0.016225649350649518,ok
751,2,0.75,inj_6,0.7328652597402597,0.75,0.017134740259740266,ok
751,2,0.85,inj_6,0.8344602272727273,0.85,0.015539772727272694,ok
751,2,0.95,inj_6,0.938043831168831,0.95,0.0119561688311689,ok
752,0,0.65,inj_7,0.648947150819447,0.65,0.0010528491805530393,ok
752,0,0.75,inj_7,0.7482418536936153,0.75,0.0017581463063847114,ok
752,0,0.85,inj_7,0.8474739082623757,0.85,0.002526091737624303,ok
752,0,0.95,inj_7,0.9476643448048281,0.95,0.0023356551951718707,ok
752,1,0.65,inj_2,0.647581346231612,0.65,0.0024186537683880127,ok
752,1,0.75,inj_2,0.7478374711019045,0.75,0.0021625288980955393,ok
752,1,0.85,inj_2,0.8484229913439235,0.85,0.0015770086560764618,ok
752,1,0.95,inj_2,0.9494943190921992,0.95,0.0005056809078007873,ok
752,2,0.65,inj_7,0.6499852886757614,0.65,1.4711324238581014e-05,ok
752,2,0.75,inj_7,0.7493560517190075,0.75,0.0006439482809924568,ok
752,2,0.85,inj_7,0.8488163464032839,0.85,0.0011836535967161277,ok
752,2,0.95,inj_7,0.9488085257965574,0.95,0.0011914742034425663,ok
766,0,0.65,inj_2,0.6103823208672783,0.65,0.03961767913272174,ok
766,0,0.75,inj_2,0.7152960420809547,0.75,0.03470395791904535,ok
766,0,0.85,inj_2,0.8275226120982744,0.85,0.0224773879017256,ok
766,0,0.95,inj_2,0.9451696709218038,0.95,0.004830329078196138,ok
766,1,0.65,inj_3,0.6180319456026686,0.65,0.031968054397331414,ok
766,1,0.75,inj_3,0.71842324716146,0.75,0.03157675283854,ok
766,1,0.85,inj_3,0.8230162293925203,0.85,0.026983770607479696,ok
766,1,0.95,inj_3,0.9336711783950221,0.95,0.01632882160497784,ok
766,2,0.65,inj_7,0.6459843479376484,0.65,0.00401565206235166,ok
766,2,0.75,inj_7,0.7452370261081532,0.75,0.004762973891846767,ok
766,2,0.85,inj_7,0.84392841105908,0.85,0.00607158894091997,ok
766,2,0.95,inj_7,0.9448168580409263,0.95,0.005183141959073656,ok
769,0,0.65,inj_3,0.6672695562302178,0.65,0.017269556230217753,ok
769,0,0.75,inj_3,0.759834636005426,0.75,0.009834636005426,ok
769,0,0.85,inj_3,0.8523997157806342,0.85,0.0023997157806342484,ok
769,0,0.95,inj_3,0.9425101737613849,0.95,0.007489826238615049,ok
769,1,0.65,inj_3,0.644338221045152,0.65,0.005661778954847985,ok
769,1,0.75,inj_3,0.7418771397196562,0.75,0.008122860280343813,ok
769,1,0.85,inj_3,0.8395452490149214,0.85,0.010454750985078531,ok
769,1,0.95,inj_3,0.9387636457593178,0.95,0.011236354240682145,ok
769,2,0.65,inj_1,0.6403333118015633,0.65,0.009666688198436746,ok
769,2,0.75,inj_1,0.7458174536528647,0.75,0.00418254634713533,ok
769,2,0.85,inj_1,0.8507202377107422,0.85,0.0007202377107422553,ok
769,2,0.95,inj_1,0.9542019249402494,0.95,0.004201924940249402,ok
770,0,0.65,inj_1,0.6847823860727086,0.65,0.03478238607270856,ok
770,0,0.75,inj_1,0.7869431643625193,0.75,0.03694316436251932,ok
770,0,0.85,inj_1,0.8829800307219661,0.85,0.03298003072196609,ok
770,0,0.95,inj_1,0.9668407578084998,0.95,0.016840757808499807,ok
770,1,0.65,inj_8,0.658678955453149,0.65,0.008678955453149007,ok
770,1,0.75,inj_8,0.7588325652841783,0.75,0.008832565284178306,ok
770,1,0.85,inj_8,0.8571326164874552,0.85,0.007132616487455223,ok
770,1,0.95,inj_8,0.9539068100358423,0.95,0.003906810035842367,ok
770,2,0.65,inj_1,0.6530670762928827,0.65,0.00306707629288272,ok
770,2,0.75,inj_1,0.7475473630312339,0.75,0.0024526369687660754,ok
770,2,0.85,inj_1,0.84115719406042,0.85,0.008842805939579979,ok
770,2,0.95,inj_1,0.9415360983102918,0.95,0.00846390168970812,ok
779,0,0.65,inj_2,0.5974988346112424,0.65,0.0525011653887576,ok
779,0,0.75,inj_2,0.6987510247383903,0.75,0.05124897526160965,ok
779,0,0.85,inj_2,0.8068669527896997,0.85,0.04313304721030031,ok
779,0,0.95,inj_2,0.9266849914002346,0.95,0.02331500859976532,ok
779,1,0.65,inj_6,0.6794457571812059,0.65,0.0294457571812059,ok
779,1,0.75,inj_6,0.7738181350565013,0.75,0.02381813505650132,ok
779,1,0.85,inj_6,0.8677082831010594,0.85,0.01770828310105943,ok
779,1,0.95,inj_6,0.9586729035058108,0.95,0.008672903505810847,ok
779,2,0.65,inj_5,0.6524408866599155,0.65,0.0024408866599154866,ok
779,2,0.75,inj_5,0.7451415344553214,0.75,0.004858465544678614,ok
779,2,0.85,inj_5,0.8392727974152481,0.85,0.010727202584751905,ok
779,2,0.95,inj_5,0.9390943723778753,0.95,0.010905627622124658,ok
792,0,0.65,inj_6,0.6565054156422354,0.65,0.00650541564223539,ok
792,0,0.75,inj_6,0.7552495182404145,0.75,0.00524951824041453,ok
792,0,0.85,inj_6,0.854907302810818,0.85,0.004907302810817971,ok
792,0,0.95,inj_6,0.9510432586882849,0.95,0.0010432586882849204,ok
792,1,0.65,inj_1,0.5745896737324739,0.65,0.07541032626752608,outside_0.06_recorded
792,1,0.75,inj_1,0.6845471459897667,0.75,0.06545285401023326,outside_0.06_recorded
792,1,0.85,inj_1,0.8031929031829357,0.85,0.0468070968170643,ok
792,1,0.95,inj_1,0.9312578908897601,0.95,0.01874210911023988,ok
792,2,0.65,inj_7,0.6255897401820718,0.65,0.024410259817928215,ok
792,2,0.75,inj_7,0.7277227722772277,0.75,0.022277227722772297,ok
792,2,0.85,inj_7,0.8301382151637983,0.85,0.019861784836201712,ok
792,2,0.95,inj_7,0.9425210977473586,0.95,0.007478902252641362,ok
793,0,0.65,inj_1,0.6043156199677938,0.65,0.04568438003220621,ok
793,0,0.75,inj_1,0.7075684380032206,0.75,0.04243156199677944,ok
793,0,0.85,inj_1,0.8209983896940418,0.85,0.02900161030595816,ok
793,0,0.95,inj_1,0.933719806763285,0.95,0.016280193236714924,ok
793,1,0.65,inj_1,0.630144927536232,0.65,0.019855072463768053,ok
793,1,0.75,inj_1,0.7338486312399356,0.75,0.0161513687600644,ok
793,1,0.85,inj_1,0.8425120772946859,0.85,0.007487922705314065,ok
793,1,0.95,inj_1,0.9554911433172303,0.95,0.005491143317230329,ok
793,2,0.65,inj_7,0.6667310789049921,0.65,0.016731078904992036,ok
793,2,0.75,inj_7,0.763220611916264,0.75,0.013220611916264002,ok
793,2,0.85,inj_7,0.8571980676328501,0.85,0.007198067632850136,ok
793,2,0.95,inj_7,0.9511755233494363,0.95,0.0011755233494363804,ok
794,0,0.65,inj_8,0.5806597964871346,0.65,0.0693402035128654,outside_0.06_recorded
794,0,0.75,inj_8,0.6918789292890013,0.75,0.0581210707109987,ok
794,0,0.85,inj_8,0.8079590381748656,0.85,0.04204096182513439,ok
794,0,0.95,inj_8,0.9239095210318232,0.95,0.026090478968176734,ok
794,1,0.65,inj_7,0.5914835699008361,0.65,0.05851643009916396,ok
794,1,0.75,inj_7,0.6942121978093201,0.75,0.055787802190679914,ok
794,1,0.85,inj_7,0.7988852161514032,0.85,0.0511147838485968,ok
794,1,0.95,inj_7,0.9192429839911854,0.95,0.03075701600881453,ok
794,2,0.65,inj_8,0.7071099876855272,0.65,0.05710998768552722,ok
794,2,0.75,inj_8,0.8014777367295353,0.75,0.05147773672953526,ok
794,2,0.85,inj_8,0.8878086719813338,0.85,0.03780867198133386,ok
794,2,0.95,inj_8,0.964612094108497,0.95,0.014612094108497065,ok
797,0,0.65,inj_8,0.6375324675324676,0.65,0.012467532467532405,ok
797,0,0.75,inj_8,0.7387621753246754,0.75,0.011237824675324637,ok
797,0,0.85,inj_8,0.8412459415584416,0.85,0.00875405844155841,ok
797,0,0.95,inj_8,0.9466923701298701,0.95,0.003307629870129891,ok
797,1,0.65,inj_8,0.6680844155844156,0.65,0.018084415584415536,ok
797,1,0.75,inj_8,0.7630641233766234,0.75,0.013064123376623438,ok
797,1,0.85,inj_8,0.8579058441558441,0.85,0.007905844155844166,ok
797,1,0.95,inj_8,0.9501582792207792,0.95,0.00015827922077926715,ok
797,2,0.65,inj_8,0.6544602272727272,0.65,0.004460227272727213,ok
797,2,0.75,inj_8,0.7523214285714286,0.75,0.0023214285714285854,ok
797,2,0.85,inj_8,0.8499675324675324,0.85,3.246753246755052e-05,ok
797,2,0.95,inj_8,0.9494439935064936,0.95,0.0005560064935064002,ok
798,0,0.65,inj_1,0.6541641016621229,0.65,0.004164101662122888,ok
798,0,0.75,inj_1,0.752572333128133,0.75,0.0025723331281329864,ok
798,0,0.85,inj_1,0.8526954533462316,0.85,0.0026954533462316688,ok
798,0,0.95,inj_1,0.9529065165772579,0.95,0.0029065165772579338,ok
798,1,0.65,inj_6,0.6597045114765633,0.65,0.00970451147656326,ok
798,1,0.75,inj_6,0.7554744525547445,0.75,0.005474452554744547,ok
798,1,0.85,inj_6,0.8539266555272185,0.85,0.003926655527218492,ok
798,1,0.95,inj_6,0.9503561692023569,0.95,0.0003561692023569263,ok
798,2,0.65,inj_1,0.6389499604256441,0.65,0.011050039574355908,ok
798,2,0.75,inj_1,0.7443496614194003,0.75,0.005650338580599712,ok
798,2,0.85,inj_1,0.8518160232169554,0.85,0.001816023216955398,ok
798,2,0.95,inj_1,0.9558965790167971,0.95,0.005896579016797188,ok
805,0,0.65,inj_5,0.6672765793528505,0.65,0.01727657935285043,ok
805,0,0.75,inj_5,0.7735458397534667,0.75,0.02354583975346669,ok
805,0,0.85,inj_5,0.8734912686183872,0.85,0.02349126861838724,ok
805,0,0.95,inj_5,0.9601470210580381,0.95,0.010147021058038108,ok
805,1,0.65,inj_6,0.6722040318438625,0.65,0.022204031843862437,ok
805,1,0.75,inj_6,0.7726309707241911,0.75,0.02263097072419107,ok
805,1,0.85,inj_6,0.8737320236260915,0.85,0.023732023626091503,ok
805,1,0.95,inj_6,0.9671610169491526,0.95,0.01716101694915262,ok
805,2,0.65,inj_5,0.645897534668721,0.65,0.004102465331279004,ok
805,2,0.75,inj_5,0.7475121982537236,0.75,0.0024878017462763857,ok
805,2,0.85,inj_5,0.851775166923472,0.85,0.0017751669234720158,ok
805,2,0.95,inj_5,0.9530046224961479,0.95,0.0030046224961479684,ok
806,0,0.65,inj_5,0.6211640854337483,0.65,0.028835914566251675,ok
806,0,0.75,inj_5,0.7289928130377568,0.75,0.02100718696224324,ok
806,0,0.85,inj_5,0.8388743799979755,0.85,0.011125620002024439,ok
806,0,0.95,inj_5,0.9485696932887944,0.95,0.0014303067112055867,ok
806,1,0.65,inj_1,0.6360441340216622,0.65,0.013955865978337867,ok
806,1,0.75,inj_1,0.7365117926915681,0.75,0.013488207308431921,ok
806,1,0.85,inj_1,0.8401538617268954,0.85,0.009846138273104543,ok
806,1,0.95,inj_1,0.9470918109120356,0.95,0.002908189087964308,ok
806,2,0.65,inj_1,0.6554833485170564,0.65,0.005483348517056341,ok
806,2,0.75,inj_1,0.7539467557445085,0.75,0.003946755744508534,ok
806,2,0.85,inj_1,0.8521469784391132,0.85,0.0021469784391132674,ok
806,2,0.95,inj_1,0.9501042615649358,0.95,0.00010426156493581473,ok
807,0,0.65,inj_3,0.6582646038357188,0.65,0.008264603835718809,ok
807,0,0.75,inj_3,0.7565189477339419,0.75,0.006518947733941904,ok
807,0,0.85,inj_3,0.8539206817635454,0.85,0.0039206817635454305,ok
807,0,0.95,inj_3,0.9506680526247506,0.95,0.0006680526247506702,ok
807,1,0.65,inj_2,0.6493983555480933,0.65,0.000601644451906691,ok
807,1,0.75,inj_2,0.7490355968793763,0.75,0.0009644031206237358,ok
807,1,0.85,inj_2,0.848726320102418,0.85,0.0012736798975819807,ok
807,1,0.95,inj_2,0.9487455068056154,0.95,0.0012544931943845317,ok
807,2,0.65,inj_8,0.6454025964176553,0.65,0.004597403582344728,ok
807,2,0.75,inj_8,0.7466084610379946,0.75,0.0033915389620053915,ok
807,2,0.85,inj_8,0.8480559779518666,0.85,0.0019440220481333759,ok
807,2,0.95,inj_8,0.949400048843217,0.95,0.0005999511567829074,ok
810,0,0.65,inj_8,0.6585800185013877,0.65,0.008580018501387676,ok
810,0,0.75,inj_8,0.7578168362627197,0.75,0.007816836262719673,ok
810,0,0.85,inj_8,0.8536540240518038,0.85,0.003654024051803817,ok
810,0,0.95,inj_8,0.9434782608695652,0.95,0.006521739130434745,ok
810,1,0.65,inj_4,0.6544403330249768,0.65,0.004440333024976817,ok
810,1,0.75,inj_4,0.7481961147086031,0.75,0.0018038852913968562,ok
810,1,0.85,inj_4,0.8432007400555042,0.85,0.006799259944495817,ok
810,1,0.95,inj_4,0.9436170212765957,0.95,0.006382978723404209,ok
810,2,0.65,inj_7,0.6218547641073081,0.65,0.02814523589269191,ok
810,2,0.75,inj_7,0.7254625346901017,0.75,0.02453746530989831,ok
810,2,0.85,inj_7,0.8271045328399631,0.85,0.022895467160036875,ok
810,2,0.95,inj_7,0.9336031452358926,0.95,0.01639685476410735,ok
813,0,0.65,inj_8,0.6047896403298771,0.65,0.04521035967012288,ok
813,0,0.75,inj_8,0.7081587279651751,0.75,0.041841272034824906,ok
813,0,0.85,inj_8,0.8166572505090822,0.85,0.033342749490917756,ok
813,0,0.95,inj_8,0.9332076039198313,0.95,0.016792396080168692,ok
813,1,0.65,inj_6,0.6588478687645053,0.65,0.008847868764505273,ok
813,1,0.75,inj_6,0.7632981209684958,0.75,0.013298120968495808,ok
813,1,0.85,inj_6,0.8659152708398536,0.85,0.015915270839853668,ok
813,1,0.95,inj_6,0.9616552385674977,0.95,0.011655238567497728,ok
813,2,0.65,inj_7,0.6367287049192988,0.65,0.01327129508070124,ok
813,2,0.75,inj_7,0.7412968284484475,0.75,0.008703171551552535,ok
813,2,0.85,inj_7,0.8455723059289276,0.85,0.004427694071072352,ok
813,2,0.95,inj_7,0.9502501717263272,0.95,0.00025017172632724183,ok
824,0,0.65,inj_7,0.6288837930366256,0.65,0.021116206963374462,ok
824,0,0.75,inj_7,0.7322039919901816,0.75,0.017796008009818398,ok
824,0,0.85,inj_7,0.8383986822556682,0.85,0.011601317744331818,ok
824,0,0.95,inj_7,0.9447387119695111,0.95,0.005261288030488864,ok
824,1,0.65,inj_5,0.6366029326270913,0.65,0.013397067372908689,ok
824,1,0.75,inj_5,0.7432336412376461,0.75,0.006766358762353875,ok
824,1,0.85,inj_5,0.8498320521930108,0.85,0.0001679478069891438,ok
824,1,0.95,inj_5,0.9547186874232931,0.95,0.0047186874232931775,ok
824,2,0.65,inj_6,0.6617305083650927,0.65,0.011730508365092707,ok
824,2,0.75,inj_6,0.7562334474517151,0.75,0.006233447451715057,ok
824,2,0.85,inj_6,0.8511401072282153,0.85,0.0011401072282153368,ok
824,2,0.95,inj_6,0.9480330727989148,0.95,0.0019669272010851557,ok
826,0,0.65,inj_2,0.6691829209242268,0.65,0.0191829209242268,ok
826,0,0.75,inj_2,0.771947903604286,0.75,0.021947903604286,ok
826,0,0.85,inj_2,0.8702432241163106,0.85,0.020243224116310632,ok
826,0,0.95,inj_2,0.961411916615969,0.95,0.011411916615969075,ok
826,1,0.65,inj_7,0.6830140421886445,0.65,0.033014042188644455,ok
826,1,0.75,inj_7,0.7773114982059273,0.75,0.027311498205927265,ok
826,1,0.85,inj_7,0.8712116509193848,0.85,0.021211650919384817,ok
826,1,0.95,inj_7,0.9607662987472531,0.95,0.0107662987472531,ok
826,2,0.65,inj_7,0.6398942179953566,0.65,0.010105782004643404,ok
826,2,0.75,inj_7,0.7442235824342276,0.75,0.005776417565772407,ok
826,2,0.85,inj_7,0.8509367666960505,0.85,0.0009367666960504728,ok
826,2,0.95,inj_7,0.9539128167562668,0.95,0.003912816756266868,ok
830,0,0.65,inj_3,0.6418550003455664,0.65,0.008144999654433605,ok
830,0,0.75,inj_3,0.7443499896330086,0.75,0.00565001036699142,ok
830,0,0.85,inj_3,0.8453936001105813,0.85,0.004606399889418689,ok
830,0,0.95,inj_3,0.949063515101251,0.95,0.0009364848987489793,ok
830,1,0.65,inj_4,0.6457944571152119,0.65,0.004205542884788138,ok
830,1,0.75,inj_4,0.7573432856451725,0.75,0.007343285645172504,ok
830,1,0.85,inj_4,0.8582486695694244,0.85,0.008248669569424383,ok
830,1,0.95,inj_4,0.95355587808418,0.95,0.0035558780841800086,ok
830,2,0.65,inj_7,0.6519455387379915,0.65,0.0019455387379915257,ok
830,2,0.75,inj_7,0.7479438800193517,0.75,0.002056119980648252,ok
830,2,0.85,inj_7,0.8482272444536595,0.85,0.0017727555463404876,ok
830,2,0.95,inj_7,0.9513442532310457,0.95,0.0013442532310457,ok
832,0,0.65,inj_7,0.7196188994750146,0.65,0.06961889947501454,outside_0.06_recorded
832,0,0.75,inj_7,0.8072460950158792,0.75,0.057246095015879184,ok
832,0,0.85,inj_7,0.8870957288223474,0.85,0.03709572882234746,ok
832,0,0.95,inj_7,0.9627973297038045,0.95,0.012797329703804539,ok
832,1,0.65,inj_7,0.6018536522133645,0.65,0.04814634778663551,ok
832,1,0.75,inj_7,0.7080173698878736,0.75,0.04198263011212644,ok
832,1,0.85,inj_7,0.8194957547475534,0.85,0.03050424525244655,ok
832,1,0.95,inj_7,0.9387517013416294,0.95,0.011248298658370515,ok
832,2,0.65,inj_4,0.6318620779052434,0.65,0.01813792209475662,ok
832,2,0.75,inj_4,0.7329703804523949,0.75,0.017029619547605068,ok
832,2,0.85,inj_4,0.8364767645343184,0.85,0.013523235465681571,ok
832,2,0.95,inj_4,0.9412145958908549,0.95,0.008785404109145079,ok
837,0,0.65,inj_1,0.6834751867501241,0.65,0.033475186750124064,ok
837,0,0.75,inj_1,0.7784665302613896,0.75,0.028466530261389567,ok
837,0,0.85,inj_1,0.8694504643025777,0.85,0.019450464302577686,ok
837,0,0.95,inj_1,0.9573955470537672,0.95,0.007395547053767215,ok
837,1,0.65,inj_4,0.6386511213078765,0.65,0.011348878692123532,ok
837,1,0.75,inj_4,0.7405797627839591,0.75,0.009420237216040905,ok
837,1,0.85,inj_4,0.8440419547118336,0.85,0.005958045288166347,ok
837,1,0.95,inj_4,0.9484565621834529,0.95,0.0015434378165470886,ok
837,2,0.65,inj_4,0.6679984341642755,0.65,0.01799843416427549,ok
837,2,0.75,inj_4,0.7664927297601608,0.75,0.016492729760160807,ok
837,2,0.85,inj_4,0.8626261647921031,0.85,0.0126261647921031,ok
837,2,0.95,inj_4,0.9534971003789483,0.95,0.003497100378948348,ok
838,0,0.65,inj_3,0.6900267344809599,0.65,0.040026734480959836,ok
838,0,0.75,inj_3,0.7813478090766823,0.75,0.03134780907668233,ok
838,0,0.85,inj_3,0.8700769431403235,0.85,0.02007694314032349,ok
838,0,0.95,inj_3,0.9573552425665102,0.95,0.007355242566510212,ok
838,1,0.65,inj_7,0.6682805164319248,0.65,0.018280516431924743,ok
838,1,0.75,inj_7,0.7641334115805947,0.75,0.014133411580594668,ok
838,1,0.85,inj_7,0.8616164580073031,0.85,0.011616458007303154,ok
838,1,0.95,inj_7,0.9560185185185185,0.95,0.006018518518518534,ok
838,2,0.65,inj_1,0.6145507303077726,0.65,0.03544926969222739,ok
838,2,0.75,inj_1,0.7201682316118936,0.75,0.029831768388106417,ok
838,2,0.85,inj_1,0.8283124673969744,0.85,0.021687532603025583,ok
838,2,0.95,inj_1,0.9405972874282733,0.95,0.009402712571726646,ok
844,0,0.65,inj_1,0.610793172690763,0.65,0.03920682730923697,ok
844,0,0.75,inj_1,0.7190261044176706,0.75,0.030973895582329436,ok
844,0,0.85,inj_1,0.8379016064257028,0.85,0.012098393574297206,ok
844,0,0.95,inj_1,0.9562751004016065,0.95,0.006275100401606504,ok
844,1,0.65,inj_2,0.6318775100401607,0.65,0.01812248995983934,ok
844,1,0.75,inj_2,0.7361947791164659,0.75,0.013805220883534086,ok
844,1,0.85,inj_2,0.8396084337349398,0.85,0.010391566265060215,ok
844,1,0.95,inj_2,0.947339357429719,0.95,0.00266064257028098,ok
844,2,0.65,inj_2,0.6988955823293173,0.65,0.04889558232931723,ok
844,2,0.75,inj_2,0.7866465863453815,0.75,0.03664658634538154,ok
844,2,0.85,inj_2,0.8703815261044175,0.85,0.02038152610441757,ok
844,2,0.95,inj_2,0.9566767068273093,0.95,0.006676706827309364,ok
855,0,0.65,inj_5,0.6287525879917185,0.65,0.021247412008281508,ok
855,0,0.75,inj_5,0.7351352225672878,0.75,0.014864777432712195,ok
855,0,0.85,inj_5,0.8421325051759834,0.85,0.007867494824016608,ok
855,0,0.95,inj_5,0.947463768115942,0.95,0.002536231884057938,ok
855,1,0.65,inj_4,0.6658902691511387,0.65,0.01589026915113867,ok
855,1,0.75,inj_4,0.7663366977225673,0.75,0.016336697722567295,ok
855,1,0.85,inj_4,0.8641304347826088,0.85,0.01413043478260878,ok
855,1,0.95,inj_4,0.9584142080745343,0.95,0.008414208074534302,ok
855,2,0.65,inj_2,0.6422263198757764,0.65,0.007773680124223636,ok
855,2,0.75,inj_2,0.7471370341614907,0.75,0.0028629658385093126,ok
855,2,0.85,inj_2,0.8528079710144927,0.85,0.002807971014492705,ok
855,2,0.95,inj_2,0.9547748447204968,0.95,0.004774844720496829,ok
863,0,0.65,inj_4,0.6371698476961636,0.65,0.01283015230383644,ok
863,0,0.75,inj_4,0.7394126341494761,0.75,0.010587365850523889,ok
863,0,0.85,inj_4,0.8478246899299531,0.85,0.0021753100700468986,ok
863,0,0.95,inj_4,0.9510956879377932,0.95,0.0010956879377932438,ok
863,1,0.65,inj_6,0.6782340466550993,0.65,0.02823404665509932,ok
863,1,0.75,inj_6,0.7732150890045627,0.75,0.023215089004562706,ok
863,1,0.85,inj_6,0.8659469185784975,0.85,0.015946918578497504,ok
863,1,0.95,inj_6,0.9558511663774821,0.95,0.005851166377482175,ok
863,2,0.65,inj_1,0.6351776878092668,0.65,0.014822312190733267,ok
863,2,0.75,inj_1,0.7370991581517897,0.75,0.012900841848210276,ok
863,2,0.85,inj_1,0.8298952509478825,0.85,0.020104749052117454,ok
863,2,0.95,inj_1,0.9411991517254675,0.95,0.008800848274532425,ok
866,0,0.65,inj_4,0.6249650602607737,0.65,0.025034939739226325,ok
866,0,0.75,inj_4,0.7272439533698352,0.75,0.02275604663016484,ok
866,0,0.85,inj_4,0.8315205774511254,0.85,0.01847942254887458,ok
866,0,0.95,inj_4,0.9421069073809172,0.95,0.007893092619082775,ok
866,1,0.65,inj_2,0.6296058797415283,0.65,0.02039412025847176,ok
866,1,0.75,inj_2,0.729377332741413,0.75,0.02062266725858697,ok
866,1,0.85,inj_2,0.8313479340337724,0.85,0.018652065966227593,ok
866,1,0.95,inj_2,0.9371290221805686,0.95,0.012870977819431362,ok
866,2,0.65,inj_7,0.6504628487808086,0.65,0.00046284878080860015,ok
866,2,0.75,inj_7,0.7493258685608115,0.75,0.0006741314391884856,ok
866,2,0.85,inj_7,0.8477737220276558,0.85,0.002226277972344204,ok
866,2,0.95,inj_7,0.9468258274552359,0.95,0.0031741725447640423,ok
869,0,0.65,inj_6,0.6373112868439972,0.65,0.01268871315600284,ok
869,0,0.75,inj_6,0.7406378668060911,0.75,0.009362133193908884,ok
869,0,0.85,inj_6,0.8423469054310176,0.85,0.007653094568982333,ok
869,0,0.95,inj_6,0.9476341415593752,0.95,0.0023658584406247574,ok
869,1,0.65,inj_8,0.6431442389386314,0.65,0.006855761061368648,ok
869,1,0.75,inj_8,0.7395595059146461,0.75,0.010440494085353857,ok
869,1,0.85,inj_8,0.8383275602901771,0.85,0.011672439709822902,ok
869,1,0.95,inj_8,0.9411312986079341,0.95,0.008868701392065859,ok
869,2,0.65,inj_7,0.6645970851578328,0.65,0.014597085157832757,ok
869,2,0.75,inj_7,0.7604241552839685,0.75,0.01042415528396845,ok
869,2,0.85,inj_7,0.8543069080452258,0.85,0.004306908045225821,ok
869,2,0.95,inj_7,0.9455591137834128,0.95,0.004440886216587114,ok
870,0,0.65,inj_3,0.683400041793252,0.65,0.033400041793251956,ok
870,0,0.75,inj_3,0.7820642651621095,0.75,0.03206426516210947,ok
870,0,0.85,inj_3,0.8761633794666538,0.85,0.026163379466653813,ok
870,0,0.95,inj_3,0.9639131343331565,0.95,0.013913134333156552,ok
870,1,0.65,inj_4,0.6370577550593947,0.65,0.012942244940605363,ok
870,1,0.75,inj_4,0.7383903168249988,0.75,0.011609683175001217,ok
870,1,0.85,inj_4,0.8396264326244554,0.85,0.010373567375544623,ok
870,1,0.95,inj_4,0.9448329073636494,0.95,0.005167092636350512,ok
870,2,0.65,inj_5,0.6883991577052291,0.65,0.03839915770522906,ok
870,2,0.75,inj_5,0.7817749272636672,0.75,0.03177492726366715,ok
870,2,0.85,inj_5,0.8696050537686262,0.85,0.0196050537686262,ok
870,2,0.95,inj_5,0.9600231470318754,0.95,0.010023147031875457,ok
877,0,0.65,inj_3,0.6330340417285705,0.65,0.01696595827142955,ok
877,0,0.75,inj_3,0.7330275821975325,0.75,0.0169724178024675,ok
877,0,0.85,inj_3,0.8339900523222015,0.85,0.01600994767779851,ok
877,0,0.95,inj_3,0.9379239067243718,0.95,0.012076093275628197,ok
877,1,0.65,inj_7,0.6626832891932047,0.65,0.012683289193204716,ok
877,1,0.75,inj_7,0.7521477940701505,0.75,0.0021477940701505327,ok
877,1,0.85,inj_7,0.8453588269491634,0.85,0.004641173050836556,ok
877,1,0.95,inj_7,0.9427039596925263,0.95,0.007296040307473661,ok
877,2,0.65,inj_4,0.625476390414056,0.65,0.024523609585944017,ok
877,2,0.75,inj_4,0.7246301918480718,0.75,0.02536980815192824,ok
877,2,0.85,inj_4,0.8236548026613268,0.85,0.026345197338673132,ok
877,2,0.95,inj_4,0.9359860474129578,0.95,0.014013952587042189,ok
879,0,0.65,inj_7,0.69859358216971,0.65,0.04859358216970999,ok
879,0,0.75,inj_7,0.7989728786251342,0.75,0.04897287862513422,ok
879,0,0.85,inj_7,0.8904236036519871,0.85,0.04042360365198716,ok
879,0,0.95,inj_7,0.9687164339419979,0.95,0.018716433941997956,ok
879,1,0.65,inj_6,0.6258223684210527,0.65,0.024177631578947367,ok
879,1,0.75,inj_6,0.7336701127819549,0.75,0.01632988721804507,ok
879,1,0.85,inj_6,0.8413332438238453,0.85,0.008666756176154644,ok
879,1,0.95,inj_6,0.9450355800214824,0.95,0.004964419978517598,ok
879,2,0.65,inj_2,0.6304041353383459,0.65,0.019595864661654083,ok
879,2,0.75,inj_2,0.7350798872180452,0.75,0.01492011278195482,ok
879,2,0.85,inj_2,0.8386647422126745,0.85,0.01133525778732547,ok
879,2,0.95,inj_2,0.9445824382384533,0.95,0.005417561761546619,ok
896,0,0.65,inj_8,0.6073701298701298,0.65,0.042629870129870184,ok
896,0,0.75,inj_8,0.7062499999999999,0.75,0.04375000000000007,ok
896,0,0.85,inj_8,0.8108116883116884,0.85,0.039188311688311606,ok
896,0,0.95,inj_8,0.9276136363636364,0.95,0.022386363636363593,ok
896,1,0.65,inj_1,0.6495941558441558,0.65,0.00040584415584421496,ok
896,1,0.75,inj_1,0.7477922077922079,0.75,0.002207792207792103,ok
896,1,0.85,inj_1,0.8418506493506493,0.85,0.008149350649350628,ok
896,1,0.95,inj_1,0.9427272727272727,0.95,0.0072727272727272085,ok
896,2,0.65,inj_4,0.6872077922077922,0.65,0.037207792207792134,ok
896,2,0.75,inj_4,0.7905357142857142,0.75,0.04053571428571423,ok
896,2,0.85,inj_4,0.883555194805195,0.85,0.03355519480519498,ok
896,2,0.95,inj_4,0.966948051948052,0.95,0.016948051948052045,ok
903,0,0.65,inj_1,0.6673020879482667,0.65,0.01730208794826671,ok
903,0,0.75,inj_1,0.765338514252269,0.75,0.015338514252268953,ok
903,0,0.85,inj_1,0.862533583166349,0.85,0.012533583166349005,ok
903,0,0.95,inj_1,0.9545097975458378,0.95,0.0045097975458378015,ok
903,1,0.65,inj_4,0.663408269689592,0.65,0.013408269689591967,ok
903,1,0.75,inj_4,0.763143668887254,0.75,0.013143668887254045,ok
903,1,0.85,inj_4,0.8611679016058951,0.85,0.011167901605895092,ok
903,1,0.95,inj_4,0.9543309582938736,0.95,0.0043309582938736435,ok
903,2,0.65,inj_6,0.651495136791705,0.65,0.0014951367917049874,ok
903,2,0.75,inj_6,0.7475846539663701,0.75,0.002415346033629917,ok
903,2,0.85,inj_6,0.8425808129869814,0.85,0.00741918701301858,ok
903,2,0.95,inj_6,0.9416130487621479,0.95,0.008386951237852047,ok
910,0,0.65,inj_3,0.6412624438805385,0.65,0.008737556119461476,ok
910,0,0.75,inj_3,0.742541804932006,0.75,0.007458195067993945,ok
910,0,0.85,inj_3,0.8435487019324615,0.85,0.0064512980675385245,ok
910,0,0.95,inj_3,0.946027718133906,0.95,0.003972281866093996,ok
910,1,0.65,inj_3,0.6741370616175417,0.65,0.0241370616175417,ok
910,1,0.75,inj_3,0.7671611685861148,0.75,0.017161168586114828,ok
910,1,0.85,inj_3,0.8591360856269113,0.85,0.009136085626911372,ok
910,1,0.95,inj_3,0.95182266250244,0.95,0.001822662502440009,ok
910,2,0.65,inj_6,0.6682404515583317,0.65,0.01824045155833165,ok
910,2,0.75,inj_6,0.7643673954063376,0.75,0.01436739540633758,ok
910,2,0.85,inj_6,0.8597623462814756,0.85,0.009762346281475653,ok
910,2,0.95,inj_6,0.9554053614418635,0.95,0.005405361441863543,ok
911,0,0.65,inj_7,0.7064285714285714,0.65,0.056428571428571384,ok
911,0,0.75,inj_7,0.7931168831168831,0.75,0.04311688311688311,ok
911,0,0.85,inj_7,0.8757792207792208,0.85,0.02577922077922079,ok
911,0,0.95,inj_7,0.9572727272727274,0.95,0.007272727272727431,ok
911,1,0.65,inj_2,0.6652597402597403,0.65,0.015259740259740306,ok
911,1,0.75,inj_2,0.7614935064935064,0.75,0.011493506493506445,ok
911,1,0.85,inj_2,0.8546753246753247,0.85,0.004675324675324721,ok
911,1,0.95,inj_2,0.9455194805194805,0.95,0.004480519480519418,ok
911,2,0.65,inj_6,0.6521428571428571,0.65,0.002142857142857113,ok
911,2,0.75,inj_6,0.7502597402597403,0.75,0.00025974025974029313,ok
911,2,0.85,inj_6,0.8474675324675325,0.85,0.0025324675324674972,ok
911,2,0.95,inj_6,0.9433116883116883,0.95,0.006688311688311632,ok
912,0,0.65,inj_3,0.6460501185458377,0.65,0.003949881454162307,ok
912,0,0.75,inj_3,0.7476167347207587,0.75,0.0023832652792412645,ok
912,0,0.85,inj_3,0.8482489791886195,0.85,0.0017510208113804548,ok
912,0,0.95,inj_3,0.9485725105374079,0.95,0.0014274894625920798,ok
912,1,0.65,inj_6,0.6396124209694416,0.65,0.010387579030558425,ok
912,1,0.75,inj_6,0.7366306638566913,0.75,0.013369336143308708,ok
912,1,0.85,inj_6,0.8362009351949421,0.85,0.013799064805057881,ok
912,1,0.95,inj_6,0.9406118282402529,0.95,0.009388171759747044,ok
912,2,0.65,inj_5,0.6552374209694416,0.65,0.005237420969441575,ok
912,2,0.75,inj_5,0.7518358140147525,0.75,0.0018358140147525237,ok
912,2,0.85,inj_5,0.8494509022655428,0.85,0.0005490977344572157,ok
912,2,0.95,inj_5,0.9469630861433087,0.95,0.003036913856691248,ok
913,0,0.65,inj_2,0.629064039408867,0.65,0.020935960591133007,ok
913,0,0.75,inj_2,0.7303653530377668,0.75,0.01963464696223316,ok
913,0,0.85,inj_2,0.8329269293924467,0.85,0.017073070607553253,ok
913,0,0.95,inj_2,0.9383169129720854,0.95,0.01168308702791454,ok
913,1,0.65,inj_5,0.6591461412151066,0.65,0.009146141215106596,ok
913,1,0.75,inj_5,0.7614901477832512,0.75,0.011490147783251192,ok
913,1,0.85,inj_5,0.8622619047619048,0.85,0.012261904761904807,ok
913,1,0.95,inj_5,0.955636288998358,0.95,0.005636288998357997,ok
913,2,0.65,inj_1,0.6481978653530378,0.65,0.0018021346469622168,ok
913,2,0.75,inj_1,0.7477093596059113,0.75,0.002290640394088661,ok
913,2,0.85,inj_1,0.8467980295566504,0.85,0.0032019704433495777,ok
913,2,0.95,inj_1,0.9452134646962234,0.95,0.004786535303776596,ok
917,0,0.65,inj_2,0.6303028836068484,0.65,0.019697116393151637,ok
917,0,0.75,inj_2,0.732459537525617,0.75,0.017540462474383012,ok
917,0,0.85,inj_2,0.8362540543157283,0.85,0.013745945684271677,ok
917,0,0.95,inj_2,0.9423318971777122,0.95,0.007668102822287803,ok
917,1,0.65,inj_8,0.6341595262300108,0.65,0.015840473769989205,ok
917,1,0.75,inj_8,0.7352673024479193,0.75,0.014732697552080731,ok
917,1,0.85,inj_8,0.8397395555985863,0.85,0.010260444401413715,ok
917,1,0.95,inj_8,0.9459263203756596,0.95,0.004073679624340354,ok
917,2,0.65,inj_8,0.6659122815510481,0.65,0.01591228155104807,ok
917,2,0.75,inj_8,0.7669595455939067,0.75,0.016959545593906666,ok
917,2,0.85,inj_8,0.8669417953558923,0.85,0.016941795355892353,ok
917,2,0.95,inj_8,0.9614981200884285,0.95,0.011498120088428543,ok
918,0,0.65,inj_2,0.7022866344605475,0.65,0.05228663446054749,ok
918,0,0.75,inj_2,0.797938808373591,0.75,0.04793880837359099,ok
918,0,0.85,inj_2,0.886183574879227,0.85,0.036183574879227076,ok
918,0,0.95,inj_2,0.970499194847021,0.95,0.020499194847021007,ok
918,1,0.65,inj_8,0.6029629629629629,0.65,0.0470370370370371,ok
918,1,0.75,inj_8,0.7053140096618359,0.75,0.04468599033816412,ok
918,1,0.85,inj_8,0.813268921095008,0.85,0.03673107890499194,ok
918,1,0.95,inj_8,0.9350724637681159,0.95,0.014927536231884031,ok
918,2,0.65,inj_1,0.673623188405797,0.65,0.023623188405797024,ok
918,2,0.75,inj_1,0.7648953301127214,0.75,0.014895330112721372,ok
918,2,0.85,inj_1,0.8519806763285025,0.85,0.0019806763285025175,ok
918,2,0.95,inj_1,0.9476972624798712,0.95,0.0023027375201287725,ok
920,0,0.65,inj_4,0.6159900785448533,0.65,0.0340099214551467,ok
920,0,0.75,inj_4,0.7257875155022737,0.75,0.024212484497726283,ok
920,0,0.85,inj_4,0.8389913187267466,0.85,0.011008681273253385,ok
920,0,0.95,inj_4,0.9523604795369988,0.95,0.002360479536998805,ok
920,1,0.65,inj_7,0.6437701529557669,0.65,0.006229847044233128,ok
920,1,0.75,inj_7,0.753220338983051,0.75,0.0032203389830509632,ok
920,1,0.85,inj_7,0.8602066969822241,0.85,0.010206696982224095,ok
920,1,0.95,inj_7,0.9595866060355519,0.95,0.009586606035551948,ok
920,2,0.65,inj_7,0.7073666804464654,0.65,0.05736668044646542,ok
920,2,0.75,inj_7,0.7978172798677138,0.75,0.04781727986771378,ok
920,2,0.85,inj_7,0.884183546920215,0.85,0.03418354692021497,ok
920,2,0.95,inj_7,0.9675568416701116,0.95,0.017556841670111623,ok
930,0,0.65,inj_3,0.668853211877888,0.65,0.01885321187788802,ok
930,0,0.75,inj_3,0.7663505605635936,0.75,0.01635056056359363,ok
930,0,0.85,inj_3,0.8637177107794863,0.85,0.013717710779486358,ok
930,0,0.95,inj_3,0.9578938148625105,0.95,0.007893814862510506,ok
930,1,0.65,inj_6,0.6336357094159535,0.65,0.016364290584046537,ok
930,1,0.75,inj_6,0.7342388834179229,0.75,0.015761116582077128,ok
930,1,0.85,inj_6,0.8358173623210363,0.85,0.014182637678963661,ok
930,1,0.95,inj_6,0.9426203507310053,0.95,0.0073796492689947035,ok
930,2,0.65,inj_4,0.646530092417241,0.65,0.003469907582759002,ok
930,2,0.75,inj_4,0.75027460040906,0.75,0.0002746004090600218,ok
930,2,0.85,inj_4,0.8530958828876599,0.85,0.00309588288765994,ok
930,2,0.95,inj_4,0.9531806302552837,0.95,0.0031806302552837007,ok
933,0,0.65,inj_2,0.6293859649122807,0.65,0.020614035087719307,ok
933,0,0.75,inj_2,0.7260061919504643,0.75,0.02399380804953566,ok
933,0,0.85,inj_2,0.8252063983488132,0.85,0.024793601651186825,ok
933,0,0.95,inj_2,0.9305985552115583,0.95,0.019401444788441635,ok
933,1,0.65,inj_7,0.6440918472652218,0.65,0.005908152734778183,ok
933,1,0.75,inj_7,0.7481940144478845,0.75,0.00180598555211553,ok
933,1,0.85,inj_7,0.8530056759545923,0.85,0.003005675954592335,ok
933,1,0.95,inj_7,0.9570433436532508,0.95,0.0070433436532508775,ok
933,2,0.65,inj_5,0.6473813209494322,0.65,0.002618679050567785,ok
933,2,0.75,inj_5,0.7380675954592363,0.75,0.01193240454076372,ok
933,2,0.85,inj_5,0.8364938080495355,0.85,0.01350619195046443,ok
933,2,0.95,inj_5,0.9423374613003096,0.95,0.007662538699690358,ok
935,0,0.65,inj_2,0.6336363636363637,0.65,0.016363636363636358,ok
935,0,0.75,inj_2,0.7361688311688311,0.75,0.01383116883116886,ok
935,0,0.85,inj_2,0.8377272727272728,0.85,0.012272727272727213,ok
935,0,0.95,inj_2,0.9438961038961039,0.95,0.006103896103896056,ok
935,1,0.65,inj_5,0.6885714285714286,0.65,0.03857142857142859,ok
935,1,0.75,inj_5,0.7848051948051948,0.75,0.03480519480519484,ok
935,1,0.85,inj_5,0.8774025974025974,0.85,0.02740259740259743,ok
935,1,0.95,inj_5,0.9638961038961039,0.95,0.013896103896103962,ok
935,2,0.65,inj_7,0.6795454545454546,0.65,0.02954545454545454,ok
935,2,0.75,inj_7,0.7875324675324676,0.75,0.03753246753246764,ok
935,2,0.85,inj_7,0.8875324675324676,0.85,0.03753246753246764,ok
935,2,0.95,inj_7,0.969935064935065,0.95,0.019935064935065028,ok
936,0,0.65,inj_5,0.6611519607843136,0.65,0.011151960784313575,ok
936,0,0.75,inj_5,0.764125386996904,0.75,0.014125386996904021,ok
936,0,0.85,inj_5,0.8640512125902993,0.85,0.014051212590299289,ok
936,0,0.95,inj_5,0.959655572755418,0.95,0.009655572755418063,ok
936,1,0.65,inj_2,0.6556533797729618,0.65,0.005653379772961764,ok
936,1,0.75,inj_2,0.7562403250773994,0.75,0.006240325077399356,ok
936,1,0.85,inj_2,0.8554244066047472,0.85,0.0054244066047471895,ok
936,1,0.95,inj_2,0.9513351393188855,0.95,0.0013351393188855143,ok
936,2,0.65,inj_2,0.7138319143446852,0.65,0.06383191434468516,outside_0.06_recorded
936,2,0.75,inj_2,0.806969169246646,0.75,0.05696916924664597,ok
936,2,0.85,inj_2,0.8933178534571724,0.85,0.04331785345717243,ok
936,2,0.95,inj_2,0.9705398606811145,0.95,0.020539860681114575,ok
937,0,0.65,inj_8,0.6636898952436724,0.65,0.013689895243672368,ok
937,0,0.75,inj_8,0.7586212505693278,0.75,0.008621250569327832,ok
937,0,0.85,inj_8,0.8552931225193571,0.85,0.005293122519357096,ok
937,0,0.95,inj_8,0.950240744355521,0.95,0.00024074435552101647,ok
937,1,0.65,inj_6,0.6666178671351422,0.65,0.016617867135142128,ok
937,1,0.75,inj_6,0.7594508426052443,0.75,0.009450842605244314,ok
937,1,0.85,inj_6,0.8545123300149651,0.85,0.0045123300149650936,ok
937,1,0.95,inj_6,0.9492810202355391,0.95,0.000718979764460892,ok
937,2,0.65,inj_6,0.6465124601470493,0.65,0.003487539852950694,ok
937,2,0.75,inj_6,0.7493656060901814,0.75,0.0006343939098185647,ok
937,2,0.85,inj_6,0.8524952827119526,0.85,0.002495282711952651,ok
937,2,0.95,inj_6,0.9532175157785152,0.95,0.0032175157785152564,ok
957,0,0.65,inj_4,0.6574334270038806,0.65,0.0074334270038806105,ok
957,0,0.75,inj_4,0.7476582363174094,0.75,0.0023417636825906474,ok
957,0,0.85,inj_4,0.838083768232303,0.85,0.011916231767696961,ok
957,0,0.95,inj_4,0.9386792452830189,0.95,0.011320754716981019,ok
957,1,0.65,inj_4,0.6151478656496722,0.65,0.03485213435032786,ok
957,1,0.75,inj_4,0.7239729693563496,0.75,0.026027030643650417,ok
957,1,0.85,inj_4,0.8347718453097819,0.85,0.015228154690218099,ok
957,1,0.95,inj_4,0.9484811989830055,0.95,0.00151880101699442,ok
957,2,0.65,inj_4,0.6717850930014719,0.65,0.02178509300147191,ok
957,2,0.75,inj_4,0.7720460323832463,0.75,0.022046032383246317,ok
957,2,0.85,inj_4,0.869061956376288,0.85,0.019061956376288047,ok
957,2,0.95,inj_4,0.9594540345242875,0.95,0.009454034524287502,ok
961,0,0.65,inj_3,0.6898406576677154,0.65,0.039840657667715385,ok
961,0,0.75,inj_3,0.7866639602151629,0.75,0.03666396021516294,ok
961,0,0.85,inj_3,0.8767380493250787,0.85,0.026738049325078728,ok
961,0,0.95,inj_3,0.9620420176595962,0.95,0.012042017659596227,ok
961,1,0.65,inj_1,0.6602050137014107,0.65,0.010205013701410692,ok
961,1,0.75,inj_1,0.7581447274941641,0.75,0.008144727494164061,ok
961,1,0.85,inj_1,0.8540038566933928,0.85,0.004003856693392871,ok
961,1,0.95,inj_1,0.9529077438343652,0.95,0.0029077438343652062,ok
961,2,0.65,inj_3,0.6509185019790926,0.65,0.0009185019790926008,ok
961,2,0.75,inj_3,0.7451030143103623,0.75,0.004896985689637701,ok
961,2,0.85,inj_3,0.8405561757840253,0.85,0.009443824215974672,ok
961,2,0.95,inj_3,0.939003349233736,0.95,0.010996650766263993,ok
983,0,0.65,inj_4,0.65818759936407,0.65,0.008187599364069986,ok
983,0,0.75,inj_4,0.7571090047393365,0.75,0.007109004739336511,ok
983,0,0.85,inj_4,0.8561340124624206,0.85,0.006134012462420624,ok
983,0,0.95,inj_4,0.9555771969348774,0.95,0.00557719693487746,ok
983,1,0.65,inj_7,0.6588205155252828,0.65,0.008820515525282735,ok
983,1,0.75,inj_7,0.7577720597653689,0.75,0.007772059765368877,ok
983,1,0.85,inj_7,0.8555613740308471,0.85,0.0055613740308471105,ok
983,1,0.95,inj_7,0.9512221309684371,0.95,0.0012221309684371517,ok
983,2,0.65,inj_7,0.6618099141795825,0.65,0.011809914179582437,ok
983,2,0.75,inj_7,0.7603677694979618,0.75,0.01036776949796181,ok
983,2,0.85,inj_7,0.8565578402489471,0.85,0.006557840248947122,ok
983,2,0.95,inj_7,0.9511072265463122,0.95,0.0011072265463122344,ok
989,0,0.65,inj_1,0.6631278351642346,0.65,0.013127835164234547,ok
989,0,0.75,inj_1,0.7634106684155872,0.75,0.013410668415587246,ok
989,0,0.85,inj_1,0.8597379351806307,0.85,0.009737935180630708,ok
989,0,0.95,inj_1,0.9552795540252501,0.95,0.005279554025250155,ok
989,1,0.65,inj_5,0.6121563644313276,0.65,0.03784363556867243,ok
989,1,0.75,inj_5,0.720282013444827,0.75,0.029717986555172993,ok
989,1,0.85,inj_5,0.830525495982948,0.85,0.019474504017051975,ok
989,1,0.95,inj_5,0.9429551292561622,0.95,0.00704487074383775,ok
989,2,0.65,inj_2,0.6516915341312783,0.65,0.001691534131278316,ok
989,2,0.75,inj_2,0.7515371372356123,0.75,0.0015371372356123292,ok
989,2,0.85,inj_2,0.8505765972563808,0.85,0.0005765972563808175,ok
989,2,0.95,inj_2,0.9495409083456305,0.95,0.00045909165436941457,ok
990,0,0.65,inj_8,0.6483331542951267,0.65,0.0016668457048732988,ok
990,0,0.75,inj_8,0.7514591613850397,0.75,0.0014591613850396534,ok
990,0,0.85,inj_8,0.854683639488667,0.85,0.004683639488667013,ok
990,0,0.95,inj_8,0.9563325813728649,0.95,0.006332581372864965,ok
990,1,0.65,inj_6,0.6196601854835821,0.65,0.030339814516417873,ok
990,1,0.75,inj_6,0.7197604468793641,0.75,0.030239553120635865,ok
990,1,0.85,inj_6,0.8232713861137967,0.85,0.02672861388620329,ok
990,1,0.95,inj_6,0.9339438536183622,0.95,0.01605614638163777,ok
990,2,0.65,inj_8,0.6688061732373689,0.65,0.018806173237368884,ok
990,2,0.75,inj_8,0.763642711354603,0.75,0.013642711354603043,ok
990,2,0.85,inj_8,0.8576377699000968,0.85,0.007637769900096791,ok
990,2,0.95,inj_8,0.9528055286998246,0.95,0.0028055286998246443,ok
996,0,0.65,inj_2,0.6188024408848207,0.65,0.031197559115179296,ok
996,0,0.75,inj_2,0.7168192219679634,0.75,0.03318077803203656,ok
996,0,0.85,inj_2,0.8171243325705568,0.85,0.032875667429443145,ok
996,0,0.95,inj_2,0.93011060259344,0.95,0.019889397406559928,ok
996,1,0.65,inj_3,0.5919145690312738,0.65,0.058085430968726204,ok
996,1,0.75,inj_3,0.6990846681922198,0.75,0.050915331807780184,ok
996,1,0.85,inj_3,0.8094965675057207,0.85,0.040503432494279235,ok
996,1,0.95,inj_3,0.9291571319603357,0.95,0.020842868039664286,ok
996,2,0.65,inj_5,0.5644546147978643,0.65,0.08554538520213573,outside_0.06_recorded
996,2,0.75,inj_5,0.6663806254767354,0.75,0.08361937452326462,outside_0.06_recorded
996,2,0.85,inj_5,0.7792715484363082,0.85,0.07072845156369179,outside_0.06_recorded
996,2,0.95,inj_5,0.9050343249427918,0.95,0.044965675057208165,ok
1005,0,0.65,inj_1,0.6511250953470633,0.65,0.0011250953470632874,ok
1005,0,0.75,inj_1,0.7493325705568269,0.75,0.0006674294431731065,ok
1005,0,0.85,inj_1,0.8425819984744469,0.85,0.007418001525553053,ok
1005,0,0.95,inj_1,0.9420289855072463,0.95,0.007971014492753614,ok
1005,1,0.65,inj_3,0.6489321128909229,0.65,0.0010678871090771258,ok
1005,1,0.75,inj_3,0.7530511060259345,0.75,0.0030511060259345024,ok
1005,1,0.85,inj_3,0.8542143401983219,0.85,0.0042143401983218975,ok
1005,1,0.95,inj_3,0.9552822273073989,0.95,0.005282227307398912,ok
1005,2,0.65,inj_5,0.630720823798627,0.65,0.019279176201372983,ok
1005,2,0.75,inj_5,0.7271167048054921,0.75,0.022883295194507935,ok
1005,2,0.85,inj_5,0.8249427917620137,0.85,0.025057208237986295,ok
1005,2,0.95,inj_5,0.9311594202898552,0.95,0.018840579710144745,ok
1048,0,0.65,inj_1,0.665686274509804,0.65,0.015686274509803977,ok
1048,0,0.75,inj_1,0.7634581105169341,0.75,0.01345811051693413,ok
1048,0,0.85,inj_1,0.8647058823529412,0.85,0.014705882352941235,ok
1048,0,0.95,inj_1,0.9589423648247178,0.95,0.008942364824717886,ok
1048,1,0.65,inj_3,0.6506535947712417,0.65,0.0006535947712417167,ok
1048,1,0.75,inj_3,0.7555852644087939,0.75,0.005585264408793922,ok
1048,1,0.85,inj_3,0.8583778966131907,0.85,0.008377896613190772,ok
1048,1,0.95,inj_3,0.956387403446227,0.95,0.0063874034462270135,ok
1048,2,0.65,inj_5,0.6813725490196078,0.65,0.03137254901960773,ok
1048,2,0.75,inj_5,0.7745989304812835,0.75,0.024598930481283476,ok
1048,2,0.85,inj_5,0.8655377302436126,0.85,0.015537730243612602,ok
1048,2,0.95,inj_5,0.9553178847296495,0.95,0.005317884729649558,ok
1050,0,0.65,inj_8,0.6363373129009267,0.65,0.013662687099073367,ok
1050,0,0.75,inj_8,0.736511047754811,0.75,0.013488952245188979,ok
1050,0,0.85,inj_8,0.8396516393442623,0.85,0.010348360655737632,ok
1050,0,0.95,inj_8,0.9437009978617249,0.95,0.006299002138275056,ok
1050,1,0.65,inj_5,0.6324126870990734,0.65,0.017587312900926633,ok
1050,1,0.75,inj_5,0.7353795438346401,0.75,0.014620456165359896,ok
1050,1,0.85,inj_5,0.8417542765502495,0.85,0.008245723449750497,ok
1050,1,0.95,inj_5,0.9499821810406273,0.95,1.7818959372695176e-05,ok
1050,2,0.65,inj_2,0.6835441910192445,0.65,0.03354419101924444,ok
1050,2,0.75,inj_2,0.7792453670705631,0.75,0.029245367070563133,ok
1050,2,0.85,inj_2,0.8703715253029223,0.85,0.0203715253029223,ok
1050,2,0.95,inj_2,0.9585263720598717,0.95,0.008526372059871723,ok
1063,0,0.65,inj_6,0.6570431257741244,0.65,0.007043125774124359,ok
1063,0,0.75,inj_6,0.7593289044026573,0.75,0.009328904402657323,ok
1063,0,0.85,inj_6,0.8605337236797658,0.85,0.010533723679765794,ok
1063,0,0.95,inj_6,0.9601171039297376,0.95,0.010117103929737636,ok
1063,1,0.65,inj_3,0.6975115414930751,0.65,0.04751154149307513,ok
1063,1,0.75,inj_3,0.7882896070262357,0.75,0.03828960702623574,ok
1063,1,0.85,inj_3,0.875329354802387,0.85,0.025329354802387072,ok
1063,1,0.95,inj_3,0.9606801035919379,0.95,0.01068010359193794,ok
1063,2,0.65,inj_7,0.6078144353113388,0.65,0.04218556468866119,ok
1063,2,0.75,inj_7,0.710888413466952,0.75,0.039111586533048026,ok
1063,2,0.85,inj_7,0.8243666253800247,0.85,0.02563337461997528,ok
1063,2,0.95,inj_7,0.941493075104155,0.95,0.008506924895844925,ok
1065,0,0.65,inj_4,0.6864667974222471,0.65,0.03646679742224712,ok
1065,0,0.75,inj_4,0.7855421686746988,0.75,0.03554216867469884,ok
1065,0,0.85,inj_4,0.8793499579714205,0.85,0.02934995797142048,ok
1065,0,0.95,inj_4,0.9629588119921546,0.95,0.01295881199215465,ok
1065,1,0.65,inj_2,0.6272905575791539,0.65,0.02270944242084616,ok
1065,1,0.75,inj_2,0.7398150742504903,0.75,0.010184925749509688,ok
1065,1,0.85,inj_2,0.8510507144858503,0.85,0.001050714485850368,ok
1065,1,0.95,inj_2,0.958139534883721,0.95,0.008139534883720989,ok
1065,2,0.65,inj_1,0.6541888484169235,0.65,0.004188848416923463,ok
1065,2,0.75,inj_1,0.7455309610535164,0.75,0.00446903894648365,ok
1065,2,0.85,inj_1,0.8364247688428131,0.85,0.01357523115718684,ok
1065,2,0.95,inj_1,0.9383020453908658,0.95,0.011697954609134142,ok
1067,0,0.65,inj_4,0.6580520182087817,0.65,0.008052018208781653,ok
1067,0,0.75,inj_4,0.7560154010783507,0.75,0.006015401078350746,ok
1067,0,0.85,inj_4,0.8535916925014365,0.85,0.0035916925014365386,ok
1067,0,0.95,inj_4,0.9526165661375844,0.95,0.0026165661375844307,ok
1067,1,0.65,inj_3,0.6618609980421775,0.65,0.01186099804217744,ok
1067,1,0.75,inj_3,0.7603078151182435,0.75,0.010307815118243524,ok
1067,1,0.85,inj_3,0.8589025871471876,0.85,0.008902587147187613,ok
1067,1,0.95,inj_3,0.9566096294588634,0.95,0.006609629458863453,ok
1067,2,0.65,inj_1,0.6672561926029406,0.65,0.017256192602940534,ok
1067,2,0.75,inj_1,0.7625236985985568,0.75,0.012523698598556843,ok
1067,2,0.85,inj_1,0.8559933798760619,0.85,0.005993379876061966,ok
1067,2,0.95,inj_1,0.9488093067106174,0.95,0.0011906932893825939,ok
1068,0,0.65,inj_4,0.6800186247860667,0.65,0.03001862478606665,ok
1068,0,0.75,inj_4,0.7801268498942917,0.75,0.030126849894291707,ok
1068,0,0.85,inj_4,0.876937984496124,0.85,0.026937984496124057,ok
1068,0,0.95,inj_4,0.9660349340581897,0.95,0.016034934058189787,ok
1068,1,0.65,inj_8,0.6998515050840631,0.65,0.04985150508406311,ok
1068,1,0.75,inj_8,0.7903453136011276,0.75,0.040345313601127586,ok
1068,1,0.85,inj_8,0.87864945132387,0.85,0.02864945132386998,ok
1068,1,0.95,inj_8,0.9613535689117085,0.95,0.011353568911708578,ok
1068,2,0.65,inj_2,0.668063525621665,0.65,0.018063525621665022,ok
1068,2,0.75,inj_2,0.7600800362428269,0.75,0.01008003624282694,ok
1068,2,0.85,inj_2,0.8561990335246149,0.85,0.0061990335246149275,ok
1068,2,0.95,inj_2,0.9563324272626598,0.95,0.006332427262659812,ok
1071,0,0.65,inj_2,0.6155913978494623,0.65,0.03440860215053776,ok
1071,0,0.75,inj_2,0.7238987166146376,0.75,0.02610128338536244,ok
1071,0,0.85,inj_2,0.8315990287894555,0.85,0.018400971210544514,ok
1071,0,0.95,inj_2,0.9424210891432536,0.95,0.007578910856746335,ok
1071,1,0.65,inj_3,0.6718695802983004,0.65,0.02186958029830033,ok
1071,1,0.75,inj_3,0.7653485952133195,0.75,0.015348595213319549,ok
1071,1,0.85,inj_3,0.8596080471730836,0.85,0.009608047173083611,ok
1071,1,0.95,inj_3,0.9538674991328477,0.95,0.003867499132847785,ok
1071,2,0.65,inj_8,0.7104578563995837,0.65,0.060457856399583676,outside_0.06_recorded
1071,2,0.75,inj_8,0.8026361429066944,0.75,0.05263614290669438,ok
1071,2,0.85,inj_8,0.8894380853277836,0.85,0.03943808532778359,ok
1071,2,0.95,inj_8,0.9672216441207075,0.95,0.01722164412070759,ok
1073,0,0.65,inj_5,0.6676972281449893,0.65,0.017697228144989308,ok
1073,0,0.75,inj_5,0.7560767590618337,0.75,0.006076759061833692,ok
1073,0,0.85,inj_5,0.8456289978678039,0.85,0.0043710021321961,ok
1073,0,0.95,inj_5,0.9412046908315566,0.95,0.0087953091684434,ok
1073,1,0.65,inj_1,0.6244669509594882,0.65,0.02553304904051179,ok
1073,1,0.75,inj_1,0.7317697228144989,0.75,0.018230277185501076,ok
1073,1,0.85,inj_1,0.8358742004264392,0.85,0.014125799573560749,ok
1073,1,0.95,inj_1,0.9428038379530918,0.95,0.0071961620469082055,ok
1073,2,0.65,inj_1,0.6682302771855011,0.65,0.018230277185501076,ok
1073,2,0.75,inj_1,0.7665778251599147,0.75,0.016577825159914683,ok
1073,2,0.85,inj_1,0.8628997867803838,0.85,0.012899786780383837,ok
1073,2,0.95,inj_1,0.9593283582089552,0.95,0.009328358208955279,ok
1167,0,0.65,inj_8,0.6281426879031197,0.65,0.021857312096880355,ok
1167,0,0.75,inj_8,0.7381861261024089,0.75,0.011813873897591143,ok
1167,0,0.85,inj_8,0.8438857443727787,0.85,0.006114255627221232,ok
1167,0,0.95,inj_8,0.9513404414023079,0.95,0.0013404414023079347,ok
1167,1,0.65,inj_8,0.6867623184590408,0.65,0.036762318459040766,ok
1167,1,0.75,inj_8,0.7789039533149049,0.75,0.028903953314904918,ok
1167,1,0.85,inj_8,0.8660874906761441,0.85,0.016087490676144123,ok
1167,1,0.95,inj_8,0.9546312140757316,0.95,0.004631214075731638,ok
1167,2,0.65,inj_7,0.6345926023430302,0.65,0.015407397656969857,ok
1167,2,0.75,inj_7,0.735421877056733,0.75,0.014578122943266991,ok
1167,2,0.85,inj_7,0.8377868456847,0.85,0.012213154315300012,ok
1167,2,0.95,inj_7,0.9446272651485236,0.95,0.0053727348514763795,ok
1412,0,0.65,inj_5,0.619147344801795,0.65,0.030852655198205015,ok
1412,0,0.75,inj_5,0.7157816005983545,0.75,0.034218399401645505,ok
1412,0,0.85,inj_5,0.8209424083769633,0.85,0.02905759162303667,ok
1412,0,0.95,inj_5,0.9377711293941661,0.95,0.012228870605833886,ok
1412,1,0.65,inj_8,0.6466716529543756,0.65,0.003328347045624458,ok
1412,1,0.75,inj_8,0.7358264771877338,0.75,0.014173522812266248,ok
1412,1,0.85,inj_8,0.8317127898279731,0.85,0.018287210172026835,ok
1412,1,0.95,inj_8,0.9352281226626776,0.95,0.014771877337322326,ok
1412,2,0.65,inj_7,0.7404637247569185,0.65,0.09046372475691844,outside_0.06_recorded
1412,2,0.75,inj_7,0.8284218399401645,0.75,0.0784218399401645,outside_0.06_recorded
1412,2,0.85,inj_7,0.906058339566193,0.85,0.056058339566192994,ok
1412,2,0.95,inj_7,0.9729244577412117,0.95,0.022924457741211768,ok
1442,0,0.65,inj_6,0.7664700098328415,0.65,0.1164700098328415,outside_0.06_recorded
1442,0,0.75,inj_6,0.846443788921665,0.75,0.09644378892166505,outside_0.06_recorded
1442,0,0.85,inj_6,0.915929203539823,0.85,0.06592920353982301,outside_0.06_recorded
1442,0,0.95,inj_6,0.9760734185512946,0.95,0.026073418551294636,ok
1442,1,0.65,inj_1,0.6755162241887905,0.65,0.025516224188790515,ok
1442,1,0.75,inj_1,0.7838413634873811,0.75,0.03384136348738109,ok
1442,1,0.85,inj_1,0.887905604719764,0.85,0.03790560471976401,ok
1442,1,0.95,inj_1,0.9749262536873156,0.95,0.024926253687315603,ok
1442,2,0.65,inj_3,0.5666994428056376,0.65,0.08330055719436247,outside_0.06_recorded
1442,2,0.75,inj_3,0.6804326450344148,0.75,0.06956735496558519,outside_0.06_recorded
1442,2,0.85,inj_3,0.7941658472631924,0.85,0.055834152736807585,ok
1442,2,0.95,inj_3,0.922648312028843,0.95,0.027351687971156946,ok
1443,0,0.65,inj_5,0.6679613489958318,0.65,0.017961348995831794,ok
1443,0,0.75,inj_5,0.7714727800934698,0.75,0.021472780093469757,ok
1443,0,0.85,inj_5,0.8747000126310471,0.85,0.024700012631047152,ok
1443,0,0.95,inj_5,0.9679171403309335,0.95,0.0179171403309335,ok
1443,1,0.65,inj_4,0.6152898825312618,0.65,0.0347101174687382,ok
1443,1,0.75,inj_4,0.719053934571176,0.75,0.030946065428824054,ok
1443,1,0.85,inj_4,0.8274914740431982,0.85,0.02250852595680175,ok
1443,1,0.95,inj_4,0.9418971832764936,0.95,0.008102816723506323,ok
1443,2,0.65,inj_3,0.6912024756852343,0.65,0.041202475685234274,ok
1443,2,0.75,inj_3,0.7893141341417204,0.75,0.03931413414172036,ok
1443,2,0.85,inj_3,0.8848364279398762,0.85,0.03483642793987618,ok
1443,2,0.95,inj_3,0.9687065807755463,0.95,0.018706580775546322,ok
1444,0,0.65,inj_1,0.6615204758793797,0.65,0.011520475879379655,ok
1444,0,0.75,inj_1,0.7634012997283637,0.75,0.01340129972836368,ok
1444,0,0.85,inj_1,0.8623250696283052,0.85,0.012325069628305263,ok
1444,0,0.95,inj_1,0.9567788742564385,0.95,0.006778874256438527,ok
1444,1,0.65,inj_8,0.6409328473678781,0.65,0.009067152632121878,ok
1444,1,0.75,inj_8,0.738911047691091,0.75,0.01108895230890905,ok
1444,1,0.85,inj_8,0.8357373723481072,0.85,0.01426262765189279,ok
1444,1,0.95,inj_8,0.9376783688065193,0.95,0.01232163119348062,ok
1444,2,0.65,inj_8,0.6322078190007908,0.65,0.017792180999209206,ok
1444,2,0.75,inj_8,0.73728638723653,0.75,0.01271361276347005,ok
1444,2,0.85,inj_8,0.8440669807103806,0.85,0.005933019289619423,ok
1444,2,0.95,inj_8,0.9523518894199361,0.95,0.0023518894199361373,ok
1446,0,0.65,inj_6,0.6154630762953897,0.65,0.03453692370461037,ok
1446,0,0.75,inj_6,0.7184822521419829,0.75,0.03151774785801709,ok
1446,0,0.85,inj_6,0.8177274581803347,0.85,0.032272541819665324,ok
1446,0,0.95,inj_6,0.935842513259894,0.95,0.014157486740105973,ok
1446,1,0.65,inj_4,0.5687474500204,0.65,0.08125254997960007,outside_0.06_recorded
1446,1,0.75,inj_4,0.6794165646674827,0.75,0.07058343533251732,outside_0.06_recorded
1446,1,0.85,inj_4,0.7931456548347612,0.85,0.056854345165238795,ok
1446,1,0.95,inj_4,0.9220726234190126,0.95,0.027927376580987318,ok
1446,2,0.65,inj_8,0.698796409628723,0.65,0.048796409628723,ok
1446,2,0.75,inj_8,0.7935536515707874,0.75,0.04355365157078739,ok
1446,2,0.85,inj_8,0.8815789473684211,0.85,0.03157894736842115,ok
1446,2,0.95,inj_8,0.9661362709098328,0.95,0.01613627090983283,ok
1447,0,0.65,inj_8,0.5750208855472013,0.65,0.0749791144527987,outside_0.06_recorded
1447,0,0.75,inj_8,0.6756056808688388,0.75,0.07439431913116124,outside_0.06_recorded
1447,0,0.85,inj_8,0.7911445279866332,0.85,0.05885547201336683,ok
1447,0,0.95,inj_8,0.9222222222222223,0.95,0.02777777777777768,ok
1447,1,0.65,inj_2,0.5949039264828738,0.65,0.0550960735171262,ok
1447,1,0.75,inj_2,0.7020050125313283,0.75,0.0479949874686717,ok
1447,1,0.85,inj_2,0.8222222222222223,0.85,0.02777777777777768,ok
1447,1,0.95,inj_2,0.9440267335004178,0.95,0.005973266499582186,ok
1447,2,0.65,inj_8,0.6957393483709273,0.65,0.0457393483709273,ok
1447,2,0.75,inj_8,0.7900584795321637,0.75,0.04005847953216368,ok
1447,2,0.85,inj_8,0.8776106934001671,0.85,0.027610693400167086,ok
1447,2,0.95,inj_8,0.9571428571428571,0.95,0.0071428571428571175,ok
1449,0,0.65,inj_1,0.6207800721075057,0.65,0.02921992789249428,ok
1449,0,0.75,inj_1,0.7104228121927237,0.75,0.03957718780727626,ok
1449,0,0.85,inj_1,0.8125204850868568,0.85,0.037479514913143164,ok
1449,0,0.95,inj_1,0.930514585381842,0.95,0.019485414618158003,ok
1449,1,0.65,inj_1,0.6153720091773189,0.65,0.03462799082268109,ok
1449,1,0.75,inj_1,0.7127171419206817,0.75,0.037282858079318304,ok
1449,1,0.85,inj_1,0.8294001966568338,0.85,0.020599803343166134,ok
1449,1,0.95,inj_1,0.948377581120944,0.95,0.001622418879056009,ok
1449,2,0.65,inj_3,0.5042608980662078,0.65,0.14573910193379225,outside_0.06_recorded
1449,2,0.75,inj_3,0.6237299246148804,0.75,0.12627007538511958,outside_0.06_recorded
1449,2,0.85,inj_3,0.7669616519174041,0.85,0.08303834808259591,outside_0.06_recorded
1449,2,0.95,inj_3,0.9308423467715503,0.95,0.019157653228449645,ok
1451,0,0.65,inj_8,0.6307911617961512,0.65,0.019208838203848777,ok
1451,0,0.75,inj_8,0.736864881376642,0.75,0.013135118623358033,ok
1451,0,0.85,inj_8,0.844440484675695,0.85,0.005559515324304987,ok
1451,0,0.95,inj_8,0.9513287852560839,0.95,0.0013287852560839308,ok
1451,1,0.65,inj_8,0.657112310355361,0.65,0.0071123103553609734,ok
1451,1,0.75,inj_8,0.7623459932797068,0.75,0.012345993279706757,ok
1451,1,0.85,inj_8,0.8620303431422462,0.85,0.01203034314224627,ok
1451,1,0.95,inj_8,0.9551216780368598,0.95,0.005121678036859811,ok
1451,2,0.65,inj_5,0.5529223093371347,0.65,0.09707769066286531,outside_0.06_recorded
1451,2,0.75,inj_5,0.6625089094796864,0.75,0.08749109052031356,outside_0.06_recorded
1451,2,0.85,inj_5,0.7790958150901129,0.85,0.07090418490988704,outside_0.06_recorded
1451,2,0.95,inj_5,0.9116943284797882,0.95,0.038305671520211804,ok
1453,0,0.65,inj_4,0.6455184311739288,0.65,0.004481568826071203,ok
1453,0,0.75,inj_4,0.7466406039790444,0.75,0.003359396020955585,ok
1453,0,0.85,inj_4,0.8481188965036958,0.85,0.001881103496304215,ok
1453,0,0.95,inj_4,0.9490115699339992,0.95,0.0009884300660008005,ok
1453,1,0.65,inj_2,0.5996660388407907,0.65,0.050333961159209295,ok
1453,1,0.75,inj_2,0.7037479622038271,0.75,0.04625203779617293,ok
1453,1,0.85,inj_2,0.8131954226745383,0.85,0.03680457732546172,ok
1453,1,0.95,inj_2,0.9286177806619079,0.95,0.021382219338092034,ok
1453,2,0.65,inj_6,0.6500530222693531,0.65,5.302226935310905e-05,ok
1453,2,0.75,inj_6,0.7533593960209556,0.75,0.003359396020955585,ok
1453,2,0.85,inj_6,0.8556765483294028,0.85,0.005676548329402786,ok
1453,2,0.95,inj_6,0.9551684841961982,0.95,0.0051684841961981975,ok
1467,0,0.65,inj_2,0.6445608167576131,0.65,0.005439183242386902,ok
1467,0,0.75,inj_2,0.7516722408026756,0.75,0.0016722408026755842,ok
1467,0,0.85,inj_2,0.858871677521563,0.85,0.008871677521563037,ok
1467,0,0.95,inj_2,0.9610543918324239,0.95,0.01105439183242396,ok
1467,1,0.65,inj_6,0.6588628762541806,0.65,0.008862876254180585,ok
1467,1,0.75,inj_6,0.7590653054039782,0.75,0.009065305403978208,ok
1467,1,0.85,inj_6,0.8566273543390248,0.85,0.006627354339024838,ok
1467,1,0.95,inj_6,0.9525611688083084,0.95,0.0025611688083084783,ok
1467,2,0.65,inj_8,0.6287185354691076,0.65,0.021281464530892413,ok
1467,2,0.75,inj_8,0.7248723816229536,0.75,0.025127618377046357,ok
1467,2,0.85,inj_8,0.8270550959338144,0.85,0.022944904066185545,ok
1467,2,0.95,inj_8,0.9383031156486534,0.95,0.011696884351346526,ok
1480,0,0.65,inj_8,0.6144777752187932,0.65,0.03552222478120681,ok
1480,0,0.75,inj_8,0.7249827268539842,0.75,0.02501727314601576,ok
1480,0,0.85,inj_8,0.8380354675264855,0.85,0.011964532473514478,ok
1480,0,0.95,inj_8,0.9495048364808844,0.95,0.0004951635191156045,ok
1480,1,0.65,inj_8,0.6510392676186089,0.65,0.0010392676186088412,ok
1480,1,0.75,inj_8,0.7497265085214186,0.75,0.0002734914785813558,ok
1480,1,0.85,inj_8,0.8499827268539845,0.85,1.7273146015517327e-05,ok
1480,1,0.95,inj_8,0.9507571395670198,0.95,0.0007571395670198378,ok
1480,2,0.65,inj_3,0.6419708659603869,0.65,0.00802913403961314,ok
1480,2,0.75,inj_3,0.7359655688622754,0.75,0.014034431137724623,ok
1480,2,0.85,inj_3,0.8315580377706125,0.85,0.018441962229387432,ok
1480,2,0.95,inj_3,0.9364780055274067,0.95,0.01352199447259328,ok
1489,0,0.65,inj_6,0.648700949970175,0.65,0.0012990500298249996,ok
1489,0,0.75,inj_6,0.7488050232620819,0.75,0.0011949767379181297,ok
1489,0,0.85,inj_6,0.849740262657076,0.85,0.0002597373429239491,ok
1489,0,0.95,inj_6,0.9509278409762741,0.95,0.0009278409762741857,ok
1489,1,0.65,inj_6,0.6587160638827033,0.65,0.008716063882703295,ok
1489,1,0.75,inj_6,0.7579217577585962,0.75,0.00792175775859616,ok
1489,1,0.85,inj_6,0.8568552955172849,0.85,0.006855295517284921,ok
1489,1,0.95,inj_6,0.9536718616337162,0.95,0.0036718616337162446,ok
1489,2,0.65,inj_2,0.657321759211857,0.65,0.00732175921185696,ok
1489,2,0.75,inj_2,0.7548758551944497,0.75,0.004875855194449663,ok
1489,2,0.85,inj_2,0.8524725581419927,0.85,0.0024725581419927645,ok
1489,2,0.95,inj_2,0.9507722760112218,0.95,0.000772276011221873,ok
1496,0,0.65,inj_8,0.6526238714782641,0.65,0.0026238714782640393,ok
1496,0,0.75,inj_8,0.752573435732119,0.75,0.0025734357321189893,ok
1496,0,0.85,inj_8,0.8526609969796994,0.85,0.0026609969796994593,ok
1496,0,0.95,inj_8,0.9518977106963524,0.95,0.0018977106963524726,ok
1496,1,0.65,inj_4,0.6478657146797826,0.65,0.0021342853202174217,ok
1496,1,0.75,inj_4,0.7487706652141795,0.75,0.0012293347858205461,ok
1496,1,0.85,inj_4,0.8494471792216414,0.85,0.0005528207783586092,ok
1496,1,0.95,inj_4,0.949570828618984,0.95,0.000429171381015947,ok
1496,2,0.65,inj_6,0.653120193116894,0.65,0.0031201931168939323,ok
1496,2,0.75,inj_6,0.7533523991752615,0.75,0.0033523991752615334,ok
1496,2,0.85,inj_6,0.8525370992023789,0.85,0.0025370992023788785,ok
1496,2,0.95,inj_6,0.9507877444058985,0.95,0.0007877444058985716,ok
1498,0,0.65,inj_6,0.6032698675496688,0.65,0.0467301324503312,ok
1498,0,0.75,inj_6,0.7092715231788079,0.75,0.04072847682119207,ok
1498,0,0.85,inj_6,0.8179842715231789,0.85,0.032015728476821104,ok
1498,0,0.95,inj_6,0.935078642384106,0.95,0.014921357615893971,ok
1498,1,0.65,inj_3,0.6726407284768212,0.65,0.022640728476821192,ok
1498,1,0.75,inj_3,0.7698261589403974,0.75,0.01982615894039741,ok
1498,1,0.85,inj_3,0.8651903973509933,0.85,0.015190397350993368,ok
1498,1,0.95,inj_3,0.9590024834437086,0.95,0.009002483443708686,ok
1498,2,0.65,inj_8,0.6364652317880795,0.65,0.013534768211920567,ok
1498,2,0.75,inj_8,0.745115894039735,0.75,0.004884105960265006,ok
1498,2,0.85,inj_8,0.8512003311258278,0.85,0.001200331125827847,ok
1498,2,0.95,inj_8,0.9539942052980133,0.95,0.003994205298013309,ok
1506,0,0.65,inj_2,0.6876428571428572,0.65,0.0376428571428572,ok
1506,0,0.75,inj_2,0.7846071428571428,0.75,0.034607142857142836,ok
1506,0,0.85,inj_2,0.8788214285714285,0.85,0.028821428571428553,ok
1506,0,0.95,inj_2,0.9666071428571429,0.95,0.01660714285714293,ok
1506,1,0.65,inj_8,0.6638214285714286,0.65,0.01382142857142854,ok
1506,1,0.75,inj_8,0.7576428571428571,0.75,0.007642857142857062,ok
1506,1,0.85,inj_8,0.84975,0.85,0.00024999999999997247,ok
1506,1,0.95,inj_8,0.9461071428571429,0.95,0.0038928571428570313,ok
1506,2,0.65,inj_3,0.5925714285714285,0.65,0.057428571428571495,ok
1506,2,0.75,inj_3,0.6996785714285714,0.75,0.05032142857142863,ok
1506,2,0.85,inj_3,0.8114642857142857,0.85,0.03853571428571423,ok
1506,2,0.95,inj_3,0.9332857142857143,0.95,0.01671428571428568,ok
1547,0,0.65,inj_8,0.6679067731699311,0.65,0.017906773169931056,ok
1547,0,0.75,inj_8,0.7643016064068695,0.75,0.014301606406869505,ok
1547,0,0.85,inj_8,0.8603838077522287,0.85,0.010383807752228691,ok
1547,0,0.95,inj_8,0.9544807965860597,0.95,0.00448079658605971,ok
1547,1,0.65,inj_2,0.6566780777307093,0.65,0.006678077730709275,ok
1547,1,0.75,inj_2,0.7570850202429151,0.75,0.00708502024291513,ok
1547,1,0.85,inj_2,0.8553035395140657,0.85,0.005303539514065703,ok
1547,1,0.95,inj_2,0.9517661096608465,0.95,0.0017661096608465598,ok
1547,2,0.65,inj_1,0.6878214246635299,0.65,0.03782142466352989,ok
1547,2,0.75,inj_1,0.7803969382916751,0.75,0.030396938291675113,ok
1547,2,0.85,inj_1,0.8693719746351325,0.85,0.019371974635132516,ok
1547,2,0.95,inj_1,0.9565545881335356,0.95,0.006554588133535599,ok
1600,0,0.65,inj_8,0.5808747855917668,0.65,0.06912521440823327,outside_0.06_recorded
1600,0,0.75,inj_8,0.6858490566037735,0.75,0.06415094339622651,outside_0.06_recorded
1600,0,0.85,inj_8,0.8045454545454546,0.85,0.045454545454545414,ok
1600,0,0.95,inj_8,0.9280445969125214,0.95,0.021955403087478564,ok
1600,1,0.65,inj_2,0.630188679245283,0.65,0.019811320754717032,ok
1600,1,0.75,inj_2,0.7371355060034305,0.75,0.012864493996569526,ok
1600,1,0.85,inj_2,0.8458833619210978,0.85,0.004116638078902168,ok
1600,1,0.95,inj_2,0.9557461406518011,0.95,0.005746140651801124,ok
1600,2,0.65,inj_6,0.6801029159519726,0.65,0.030102915951972564,ok
1600,2,0.75,inj_6,0.7727272727272727,0.75,0.022727272727272707,ok
1600,2,0.85,inj_6,0.8655231560891937,0.85,0.015523156089193746,ok
1600,2,0.95,inj_6,0.9569468267581476,0.95,0.006946826758147617,ok
4329,0,0.65,inj_3,0.6441428571428571,0.65,0.005857142857142894,ok
4329,0,0.75,inj_3,0.7409285714285715,0.75,0.009071428571428508,ok
4329,0,0.85,inj_3,0.8401071428571428,0.85,0.009892857142857148,ok
4329,0,0.95,inj_3,0.94275,0.95,0.007249999999999979,ok
4329,1,0.65,inj_6,0.6255357142857143,0.65,0.024464285714285716,ok
4329,1,0.75,inj_6,0.7341071428571427,0.75,0.015892857142857264,ok
4329,1,0.85,inj_6,0.8462142857142858,0.85,0.00378571428571417,ok
4329,1,0.95,inj_6,0.95475,0.95,0.004750000000000032,ok
4329,2,0.65,inj_2,0.6424285714285715,0.65,0.007571428571428562,ok
4329,2,0.75,inj_2,0.7436785714285714,0.75,0.006321428571428589,ok
4329,2,0.85,inj_2,0.8437857142857143,0.85,0.006214285714285728,ok
4329,2,0.95,inj_2,0.9503571428571429,0.95,0.0003571428571429447,ok
6332,0,0.65,inj_3,0.6495585919928025,0.65,0.00044140800719749684,ok
6332,0,0.75,inj_3,0.7467105263157894,0.75,0.00328947368421062,ok
6332,0,0.85,inj_3,0.8459148672964463,0.85,0.004085132703553707,ok
6332,0,0.95,inj_3,0.9476214574898785,0.95,0.002378542510121484,ok
6332,1,0.65,inj_7,0.6473515519568152,0.65,0.00264844804318487,ok
6332,1,0.75,inj_7,0.7442785650022491,0.75,0.005721434997750907,ok
6332,1,0.85,inj_7,0.84084008097166,0.85,0.009159919028340013,ok
6332,1,0.95,inj_7,0.9423639226270805,0.95,0.007636077372919492,ok
6332,2,0.65,inj_2,0.6732737291947817,0.65,0.023273729194781656,ok
6332,2,0.75,inj_2,0.7671361898335584,0.75,0.017136189833558357,ok
6332,2,0.85,inj_2,0.8599443319838057,0.85,0.009944331983805732,ok
6332,2,0.95,inj_2,0.9522745164192533,0.95,0.0022745164192533585,ok
23381,0,0.65,inj_5,0.6389983579638752,0.65,0.011001642036124859,ok
23381,0,0.75,inj_5,0.7320361247947454,0.75,0.017963875205254554,ok
23381,0,0.85,inj_5,0.8290311986863711,0.85,0.020968801313628882,ok
23381,0,0.95,inj_5,0.9359934318555008,0.95,0.014006568144499187,ok
23381,1,0.65,inj_5,0.674712643678161,0.65,0.02471264367816095,ok
23381,1,0.75,inj_5,0.7803448275862068,0.75,0.030344827586206824,ok
23381,1,0.85,inj_5,0.8769622331691298,0.85,0.026962233169129823,ok
23381,1,0.95,inj_5,0.9645155993431856,0.95,0.014515599343185692,ok
23381,2,0.65,inj_6,0.6527093596059115,0.65,0.0027093596059114544,ok
23381,2,0.75,inj_6,0.7531691297208539,0.75,0.003169129720853925,ok
23381,2,0.85,inj_6,0.855336617405583,0.85,0.005336617405583,ok
23381,2,0.95,inj_6,0.9530541871921183,0.95,0.0030541871921183628,ok
23499,0,0.65,inj_6,0.6480221718316956,0.65,0.0019778281683043852,ok
23499,0,0.75,inj_6,0.7525195263290502,0.75,0.00251952632905017,ok
23499,0,0.85,inj_6,0.850403124212648,0.85,0.00040312421264798726,ok
23499,0,0.95,inj_6,0.9538296800201562,0.95,0.0038296800201562675,ok
23499,1,0.65,inj_7,0.682161753590325,0.65,0.032161753590325026,ok
23499,1,0.75,inj_7,0.7774628369866465,0.75,0.027462836986646533,ok
23499,1,0.85,inj_7,0.8751574703955657,0.85,0.025157470395565706,ok
23499,1,0.95,inj_7,0.966931216931217,0.95,0.01693121693121702,ok
23499,2,0.65,inj_3,0.6581632653061225,0.65,0.008163265306122436,ok
23499,2,0.75,inj_3,0.7614638447971781,0.75,0.011463844797178102,ok
23499,2,0.85,inj_3,0.8595364071554548,0.85,0.009536407155454785,ok
23499,2,0.95,inj_3,0.962459057697153,0.95,0.012459057697153053,ok
40702,0,0.65,inj_2,0.6806411913877977,0.65,0.03064119138779764,ok
40702,0,0.75,inj_2,0.7795609368007558,0.75,0.029560936800755777,ok
40702,0,0.85,inj_2,0.8753604992292775,0.85,0.025360499229277522,ok
40702,0,0.95,inj_2,0.9646462135149918,0.95,0.014646213514991846,ok
40702,1,0.65,inj_6,0.6454054994778977,0.65,0.004594500522102307,ok
40702,1,0.75,inj_6,0.7435358758888171,0.75,0.006464124111182912,ok
40702,1,0.85,inj_6,0.8444259360548954,0.85,0.005574063945104624,ok
40702,1,0.95,inj_6,0.9470501218238775,0.95,0.002949878176122467,ok
40702,2,0.65,inj_2,0.6351437024513947,0.65,0.01485629754860529,ok
40702,2,0.75,inj_2,0.7431940231713987,0.75,0.00680597682860129,ok
40702,2,0.85,inj_2,0.8486400477350703,0.85,0.001359952264929687,ok
40702,2,0.95,inj_2,0.9540301327631644,0.95,0.00403013276316444,ok
40945,0,0.65,inj_4,0.6671891223733004,0.65,0.01718912237330039,ok
40945,0,0.75,inj_4,0.7653300370828183,0.75,0.015330037082818326,ok
40945,0,0.85,inj_4,0.8611619283065512,0.85,0.011161928306551272,ok
40945,0,0.95,inj_4,0.9544721878862794,0.95,0.004472187886279455,ok
40945,1,0.65,inj_1,0.679982694684796,0.65,0.029982694684795974,ok
40945,1,0.75,inj_1,0.7745241038318913,0.75,0.024524103831891297,ok
40945,1,0.85,inj_1,0.867601977750309,0.85,0.017601977750309028,ok
40945,1,0.95,inj_1,0.957238566131026,0.95,0.007238566131026025,ok
40945,2,0.65,inj_4,0.6398689740420271,0.65,0.010131025957972883,ok
40945,2,0.75,inj_4,0.74253152039555,0.75,0.007468479604449962,ok
40945,2,0.85,inj_4,0.8458467243510508,0.85,0.004153275648949184,ok
40945,2,0.95,inj_4,0.9510160692212609,0.95,0.0010160692212609623,ok
41538,0,0.65,inj_5,0.6376594148537135,0.65,0.012340585146286553,ok
41538,0,0.75,inj_5,0.7443360840210053,0.75,0.005663915978994738,ok
41538,0,0.85,inj_5,0.8498124531132784,0.85,0.00018754688672162345,ok
41538,0,0.95,inj_5,0.9512378094523631,0.95,0.001237809452363181,ok
41538,1,0.65,inj_5,0.6768192048012003,0.65,0.026819204801200258,ok
41538,1,0.75,inj_5,0.7782445611402851,0.75,0.028244561140285063,ok
41538,1,0.85,inj_5,0.8768192048012003,0.85,0.02681920480120037,ok
41538,1,0.95,inj_5,0.9653413353338335,0.95,0.015341335333833528,ok
41538,2,0.65,inj_3,0.5428357089272318,0.65,0.10716429107276826,outside_0.06_recorded
41538,2,0.75,inj_3,0.649662415603901,0.75,0.10033758439609897,outside_0.06_recorded
41538,2,0.85,inj_3,0.7771942985746436,0.85,0.07280570142535636,outside_0.06_recorded
41538,2,0.95,inj_3,0.9251312828207052,0.95,0.02486871717929473,ok
41945,0,0.65,inj_7,0.652838553661907,0.65,0.002838553661906995,ok
41945,0,0.75,inj_7,0.7551243666513128,0.75,0.005124366651312773,ok
41945,0,0.85,inj_7,0.8568775909719024,0.85,0.006877590971902436,ok
41945,0,0.95,inj_7,0.955449677567941,0.95,0.005449677567941014,ok
41945,1,0.65,inj_1,0.6319812298479964,0.65,0.018018770152003594,ok
41945,1,0.75,inj_1,0.7279479502533397,0.75,0.022052049746660307,ok
41945,1,0.85,inj_1,0.8260450253339475,0.85,0.023954974666052453,ok
41945,1,0.95,inj_1,0.934577959465684,0.95,0.01542204053431595,ok
41945,2,0.65,inj_1,0.6586394518654999,0.65,0.008639451865499859,ok
41945,2,0.75,inj_1,0.7641351911561494,0.75,0.014135191156149363,ok
41945,2,0.85,inj_1,0.8647512666973745,0.85,0.014751266697374477,ok
41945,2,0.95,inj_1,0.9555072547213266,0.95,0.0055072547213266265,ok
42192,0,0.65,inj_5,0.6501256126634278,0.65,0.00012561266342780986,ok
42192,0,0.75,inj_5,0.748445853989598,0.75,0.0015541460104020466,ok
42192,0,0.85,inj_5,0.8474227249770714,0.85,0.0025772750229285935,ok
42192,0,0.95,inj_5,0.9477294259281541,0.95,0.0022705740718458323,ok
42192,1,0.65,inj_8,0.6298404103178897,0.65,0.02015958968211029,ok
42192,1,0.75,inj_8,0.7320327061225638,0.75,0.01796729387743623,ok
42192,1,0.85,inj_8,0.8358023828581762,0.85,0.01419761714182377,ok
42192,1,0.95,inj_8,0.9430629893292277,0.95,0.006937010670772237,ok
42192,2,0.65,inj_5,0.6541710104560745,0.65,0.0041710104560744865,ok
42192,2,0.75,inj_5,0.753877566017794,0.75,0.0038775660177939875,ok
42192,2,0.85,inj_5,0.8530968006414998,0.85,0.003096800641499864,ok
42192,2,0.95,inj_5,0.9510066664409217,0.95,0.001006666440921733,ok
43595,0,0.65,inj_7,0.6595453199052133,0.65,0.009545319905213234,ok
43595,0,0.75,inj_7,0.7628233609794629,0.75,0.012823360979462906,ok
43595,0,0.85,inj_7,0.8650153041074249,0.85,0.01501530410742491,ok
43595,0,0.95,inj_7,0.9581728870458135,0.95,0.008172887045813537,ok
43595,1,0.65,inj_1,0.652016686413902,0.65,0.002016686413901958,ok
43595,1,0.75,inj_1,0.7503579186413901,0.75,0.0003579186413901203,ok
43595,1,0.85,inj_1,0.8497111966824644,0.85,0.00028880331753555755,ok
43595,1,0.95,inj_1,0.951199644549763,0.95,0.0011996445497630681,ok
43595,2,0.65,inj_5,0.6056477093206951,0.65,0.04435229067930491,ok
43595,2,0.75,inj_5,0.7132701421800949,0.75,0.03672985781990512,ok
43595,2,0.85,inj_5,0.8222748815165876,0.85,0.027725118483412414,ok
43595,2,0.95,inj_5,0.9402522709320695,0.95,0.009747729067930422,ok
43893,0,0.65,inj_1,0.6647537309091407,0.65,0.014753730909140672,ok
43893,0,0.75,inj_1,0.7585320699059959,0.75,0.008532069905995865,ok
43893,0,0.85,inj_1,0.8536381711102213,0.85,0.0036381711102213554,ok
43893,0,0.95,inj_1,0.9517248931459409,0.95,0.0017248931459409311,ok
43893,1,0.65,inj_1,0.6443102993966894,0.65,0.005689700603310643,ok
43893,1,0.75,inj_1,0.7416236341672913,0.75,0.008376365832708732,ok
43893,1,0.85,inj_1,0.839025942694057,0.85,0.01097405730594303,ok
43893,1,0.95,inj_1,0.9402814992762327,0.95,0.009718500723767232,ok
43893,2,0.65,inj_1,0.6429106737708788,0.65,0.007089326229121173,ok
43893,2,0.75,inj_1,0.7494772791825366,0.75,0.0005227208174634068,ok
43893,2,0.85,inj_1,0.8536997683260271,0.85,0.003699768326027142,ok
43893,2,0.95,inj_1,0.9546576050318082,0.95,0.004657605031808232,ok
43947,0,0.65,inj_8,0.6537383322254265,0.65,0.0037383322254265217,ok
43947,0,0.75,inj_8,0.7542701274640393,0.75,0.004270127464039319,ok
43947,0,0.85,inj_8,0.8547861255532162,0.85,0.004786125553216225,ok
43947,0,0.95,inj_8,0.9541911101225605,0.95,0.004191110122560571,ok
43947,1,0.65,inj_5,0.6627288059124308,0.65,0.012728805912430752,ok
43947,1,0.75,inj_5,0.7610862815026754,0.75,0.011086281502675432,ok
43947,1,0.85,inj_5,0.857938130780177,0.85,0.007938130780177022,ok
43947,1,0.95,inj_5,0.9533078914975951,0.95,0.003307891497595139,ok
43947,2,0.65,inj_3,0.6435750781642954,0.65,0.0064249218357046445,ok
43947,2,0.75,inj_3,0.7436585503019151,0.75,0.006341449698084922,ok
43947,2,0.85,inj_3,0.844064442259523,0.85,0.005935557740476938,ok
43947,2,0.95,inj_3,0.9465475013964679,0.95,0.003452498603532028,ok
43949,0,0.65,inj_8,0.6592278014161428,0.65,0.009227801416142767,ok
43949,0,0.75,inj_8,0.7571005105077143,0.75,0.007100510507714319,ok
43949,0,0.85,inj_8,0.8548477180993405,0.85,0.004847718099340481,ok
43949,0,0.95,inj_8,0.9518428883158103,0.95,0.0018428883158103648,ok
43949,1,0.65,inj_8,0.6437909549854459,0.65,0.006209045014554104,ok
43949,1,0.75,inj_8,0.7426981203114057,0.75,0.007301879688594304,ok
43949,1,0.85,inj_8,0.8427793319271768,0.85,0.007220668072823178,ok
43949,1,0.95,inj_8,0.9455870838714378,0.95,0.004412916128562205,ok
43949,2,0.65,inj_2,0.6521299223914918,0.65,0.0021299223914917897,ok
43949,2,0.75,inj_2,0.7527780769121772,0.75,0.002778076912177241,ok
43949,2,0.85,inj_2,0.8524784117177916,0.85,0.0024784117177916176,ok
43949,2,0.95,inj_2,0.9508800084207457,0.95,0.0008800084207457592,ok
43973,0,0.65,inj_6,0.6359936964199673,0.65,0.014006303580032742,ok
43973,0,0.75,inj_6,0.7385910608111008,0.75,0.011408939188899181,ok
43973,0,0.85,inj_6,0.8431062146874687,0.85,0.006893785312531264,ok
43973,0,0.95,inj_6,0.9489376623004886,0.95,0.001062337699511362,ok
43973,1,0.65,inj_5,0.6576248829210192,0.65,0.007624882921019149,ok
43973,1,0.75,inj_5,0.7560912874155798,0.75,0.006091287415579849,ok
43973,1,0.85,inj_5,0.8544360410845846,0.85,0.004436041084584619,ok
43973,1,0.95,inj_5,0.9521220515576873,0.95,0.002122051557687299,ok
43973,2,0.65,inj_6,0.6325397670983018,0.65,0.01746023290169818,ok
43973,2,0.75,inj_6,0.7340375034388223,0.75,0.015962496561177653,ok
43973,2,0.85,inj_6,0.8368117783442448,0.85,0.013188221655755172,ok
43973,2,0.95,inj_6,0.9422488546535017,0.95,0.007751145346498234,ok
43980,0,0.65,inj_6,0.6670035303229414,0.65,0.01700353032294133,ok
43980,0,0.75,inj_6,0.7662658847668742,0.75,0.016265884766874183,ok
43980,0,0.85,inj_6,0.8629766196590605,0.85,0.012976619659060495,ok
43980,0,0.95,inj_6,0.9560858977794594,0.95,0.006085897779459448,ok
43980,1,0.65,inj_5,0.6430216179389708,0.65,0.006978382061029187,ok
43980,1,0.75,inj_5,0.7458161349923869,0.75,0.004183865007613141,ok
43980,1,0.85,inj_5,0.848101677225339,0.85,0.0018983227746609543,ok
43980,1,0.95,inj_5,0.9503056608424822,0.95,0.00030566084248229153,ok
43980,2,0.65,inj_3,0.652051935054813,0.65,0.0020519350548129367,ok
43980,2,0.75,inj_3,0.7536304315431933,0.75,0.003630431543193313,ok
43980,2,0.85,inj_3,0.854612262368548,0.85,0.004612262368548059,ok
43980,2,0.95,inj_3,0.9540138183597643,0.95,0.004013818359764332,ok
44097,0,0.65,inj_3,0.6544714285714286,0.65,0.004471428571428571,ok
44097,0,0.75,inj_3,0.7575999999999999,0.75,0.00759999999999994,ok
44097,0,0.85,inj_3,0.8581523809523811,0.85,0.008152380952381133,ok
44097,0,0.95,inj_3,0.9550142857142858,0.95,0.00501428571428586,ok
44097,1,0.65,inj_7,0.6414190476190478,0.65,0.008580952380952245,ok
44097,1,0.75,inj_7,0.7438571428571429,0.75,0.006142857142857117,ok
44097,1,0.85,inj_7,0.8473666666666666,0.85,0.0026333333333333764,ok
44097,1,0.95,inj_7,0.9498809523809524,0.95,0.00011904761904757422,ok
44097,2,0.65,inj_2,0.6358285714285714,0.65,0.014171428571428613,ok
44097,2,0.75,inj_2,0.739147619047619,0.75,0.010852380952380947,ok
44097,2,0.85,inj_2,0.8422428571428571,0.85,0.007757142857142907,ok
44097,2,0.95,inj_2,0.9451523809523811,0.95,0.0048476190476188785,ok
44098,0,0.65,inj_8,0.6788857142857143,0.65,0.028885714285714292,ok
44098,0,0.75,inj_8,0.7733190476190477,0.75,0.023319047619047684,ok
44098,0,0.85,inj_8,0.865895238095238,0.85,0.015895238095238073,ok
44098,0,0.95,inj_8,0.9579380952380951,0.95,0.007938095238095189,ok
44098,1,0.65,inj_2,0.657104761904762,0.65,0.007104761904761947,ok
44098,1,0.75,inj_2,0.7506095238095237,0.75,0.0006095238095237265,ok
44098,1,0.85,inj_2,0.8455999999999999,0.85,0.0044000000000000705,ok
44098,1,0.95,inj_2,0.9455999999999999,0.95,0.0044000000000000705,ok
44098,2,0.65,inj_6,0.6503666666666666,0.65,0.0003666666666666263,ok
44098,2,0.75,inj_6,0.7465857142857144,0.75,0.003414285714285592,ok
44098,2,0.85,inj_6,0.8425904761904762,0.85,0.007409523809523755,ok
44098,2,0.95,inj_6,0.9417904761904762,0.95,0.008209523809523778,ok
44186,0,0.65,inj_5,0.6538450305562924,0.65,0.0038450305562923726,ok
44186,0,0.75,inj_5,0.7544325485967956,0.75,0.004432548596795649,ok
44186,0,0.85,inj_5,0.8552827643526959,0.85,0.005282764352695923,ok
44186,0,0.95,inj_5,0.9552298901628453,0.95,0.005229890162845363,ok
44186,1,0.65,inj_8,0.6521929402917146,0.65,0.0021929402917145735,ok
44186,1,0.75,inj_8,0.751667757817957,0.75,0.0016677578179570274,ok
44186,1,0.85,inj_8,0.8509033029027869,0.85,0.000903302902786951,ok
44186,1,0.95,inj_8,0.9502959798579151,0.95,0.0002959798579151851,ok
44186,2,0.65,inj_4,0.6541521450249586,0.65,0.004152145024958531,ok
44186,2,0.75,inj_4,0.7554335987792086,0.75,0.0054335987792085705,ok
44186,2,0.85,inj_4,0.8555284255051949,0.85,0.005528425505194945,ok
44186,2,0.95,inj_4,0.953201018056323,0.95,0.0032010180563230017,ok
44227,0,0.65,inj_1,0.6221789999999999,0.65,0.027821000000000096,ok
44227,0,0.75,inj_1,0.7269500000000001,0.75,0.023049999999999904,ok
44227,0,0.85,inj_1,0.832837,0.85,0.01716299999999993,ok
44227,0,0.95,inj_1,0.941039,0.95,0.008960999999999997,ok
44227,1,0.65,inj_3,0.658813,0.65,0.00881299999999996,ok
44227,1,0.75,inj_3,0.7568050000000001,0.75,0.006805000000000061,ok
44227,1,0.85,inj_3,0.853301,0.85,0.0033009999999999984,ok
44227,1,0.95,inj_3,0.9509890000000001,0.95,0.0009890000000001287,ok
44227,2,0.65,inj_1,0.642108,0.65,0.00789200000000001,ok
44227,2,0.75,inj_1,0.740688,0.75,0.009311999999999987,ok
44227,2,0.85,inj_1,0.8404799999999999,0.85,0.009520000000000084,ok
44227,2,0.95,inj_1,0.943829,0.95,0.0061709999999999265,ok
44232,0,0.65,inj_6,0.6755185064109549,0.65,0.025518506410954878,ok
44232,0,0.75,inj_6,0.77010134030729,0.75,0.02010134030729005,ok
44232,0,0.85,inj_6,0.8628956449093749,0.85,0.012895644909374893,ok
44232,0,0.95,inj_6,0.9542813555628201,0.95,0.004281355562820166,ok
44232,1,0.65,inj_2,0.6359129708328793,0.65,0.01408702916712068,ok
44232,1,0.75,inj_2,0.7387163561076606,0.75,0.011283643892339379,ok
44232,1,0.85,inj_2,0.8434186916566778,0.85,0.006581308343322156,ok
44232,1,0.95,inj_2,0.9488336783988959,0.95,0.0011663216011040811,ok
44232,2,0.65,inj_7,0.6806785078638625,0.65,0.030678507863862503,ok
44232,2,0.75,inj_7,0.7799941883694743,0.75,0.029994188369474317,ok
44232,2,0.85,inj_7,0.8751705350332354,0.85,0.02517053503323541,ok
44232,2,0.95,inj_7,0.9643245795648541,0.95,0.014324579564854112,ok
44345,0,0.65,inj_6,0.633764,0.65,0.016236000000000028,ok
44345,0,0.75,inj_6,0.73653,0.75,0.013469999999999982,ok
44345,0,0.85,inj_6,0.8406009999999999,0.85,0.009399000000000046,ok
44345,0,0.95,inj_6,0.9470320000000001,0.95,0.0029679999999998596,ok
44345,1,0.65,inj_8,0.64637,0.65,0.003630000000000022,ok
44345,1,0.75,inj_8,0.744068,0.75,0.005932000000000048,ok
44345,1,0.85,inj_8,0.8425729999999999,0.85,0.007427000000000072,ok
44345,1,0.95,inj_8,0.943946,0.95,0.006054000000000004,ok
44345,2,0.65,inj_2,0.654901,0.65,0.004900999999999933,ok
44345,2,0.75,inj_2,0.7555379999999999,0.75,0.005537999999999932,ok
44345,2,0.85,inj_2,0.8548989999999999,0.85,0.004898999999999876,ok
44345,2,0.95,inj_2,0.9522919999999999,0.95,0.0022919999999999607,ok
44347,0,0.65,inj_8,0.628072,0.65,0.02192800000000006,ok
44347,0,0.75,inj_8,0.727829,0.75,0.022171000000000052,ok
44347,0,0.85,inj_8,0.8298500000000001,0.85,0.02014999999999989,ok
44347,0,0.95,inj_8,0.937299,0.95,0.012700999999999962,ok
44347,1,0.65,inj_8,0.637152,0.65,0.01284799999999997,ok
44347,1,0.75,inj_8,0.7398229999999999,0.75,0.010177000000000103,ok
44347,1,0.85,inj_8,0.843441,0.85,0.0065589999999999815,ok
44347,1,0.95,inj_8,0.94824,0.95,0.0017599999999999838,ok
44347,2,0.65,inj_6,0.641494,0.65,0.008506000000000014,ok
44347,2,0.75,inj_6,0.74167,0.75,0.008329999999999949,ok
44347,2,0.85,inj_6,0.841562,0.85,0.008437999999999946,ok
44347,2,0.95,inj_6,0.943598,0.95,0.006401999999999908,ok
44349,0,0.65,inj_5,0.681864,0.65,0.031864,ok
44349,0,0.75,inj_5,0.7755940000000001,0.75,0.025594000000000117,ok
44349,0,0.85,inj_5,0.867483,0.85,0.017483000000000026,ok
44349,0,0.95,inj_5,0.957026,0.95,0.007026000000000088,ok
44349,1,0.65,inj_7,0.657687,0.65,0.007686999999999999,ok
44349,1,0.75,inj_7,0.756769,0.75,0.006769000000000025,ok
44349,1,0.85,inj_7,0.8550130000000001,0.85,0.005013000000000156,ok
44349,1,0.95,inj_7,0.952327,0.95,0.002327000000000079,ok
44349,2,0.65,inj_2,0.65054,0.65,0.0005399999999999849,ok
44349,2,0.75,inj_2,0.749256,0.75,0.0007439999999999669,ok
44349,2,0.85,inj_2,0.8477250000000001,0.85,0.002274999999999916,ok
44349,2,0.95,inj_2,0.9466990000000001,0.95,0.0033009999999998874,ok
44350,0,0.65,inj_7,0.650407,0.65,0.0004069999999999352,ok
44350,0,0.75,inj_7,0.7483449999999999,0.75,0.001655000000000073,ok
44350,0,0.85,inj_7,0.847104,0.85,0.0028960000000000097,ok
44350,0,0.95,inj_7,0.947234,0.95,0.002765999999999935,ok
44350,1,0.65,inj_1,0.65523,0.65,0.005229999999999957,ok
44350,1,0.75,inj_1,0.752071,0.75,0.002071000000000045,ok
44350,1,0.85,inj_1,0.849687,0.85,0.0003130000000000077,ok
44350,1,0.95,inj_1,0.948831,0.95,0.0011689999999999756,ok
44350,2,0.65,inj_3,0.669854,0.65,0.019853999999999927,ok
44350,2,0.75,inj_3,0.766854,0.75,0.016854000000000036,ok
44350,2,0.85,inj_3,0.8615079999999999,0.85,0.011507999999999963,ok
44350,2,0.95,inj_3,0.954539,0.95,0.004539000000000071,ok
44351,0,0.65,inj_2,0.64466,0.65,0.005340000000000011,ok
44351,0,0.75,inj_2,0.745838,0.75,0.004161999999999999,ok
44351,0,0.85,inj_2,0.8467529999999999,0.85,0.003247000000000111,ok
44351,0,0.95,inj_2,0.947728,0.95,0.0022719999999999407,ok
44351,1,0.65,inj_4,0.657942,0.65,0.007942000000000005,ok
44351,1,0.75,inj_4,0.756011,0.75,0.006010999999999989,ok
44351,1,0.85,inj_4,0.8537459999999999,0.85,0.003745999999999916,ok
44351,1,0.95,inj_4,0.951721,0.95,0.0017210000000000836,ok
44351,2,0.65,inj_4,0.6653950000000001,0.65,0.015395000000000048,ok
44351,2,0.75,inj_4,0.764786,0.75,0.014785999999999966,ok
44351,2,0.85,inj_4,0.861751,0.85,0.011751000000000067,ok
44351,2,0.95,inj_4,0.9564039999999999,0.95,0.006403999999999965,ok
44352,0,0.65,inj_4,0.655721,0.65,0.005720999999999976,ok
44352,0,0.75,inj_4,0.753134,0.75,0.00313399999999997,ok
44352,0,0.85,inj_4,0.850196,0.85,0.00019599999999997397,ok
44352,0,0.95,inj_4,0.949025,0.95,0.0009749999999999481,ok
44352,1,0.65,inj_8,0.613059,0.65,0.036941,ok
44352,1,0.75,inj_8,0.717947,0.75,0.032053,ok
44352,1,0.85,inj_8,0.825629,0.85,0.02437100000000003,ok
44352,1,0.95,inj_8,0.938753,0.95,0.011247000000000007,ok
44352,2,0.65,inj_4,0.645054,0.65,0.004946000000000006,ok
44352,2,0.75,inj_4,0.745802,0.75,0.004198000000000035,ok
44352,2,0.85,inj_4,0.847642,0.85,0.0023579999999999712,ok
44352,2,0.95,inj_4,0.949764,0.95,0.00023599999999990295,ok
44367,0,0.65,inj_4,0.649491,0.65,0.0005089999999999817,ok
44367,0,0.75,inj_4,0.749238,0.75,0.0007620000000000404,ok
44367,0,0.85,inj_4,0.8488299999999999,0.85,0.0011700000000001154,ok
44367,0,0.95,inj_4,0.949927,0.95,7.299999999998974e-05,ok
44367,1,0.65,inj_5,0.6666719999999999,0.65,0.01667199999999991,ok
44367,1,0.75,inj_5,0.7623280000000001,0.75,0.012328000000000117,ok
44367,1,0.85,inj_5,0.855655,0.85,0.005655000000000077,ok
44367,1,0.95,inj_5,0.9496190000000001,0.95,0.0003809999999998537,ok
44367,2,0.65,inj_8,0.661115,0.65,0.011114999999999986,ok
44367,2,0.75,inj_8,0.760038,0.75,0.010037999999999991,ok
44367,2,0.85,inj_8,0.858658,0.85,0.008658000000000055,ok
44367,2,0.95,inj_8,0.954698,0.95,0.004698000000000091,ok
44368,0,0.65,inj_3,0.6589989999999999,0.65,0.008998999999999868,ok
44368,0,0.75,inj_3,0.7611169999999999,0.75,0.011116999999999932,ok
44368,0,0.85,inj_3,0.860947,0.85,0.01094700000000004,ok
44368,0,0.95,inj_3,0.9562849999999999,0.95,0.006284999999999985,ok
44368,1,0.65,inj_6,0.6601389999999999,0.65,0.010138999999999898,ok
44368,1,0.75,inj_6,0.7593409999999999,0.75,0.009340999999999933,ok
44368,1,0.85,inj_6,0.857399,0.85,0.007399000000000044,ok
44368,1,0.95,inj_6,0.9536129999999999,0.95,0.0036129999999999773,ok
44368,2,0.65,inj_2,0.6706110000000001,0.65,0.020611000000000046,ok
44368,2,0.75,inj_2,0.7713859999999999,0.75,0.021385999999999905,ok
44368,2,0.85,inj_2,0.868184,0.85,0.018183999999999978,ok
44368,2,0.95,inj_2,0.959422,0.95,0.009422000000000041,ok
44369,0,0.65,inj_2,0.665905,0.65,0.015904999999999947,ok
44369,0,0.75,inj_2,0.7657109999999999,0.75,0.01571099999999992,ok
44369,0,0.85,inj_2,0.8638269999999999,0.85,0.013826999999999923,ok
44369,0,0.95,inj_2,0.9582040000000001,0.95,0.0082040000000001,ok
44369,1,0.65,inj_1,0.618818,0.65,0.031182000000000043,ok
44369,1,0.75,inj_1,0.722365,0.75,0.027634999999999965,ok
44369,1,0.85,inj_1,0.8302039999999999,0.85,0.019796000000000036,ok
44369,1,0.95,inj_1,0.9431309999999999,0.95,0.006869000000000014,ok
44369,2,0.65,inj_1,0.6526629999999999,0.65,0.00266299999999986,ok
44369,2,0.75,inj_1,0.7523270000000001,0.75,0.002327000000000079,ok
44369,2,0.85,inj_1,0.85276,0.85,0.0027599999999999847,ok
44369,2,0.95,inj_1,0.9536279999999999,0.95,0.0036279999999999646,ok
44370,0,0.65,inj_5,0.64516,0.65,0.0048400000000000665,ok
44370,0,0.75,inj_5,0.7459279999999999,0.75,0.0040720000000000756,ok
44370,0,0.85,inj_5,0.846937,0.85,0.003062999999999927,ok
44370,0,0.95,inj_5,0.948724,0.95,0.0012759999999999438,ok
44370,1,0.65,inj_5,0.641783,0.65,0.00821700000000003,ok
44370,1,0.75,inj_5,0.7422759999999999,0.75,0.007724000000000064,ok
44370,1,0.85,inj_5,0.844592,0.85,0.005407999999999968,ok
44370,1,0.95,inj_5,0.947493,0.95,0.002506999999999926,ok
44370,2,0.65,inj_1,0.632887,0.65,0.017113000000000045,ok
44370,2,0.75,inj_1,0.734887,0.75,0.015113000000000043,ok
44370,2,0.85,inj_1,0.8382539999999999,0.85,0.011746000000000034,ok
44370,2,0.95,inj_1,0.943612,0.95,0.006387999999999949,ok
44371,0,0.65,inj_6,0.641919,0.65,0.008081000000000005,ok
44371,0,0.75,inj_6,0.7436180000000001,0.75,0.006381999999999888,ok
44371,0,0.85,inj_6,0.8456170000000001,0.85,0.004382999999999915,ok
44371,0,0.95,inj_6,0.947783,0.95,0.0022169999999999135,ok
44371,1,0.65,inj_1,0.64536,0.65,0.0046399999999999775,ok
44371,1,0.75,inj_1,0.744082,0.75,0.005917999999999979,ok
44371,1,0.85,inj_1,0.84381,0.85,0.006190000000000029,ok
44371,1,0.95,inj_1,0.9464159999999999,0.95,0.0035840000000000316,ok
44371,2,0.65,inj_3,0.639863,0.65,0.010137000000000063,ok
44371,2,0.75,inj_3,0.7377509999999999,0.75,0.012249000000000065,ok
44371,2,0.85,inj_3,0.838202,0.85,0.011797999999999975,ok
44371,2,0.95,inj_3,0.9429099999999999,0.95,0.007090000000000041,ok
44377,0,0.65,inj_8,0.651486,0.65,0.0014859999999999873,ok
44377,0,0.75,inj_8,0.7545910000000001,0.75,0.004591000000000123,ok
44377,0,0.85,inj_8,0.855945,0.85,0.005944999999999978,ok
44377,0,0.95,inj_8,0.9540360000000001,0.95,0.004036000000000151,ok
44377,1,0.65,inj_4,0.637996,0.65,0.012004000000000015,ok
44377,1,0.75,inj_4,0.738249,0.75,0.011750999999999956,ok
44377,1,0.85,inj_4,0.841139,0.85,0.008861000000000008,ok
44377,1,0.95,inj_4,0.947177,0.95,0.002822999999999909,ok
44377,2,0.65,inj_6,0.6467109999999999,0.65,0.0032890000000000974,ok
44377,2,0.75,inj_6,0.751026,0.75,0.0010259999999999714,ok
44377,2,0.85,inj_6,0.854833,0.85,0.004832999999999976,ok
44377,2,0.95,inj_6,0.9550550000000001,0.95,0.005055000000000143,ok
44378,0,0.65,inj_1,0.658685,0.65,0.008684999999999943,ok
44378,0,0.75,inj_1,0.7569739999999999,0.75,0.006973999999999925,ok
44378,0,0.85,inj_1,0.855873,0.85,0.005873000000000017,ok
44378,0,0.95,inj_1,0.953325,0.95,0.0033250000000000224,ok
44378,1,0.65,inj_2,0.6428069999999999,0.65,0.007193000000000116,ok
44378,1,0.75,inj_2,0.7457069999999999,0.75,0.004293000000000102,ok
44378,1,0.85,inj_2,0.849448,0.85,0.0005519999999999969,ok
44378,1,0.95,inj_2,0.9523139999999999,0.95,0.0023139999999999272,ok
44378,2,0.65,inj_6,0.665876,0.65,0.015876,ok
44378,2,0.75,inj_6,0.7631600000000001,0.75,0.01316000000000006,ok
44378,2,0.85,inj_6,0.860263,0.85,0.010263000000000022,ok
44378,2,0.95,inj_6,0.955818,0.95,0.00581799999999999,ok
44379,0,0.65,inj_6,0.649122,0.65,0.0008780000000000454,ok
44379,0,0.75,inj_6,0.749474,0.75,0.0005260000000000264,ok
44379,0,0.85,inj_6,0.8503699999999998,0.85,0.00036999999999987043,ok
44379,0,0.95,inj_6,0.9508080000000001,0.95,0.0008080000000001419,ok
44379,1,0.65,inj_5,0.654485,0.65,0.004484999999999961,ok
44379,1,0.75,inj_5,0.7552580000000001,0.75,0.005258000000000096,ok
44379,1,0.85,inj_5,0.853643,0.85,0.003643000000000063,ok
44379,1,0.95,inj_5,0.950636,0.95,0.0006360000000000809,ok
44379,2,0.65,inj_8,0.6535769999999999,0.65,0.0035769999999998303,ok
44379,2,0.75,inj_8,0.7520560000000001,0.75,0.0020560000000000578,ok
44379,2,0.85,inj_8,0.849234,0.85,0.0007659999999999334,ok
44379,2,0.95,inj_8,0.947448,0.95,0.0025519999999999987,ok
44380,0,0.65,inj_1,0.656625,0.65,0.006624999999999992,ok
44380,0,0.75,inj_1,0.756837,0.75,0.006836999999999982,ok
44380,0,0.85,inj_1,0.856519,0.85,0.0065190000000000525,ok
44380,0,0.95,inj_1,0.9540890000000001,0.95,0.00408900000000012,ok
44380,1,0.65,inj_7,0.660089,0.65,0.010089000000000015,ok
44380,1,0.75,inj_7,0.75727,0.75,0.007269999999999999,ok
44380,1,0.85,inj_7,0.855058,0.85,0.005058000000000007,ok
44380,1,0.95,inj_7,0.95272,0.95,0.0027200000000000557,ok
44380,2,0.65,inj_5,0.6766479999999999,0.65,0.026647999999999894,ok
44380,2,0.75,inj_5,0.771762,0.75,0.021761999999999948,ok
44380,2,0.85,inj_5,0.8644229999999999,0.85,0.014422999999999964,ok
44380,2,0.95,inj_5,0.9545499999999999,0.95,0.004549999999999943,ok
44381,0,0.65,inj_4,0.6524399999999999,0.65,0.0024399999999998867,ok
44381,0,0.75,inj_4,0.752679,0.75,0.002678999999999987,ok
44381,0,0.85,inj_4,0.852287,0.85,0.002287000000000039,ok
44381,0,0.95,inj_4,0.950764,0.95,0.0007640000000000979,ok
44381,1,0.65,inj_3,0.652415,0.65,0.002414999999999945,ok
44381,1,0.75,inj_3,0.75144,0.75,0.0014399999999999968,ok
44381,1,0.85,inj_3,0.850422,0.85,0.00042200000000003346,ok
44381,1,0.95,inj_3,0.9497470000000001,0.95,0.0002529999999998367,ok
44381,2,0.65,inj_3,0.658458,0.65,0.008457999999999966,ok
44381,2,0.75,inj_3,0.758463,0.75,0.008462999999999998,ok
44381,2,0.85,inj_3,0.857994,0.85,0.007994000000000057,ok
44381,2,0.95,inj_3,0.955443,0.95,0.005443000000000087,ok
44397,0,0.65,inj_4,0.637314,0.65,0.012685999999999975,ok
44397,0,0.75,inj_4,0.7384759999999999,0.75,0.01152400000000009,ok
44397,0,0.85,inj_4,0.84074,0.85,0.009259999999999935,ok
44397,0,0.95,inj_4,0.9467469999999999,0.95,0.0032530000000000614,ok
44397,1,0.65,inj_3,0.64334,0.65,0.006659999999999999,ok
44397,1,0.75,inj_3,0.743287,0.75,0.006712999999999969,ok
44397,1,0.85,inj_3,0.8442780000000001,0.85,0.005721999999999894,ok
44397,1,0.95,inj_3,0.946346,0.95,0.003653999999999935,ok
44397,2,0.65,inj_7,0.659148,0.65,0.009147999999999934,ok
44397,2,0.75,inj_7,0.759014,0.75,0.009013999999999966,ok
44397,2,0.85,inj_7,0.8578749999999999,0.85,0.007874999999999965,ok
44397,2,0.95,inj_7,0.9541029999999999,0.95,0.004102999999999968,ok
44398,0,0.65,inj_5,0.632361,0.65,0.01763900000000007,ok
44398,0,0.75,inj_5,0.7352829999999999,0.75,0.014717000000000091,ok
44398,0,0.85,inj_5,0.840152,0.85,0.009847999999999968,ok
44398,0,0.95,inj_5,0.9469789999999999,0.95,0.0030210000000000514,ok
44398,1,0.65,inj_5,0.668335,0.65,0.01833499999999999,ok
44398,1,0.75,inj_5,0.767542,0.75,0.017541999999999947,ok
44398,1,0.85,inj_5,0.864349,0.85,0.014349000000000056,ok
44398,1,0.95,inj_5,0.95722,0.95,0.007220000000000004,ok
44398,2,0.65,inj_8,0.6644110000000001,0.65,0.014411000000000063,ok
44398,2,0.75,inj_8,0.764331,0.75,0.014330999999999983,ok
44398,2,0.85,inj_8,0.8620689999999999,0.85,0.012068999999999885,ok
44398,2,0.95,inj_8,0.956607,0.95,0.0066070000000000295,ok
44399,0,0.65,inj_1,0.6678580000000001,0.65,0.01785800000000004,ok
44399,0,0.75,inj_1,0.766005,0.75,0.016005000000000047,ok
44399,0,0.85,inj_1,0.8621349999999999,0.85,0.012134999999999896,ok
44399,0,0.95,inj_1,0.9554279999999999,0.95,0.005427999999999988,ok
44399,1,0.65,inj_5,0.635945,0.65,0.01405500000000004,ok
44399,1,0.75,inj_5,0.736599,0.75,0.013400999999999996,ok
44399,1,0.85,inj_5,0.8389260000000001,0.85,0.011073999999999917,ok
44399,1,0.95,inj_5,0.9446829999999999,0.95,0.005317000000000016,ok
44399,2,0.65,inj_6,0.650402,0.65,0.00040200000000001346,ok
44399,2,0.75,inj_6,0.7539819999999999,0.75,0.00398199999999993,ok
44399,2,0.85,inj_6,0.856195,0.85,0.006195000000000062,ok
44399,2,0.95,inj_6,0.9546769999999999,0.95,0.004676999999999931,ok
44400,0,0.65,inj_4,0.667449,0.65,0.017448999999999937,ok
44400,0,0.75,inj_4,0.7653289999999999,0.75,0.015328999999999926,ok
44400,0,0.85,inj_4,0.8615640000000001,0.85,0.01156400000000013,ok
44400,0,0.95,inj_4,0.9548309999999999,0.95,0.004830999999999919,ok
44400,1,0.65,inj_3,0.646863,0.65,0.0031370000000000564,ok
44400,1,0.75,inj_3,0.746632,0.75,0.0033680000000000376,ok
44400,1,0.85,inj_3,0.845544,0.85,0.0044560000000000155,ok
44400,1,0.95,inj_3,0.9457549999999999,0.95,0.004245000000000054,ok
44400,2,0.65,inj_8,0.6463850000000001,0.65,0.003614999999999924,ok
44400,2,0.75,inj_8,0.745055,0.75,0.004944999999999977,ok
44400,2,0.85,inj_8,0.844921,0.85,0.005078999999999945,ok
44400,2,0.95,inj_8,0.9468169999999999,0.95,0.003183000000000047,ok
44401,0,0.65,inj_4,0.6514539999999999,0.65,0.0014539999999998443,ok
44401,0,0.75,inj_4,0.752305,0.75,0.0023050000000000015,ok
44401,0,0.85,inj_4,0.852333,0.85,0.0023330000000000295,ok
44401,0,0.95,inj_4,0.9513849999999999,0.95,0.0013849999999999696,ok
44401,1,0.65,inj_2,0.632177,0.65,0.017823000000000033,ok
44401,1,0.75,inj_2,0.735378,0.75,0.014622000000000024,ok
44401,1,0.85,inj_2,0.8400799999999999,0.85,0.00992000000000004,ok
44401,1,0.95,inj_2,0.947438,0.95,0.002561999999999953,ok
44401,2,0.65,inj_2,0.649635,0.65,0.0003650000000000597,ok
44401,2,0.75,inj_2,0.7502009999999999,0.75,0.0002009999999998957,ok
44401,2,0.85,inj_2,0.850285,0.85,0.0002849999999999797,ok
44401,2,0.95,inj_2,0.9505339999999999,0.95,0.0005339999999999234,ok
44402,0,0.65,inj_4,0.641429,0.65,0.008570999999999995,ok
44402,0,0.75,inj_4,0.7418830000000001,0.75,0.00811699999999993,ok
44402,0,0.85,inj_4,0.843434,0.85,0.006565999999999961,ok
44402,0,0.95,inj_4,0.9465299999999999,0.95,0.003470000000000084,ok
44402,1,0.65,inj_7,0.638423,0.65,0.01157700000000006,ok
44402,1,0.75,inj_7,0.737142,0.75,0.012858000000000036,ok
44402,1,0.85,inj_7,0.8381089999999999,0.85,0.011891000000000096,ok
44402,1,0.95,inj_7,0.9434,0.95,0.006599999999999939,ok
44402,2,0.65,inj_7,0.642729,0.65,0.0072710000000000274,ok
44402,2,0.75,inj_7,0.7423609999999999,0.75,0.007639000000000062,ok
44402,2,0.85,inj_7,0.843508,0.85,0.006491999999999942,ok
44402,2,0.95,inj_7,0.947003,0.95,0.0029969999999999164,ok
44403,0,0.65,inj_5,0.6519269999999999,0.65,0.001926999999999901,ok
44403,0,0.75,inj_5,0.750016,0.75,1.6000000000016e-05,ok
44403,0,0.85,inj_5,0.848923,0.85,0.0010769999999999946,ok
44403,0,0.95,inj_5,0.949505,0.95,0.0004949999999999122,ok
44403,1,0.65,inj_8,0.615684,0.65,0.03431600000000001,ok
44403,1,0.75,inj_8,0.723938,0.75,0.02606200000000003,ok
44403,1,0.85,inj_8,0.8347619999999999,0.85,0.015238000000000085,ok
44403,1,0.95,inj_8,0.946981,0.95,0.003018999999999994,ok
44403,2,0.65,inj_1,0.65384,0.65,0.0038399999999999546,ok
44403,2,0.75,inj_1,0.756252,0.75,0.006252000000000035,ok
44403,2,0.85,inj_1,0.856794,0.85,0.006793999999999967,ok
44403,2,0.95,inj_1,0.9541620000000001,0.95,0.00416200000000011,ok
44404,0,0.65,inj_1,0.6722319999999999,0.65,0.02223199999999992,ok
44404,0,0.75,inj_1,0.771031,0.75,0.021031000000000022,ok
44404,0,0.85,inj_1,0.8666680000000001,0.85,0.016668000000000127,ok
44404,0,0.95,inj_1,0.959009,0.95,0.009009000000000045,ok
44404,1,0.65,inj_2,0.6539360000000001,0.65,0.003936000000000051,ok
44404,1,0.75,inj_2,0.754049,0.75,0.004048999999999969,ok
44404,1,0.85,inj_2,0.852595,0.85,0.002595000000000014,ok
44404,1,0.95,inj_2,0.949837,0.95,0.00016299999999991321,ok
44404,2,0.65,inj_8,0.656415,0.65,0.0064149999999999485,ok
44404,2,0.75,inj_8,0.758197,0.75,0.00819700000000001,ok
44404,2,0.85,inj_8,0.8584769999999999,0.85,0.008476999999999957,ok
44404,2,0.95,inj_8,0.9560520000000001,0.95,0.006052000000000168,ok
44405,0,0.65,inj_7,0.640458,0.65,0.00954200000000005,ok
44405,0,0.75,inj_7,0.74173,0.75,0.00827,ok
44405,0,0.85,inj_7,0.844446,0.85,0.005553999999999948,ok
44405,0,0.95,inj_7,0.949364,0.95,0.0006359999999999699,ok
44405,1,0.65,inj_1,0.625623,0.65,0.024376999999999982,ok
44405,1,0.75,inj_1,0.7299339999999999,0.75,0.02006600000000014,ok
44405,1,0.85,inj_1,0.836202,0.85,0.013797999999999977,ok
44405,1,0.95,inj_1,0.945777,0.95,0.004222999999999977,ok
44405,2,0.65,inj_6,0.631591,0.65,0.01840900000000001,ok
44405,2,0.75,inj_6,0.7326690000000001,0.75,0.017330999999999874,ok
44405,2,0.85,inj_6,0.83612,0.85,0.013880000000000003,ok
44405,2,0.95,inj_6,0.94469,0.95,0.005309999999999926,ok
44406,0,0.65,inj_3,0.656768,0.65,0.006767999999999996,ok
44406,0,0.75,inj_3,0.7581899999999999,0.75,0.00818999999999992,ok
44406,0,0.85,inj_3,0.8571599999999999,0.85,0.007159999999999944,ok
44406,0,0.95,inj_3,0.952563,0.95,0.002563000000000093,ok
44406,1,0.65,inj_1,0.6529309999999999,0.65,0.002930999999999906,ok
44406,1,0.75,inj_1,0.754219,0.75,0.004218999999999973,ok
44406,1,0.85,inj_1,0.8552690000000001,0.85,0.005269000000000079,ok
44406,1,0.95,inj_1,0.955462,0.95,0.005462000000000078,ok
44406,2,0.65,inj_3,0.659638,0.65,0.009637999999999924,ok
44406,2,0.75,inj_3,0.7590189999999999,0.75,0.009018999999999888,ok
44406,2,0.85,inj_3,0.8561900000000001,0.85,0.00619000000000014,ok
44406,2,0.95,inj_3,0.9522769999999999,0.95,0.0022769999999999735,ok
44407,0,0.65,inj_4,0.647802,0.65,0.0021980000000000333,ok
44407,0,0.75,inj_4,0.7471639999999999,0.75,0.0028360000000000607,ok
44407,0,0.85,inj_4,0.8464780000000001,0.85,0.003521999999999914,ok
44407,0,0.95,inj_4,0.94682,0.95,0.0031799999999999606,ok
44407,1,0.65,inj_4,0.647086,0.65,0.002913999999999972,ok
44407,1,0.75,inj_4,0.746455,0.75,0.0035450000000000204,ok
44407,1,0.85,inj_4,0.846905,0.85,0.003094999999999959,ok
44407,1,0.95,inj_4,0.9487450000000001,0.95,0.001254999999999895,ok
44407,2,0.65,inj_1,0.6548350000000001,0.65,0.004835000000000034,ok
44407,2,0.75,inj_1,0.753657,0.75,0.0036570000000000213,ok
44407,2,0.85,inj_1,0.852341,0.85,0.0023410000000000375,ok
44407,2,0.95,inj_1,0.950067,0.95,6.700000000003925e-05,ok
44408,0,0.65,inj_2,0.6426289999999999,0.65,0.0073710000000001275,ok
44408,0,0.75,inj_2,0.7447980000000001,0.75,0.005201999999999929,ok
44408,0,0.85,inj_2,0.8475060000000001,0.85,0.002493999999999885,ok
44408,0,0.95,inj_2,0.949097,0.95,0.0009029999999999871,ok
44408,1,0.65,inj_7,0.641218,0.65,0.008782000000000068,ok
44408,1,0.75,inj_7,0.7418680000000001,0.75,0.008131999999999917,ok
44408,1,0.85,inj_7,0.843413,0.85,0.0065870000000000095,ok
44408,1,0.95,inj_7,0.9478689999999999,0.95,0.002131000000000105,ok
44408,2,0.65,inj_4,0.651081,0.65,0.0010809999999999986,ok
44408,2,0.75,inj_4,0.749046,0.75,0.0009540000000000104,ok
44408,2,0.85,inj_4,0.8483080000000001,0.85,0.0016919999999999158,ok
44408,2,0.95,inj_4,0.949606,0.95,0.00039400000000000546,ok
44409,0,0.65,inj_3,0.645511,0.65,0.004489000000000076,ok
44409,0,0.75,inj_3,0.7450919999999999,0.75,0.0049080000000001345,ok
44409,0,0.85,inj_3,0.844349,0.85,0.005650999999999962,ok
44409,0,0.95,inj_3,0.944281,0.95,0.005718999999999919,ok
44409,1,0.65,inj_5,0.671244,0.65,0.02124399999999993,ok
44409,1,0.75,inj_5,0.7685330000000001,0.75,0.018533000000000133,ok
44409,1,0.85,inj_5,0.863386,0.85,0.013386000000000009,ok
44409,1,0.95,inj_5,0.95485,0.95,0.004850000000000021,ok
44409,2,0.65,inj_8,0.651093,0.65,0.0010930000000000106,ok
44409,2,0.75,inj_8,0.7509789999999998,0.75,0.0009789999999998411,ok
44409,2,0.85,inj_8,0.850034,0.85,3.399999999997849e-05,ok
44409,2,0.95,inj_8,0.9495480000000001,0.95,0.00045199999999989693,ok
44410,0,0.65,inj_1,0.6537719999999999,0.65,0.0037719999999998866,ok
44410,0,0.75,inj_1,0.7505090000000001,0.75,0.0005090000000000927,ok
44410,0,0.85,inj_1,0.8484470000000002,0.85,0.0015529999999998045,ok
44410,0,0.95,inj_1,0.9478470000000001,0.95,0.0021529999999998495,ok
44410,1,0.65,inj_3,0.669681,0.65,0.01968099999999995,ok
44410,1,0.75,inj_3,0.765645,0.75,0.01564500000000002,ok
44410,1,0.85,inj_3,0.861647,0.85,0.011647000000000074,ok
44410,1,0.95,inj_3,0.9553020000000001,0.95,0.00530200000000014,ok
44410,2,0.65,inj_5,0.6495470000000001,0.65,0.0004529999999999257,ok
44410,2,0.75,inj_5,0.7497720000000001,0.75,0.00022799999999989495,ok
44410,2,0.85,inj_5,0.849685,0.85,0.0003149999999999542,ok
44410,2,0.95,inj_5,0.948846,0.95,0.0011539999999999884,ok
44411,0,0.65,inj_7,0.6685559999999999,0.65,0.018555999999999906,ok
44411,0,0.75,inj_7,0.7649140000000001,0.75,0.014914000000000094,ok
44411,0,0.85,inj_7,0.8586360000000001,0.85,0.008636000000000088,ok
44411,0,0.95,inj_7,0.9512599999999999,0.95,0.0012599999999999278,ok
44411,1,0.65,inj_3,0.6625039999999999,0.65,0.012503999999999849,ok
44411,1,0.75,inj_3,0.7573559999999999,0.75,0.007355999999999918,ok
44411,1,0.85,inj_3,0.852238,0.85,0.0022380000000000733,ok
44411,1,0.95,inj_3,0.947485,0.95,0.002514999999999934,ok
44411,2,0.65,inj_6,0.6626259999999999,0.65,0.012625999999999915,ok
44411,2,0.75,inj_6,0.762993,0.75,0.012993000000000032,ok
44411,2,0.85,inj_6,0.8613519999999999,0.85,0.011351999999999918,ok
44411,2,0.95,inj_6,0.9556049999999999,0.95,0.005604999999999971,ok
44417,0,0.65,inj_8,0.6637009999999999,0.65,0.013700999999999852,ok
44417,0,0.75,inj_8,0.763752,0.75,0.013751999999999986,ok
44417,0,0.85,inj_8,0.862244,0.85,0.012244000000000033,ok
44417,0,0.95,inj_8,0.957111,0.95,0.0071110000000000895,ok
44417,1,0.65,inj_7,0.656653,0.65,0.00665300000000002,ok
44417,1,0.75,inj_7,0.755205,0.75,0.005205000000000015,ok
44417,1,0.85,inj_7,0.854337,0.85,0.004337000000000035,ok
44417,1,0.95,inj_7,0.953662,0.95,0.003662000000000054,ok
44417,2,0.65,inj_5,0.654129,0.65,0.004128999999999938,ok
44417,2,0.75,inj_5,0.7508170000000001,0.75,0.0008170000000000677,ok
44417,2,0.85,inj_5,0.8476209999999998,0.85,0.002379000000000131,ok
44417,2,0.95,inj_5,0.946586,0.95,0.003413999999999917,ok
44418,0,0.65,inj_4,0.635431,0.65,0.014569000000000054,ok
44418,0,0.75,inj_4,0.737657,0.75,0.012342999999999993,ok
44418,0,0.85,inj_4,0.840817,0.85,0.009182999999999941,ok
44418,0,0.95,inj_4,0.9468240000000001,0.95,0.0031759999999998456,ok
44418,1,0.65,inj_3,0.669642,0.65,0.019641999999999937,ok
44418,1,0.75,inj_3,0.7637149999999999,0.75,0.013714999999999922,ok
44418,1,0.85,inj_3,0.8566509999999999,0.85,0.0066509999999999625,ok
44418,1,0.95,inj_3,0.9493879999999999,0.95,0.0006120000000000569,ok
44418,2,0.65,inj_5,0.644599,0.65,0.005400999999999989,ok
44418,2,0.75,inj_5,0.7413529999999999,0.75,0.008647000000000071,ok
44418,2,0.85,inj_5,0.839626,0.85,0.010373999999999994,ok
44418,2,0.95,inj_5,0.942227,0.95,0.007772999999999919,ok
44419,0,0.65,inj_2,0.6661969999999999,0.65,0.016196999999999906,ok
44419,0,0.75,inj_2,0.7631820000000001,0.75,0.013182000000000138,ok
44419,0,0.85,inj_2,0.8574390000000001,0.85,0.0074390000000000844,ok
44419,0,0.95,inj_2,0.9501189999999998,0.95,0.00011899999999986921,ok
44419,1,0.65,inj_2,0.6656749999999999,0.65,0.015674999999999883,ok
44419,1,0.75,inj_2,0.76573,0.75,0.015730000000000022,ok
44419,1,0.85,inj_2,0.864447,0.85,0.014446999999999988,ok
44419,1,0.95,inj_2,0.9592179999999999,0.95,0.009217999999999948,ok
44419,2,0.65,inj_1,0.616162,0.65,0.033838000000000035,ok
44419,2,0.75,inj_1,0.718613,0.75,0.031387000000000054,ok
44419,2,0.85,inj_1,0.825634,0.85,0.024366,ok
44419,2,0.95,inj_1,0.939207,0.95,0.010792999999999942,ok
44420,0,0.65,inj_7,0.660115,0.65,0.010114999999999985,ok
44420,0,0.75,inj_7,0.757984,0.75,0.007983999999999991,ok
44420,0,0.85,inj_7,0.854679,0.85,0.004678999999999989,ok
44420,0,0.95,inj_7,0.951465,0.95,0.0014650000000000496,ok
44420,1,0.65,inj_1,0.647632,0.65,0.0023680000000000367,ok
44420,1,0.75,inj_1,0.7468819999999999,0.75,0.003118000000000065,ok
44420,1,0.85,inj_1,0.847297,0.85,0.002703000000000011,ok
44420,1,0.95,inj_1,0.947677,0.95,0.002322999999999964,ok
44420,2,0.65,inj_2,0.670534,0.65,0.02053399999999994,ok
44420,2,0.75,inj_2,0.770316,0.75,0.020316,ok
44420,2,0.85,inj_2,0.8669559999999998,0.85,0.01695599999999986,ok
44420,2,0.95,inj_2,0.9578340000000001,0.95,0.007834000000000119,ok
44421,0,0.65,inj_1,0.6429819999999999,0.65,0.00701800000000008,ok
44421,0,0.75,inj_1,0.747278,0.75,0.002722000000000002,ok
44421,0,0.85,inj_1,0.8506149999999999,0.85,0.0006149999999999212,ok
44421,0,0.95,inj_1,0.952313,0.95,0.0023130000000000095,ok
44421,1,0.65,inj_1,0.6635259999999998,0.65,0.013525999999999816,ok
44421,1,0.75,inj_1,0.764011,0.75,0.014010999999999996,ok
44421,1,0.85,inj_1,0.8627739999999999,0.85,0.012773999999999952,ok
44421,1,0.95,inj_1,0.95746,0.95,0.007460000000000022,ok
44421,2,0.65,inj_5,0.668029,0.65,0.01802899999999996,ok
44421,2,0.75,inj_5,0.765723,0.75,0.015723000000000042,ok
44421,2,0.85,inj_5,0.862596,0.85,0.012596000000000052,ok
44421,2,0.95,inj_5,0.9577539999999999,0.95,0.007753999999999928,ok
44428,0,0.65,inj_7,0.6505759999999999,0.65,0.0005759999999999099,ok
44428,0,0.75,inj_7,0.747298,0.75,0.002701999999999982,ok
44428,0,0.85,inj_7,0.845801,0.85,0.004198999999999953,ok
44428,0,0.95,inj_7,0.947467,0.95,0.0025330000000000075,ok
44428,1,0.65,inj_4,0.6608229999999999,0.65,0.010822999999999916,ok
44428,1,0.75,inj_4,0.760629,0.75,0.010629,ok
44428,1,0.85,inj_4,0.859187,0.85,0.009187000000000056,ok
44428,1,0.95,inj_4,0.9545170000000001,0.95,0.004517000000000104,ok
44428,2,0.65,inj_2,0.65489,0.65,0.00488999999999995,ok
44428,2,0.75,inj_2,0.755132,0.75,0.005132000000000025,ok
44428,2,0.85,inj_2,0.854427,0.85,0.00442700000000007,ok
44428,2,0.95,inj_2,0.9524149999999999,0.95,0.002414999999999945,ok
44429,0,0.65,inj_6,0.654145,0.65,0.004144999999999954,ok
44429,0,0.75,inj_6,0.75431,0.75,0.004310000000000036,ok
44429,0,0.85,inj_6,0.8524559999999999,0.85,0.0024559999999999027,ok
44429,0,0.95,inj_6,0.9487270000000001,0.95,0.0012729999999998576,ok
44429,1,0.65,inj_4,0.682717,0.65,0.032716999999999996,ok
44429,1,0.75,inj_4,0.7801279999999999,0.75,0.030127999999999933,ok
44429,1,0.85,inj_4,0.873911,0.85,0.023911000000000016,ok
44429,1,0.95,inj_4,0.961325,0.95,0.01132500000000003,ok
44429,2,0.65,inj_8,0.6730480000000001,0.65,0.02304800000000007,ok
44429,2,0.75,inj_8,0.7708520000000001,0.75,0.020852000000000093,ok
44429,2,0.85,inj_8,0.865979,0.85,0.015979000000000076,ok
44429,2,0.95,inj_8,0.9578569999999998,0.95,0.007856999999999892,ok
44430,0,0.65,inj_6,0.656415,0.65,0.0064149999999999485,ok
44430,0,0.75,inj_6,0.75681,0.75,0.006809999999999983,ok
44430,0,0.85,inj_6,0.856093,0.85,0.006093000000000015,ok
44430,0,0.95,inj_6,0.954912,0.95,0.0049120000000000275,ok
44430,1,0.65,inj_1,0.665802,0.65,0.015801999999999983,ok
44430,1,0.75,inj_1,0.765218,0.75,0.015217999999999954,ok
44430,1,0.85,inj_1,0.8634219999999999,0.85,0.013421999999999934,ok
44430,1,0.95,inj_1,0.958323,0.95,0.00832300000000008,ok
44430,2,0.65,inj_7,0.6615129999999999,0.65,0.011512999999999884,ok
44430,2,0.75,inj_7,0.7607769999999999,0.75,0.010776999999999926,ok
44430,2,0.85,inj_7,0.857439,0.85,0.007438999999999973,ok
44430,2,0.95,inj_7,0.9510240000000001,0.95,0.001024000000000136,ok
44431,0,0.65,inj_3,0.648705,0.65,0.0012950000000000461,ok
44431,0,0.75,inj_3,0.7490979999999999,0.75,0.0009020000000000694,ok
44431,0,0.85,inj_3,0.8483259999999999,0.85,0.0016740000000000643,ok
44431,0,0.95,inj_3,0.9473340000000001,0.95,0.002665999999999835,ok
44431,1,0.65,inj_3,0.628726,0.65,0.021274000000000015,ok
44431,1,0.75,inj_3,0.73102,0.75,0.018979999999999997,ok
44431,1,0.85,inj_3,0.8362379999999999,0.85,0.013762000000000052,ok
44431,1,0.95,inj_3,0.944041,0.95,0.005958999999999937,ok
44431,2,0.65,inj_3,0.6385489999999999,0.65,0.0114510000000001,ok
44431,2,0.75,inj_3,0.7374620000000001,0.75,0.012537999999999938,ok
44431,2,0.85,inj_3,0.837968,0.85,0.012031999999999932,ok
44431,2,0.95,inj_3,0.942255,0.95,0.007745000000000002,ok
44432,0,0.65,inj_8,0.647637,0.65,0.002363000000000004,ok
44432,0,0.75,inj_8,0.7482630000000001,0.75,0.0017369999999998775,ok
44432,0,0.85,inj_8,0.8481859999999999,0.85,0.0018140000000000933,ok
44432,0,0.95,inj_8,0.9484270000000001,0.95,0.0015729999999998245,ok
44432,1,0.65,inj_8,0.6495790000000001,0.65,0.0004209999999998937,ok
44432,1,0.75,inj_8,0.752601,0.75,0.0026009999999999645,ok
44432,1,0.85,inj_8,0.854346,0.85,0.004346000000000072,ok
44432,1,0.95,inj_8,0.9536979999999999,0.95,0.003697999999999979,ok
44432,2,0.65,inj_4,0.644625,0.65,0.005375000000000019,ok
44432,2,0.75,inj_4,0.74677,0.75,0.003229999999999955,ok
44432,2,0.85,inj_4,0.848778,0.85,0.0012219999999999454,ok
44432,2,0.95,inj_4,0.9507279999999999,0.95,0.0007279999999999509,ok
44439,0,0.65,inj_6,0.645397,0.65,0.004603000000000024,ok
44439,0,0.75,inj_6,0.7435440000000001,0.75,0.006455999999999906,ok
44439,0,0.85,inj_6,0.843809,0.85,0.0061909999999999465,ok
44439,0,0.95,inj_6,0.9469879999999999,0.95,0.0030120000000000147,ok
44439,1,0.65,inj_4,0.6542599999999998,0.65,0.0042599999999998195,ok
44439,1,0.75,inj_4,0.7558480000000001,0.75,0.005848000000000075,ok
44439,1,0.85,inj_4,0.856708,0.85,0.006708000000000047,ok
44439,1,0.95,inj_4,0.955317,0.95,0.005317000000000016,ok
44439,2,0.65,inj_8,0.656977,0.65,0.006977000000000011,ok
44439,2,0.75,inj_8,0.758465,0.75,0.008464999999999945,ok
44439,2,0.85,inj_8,0.859667,0.85,0.009666999999999981,ok
44439,2,0.95,inj_8,0.957253,0.95,0.007253000000000065,ok
44446,0,0.65,inj_2,0.6477390000000001,0.65,0.0022609999999999575,ok
44446,0,0.75,inj_2,0.7459140000000001,0.75,0.004085999999999923,ok
44446,0,0.85,inj_2,0.8442100000000001,0.85,0.005789999999999851,ok
44446,0,0.95,inj_2,0.9448150000000001,0.95,0.005184999999999884,ok
44446,1,0.65,inj_8,0.681653,0.65,0.03165299999999993,ok
44446,1,0.75,inj_8,0.779849,0.75,0.029849000000000014,ok
44446,1,0.85,inj_8,0.8735160000000002,0.85,0.023516000000000203,ok
44446,1,0.95,inj_8,0.9614860000000001,0.95,0.011486000000000107,ok
44446,2,0.65,inj_5,0.647246,0.65,0.002754000000000034,ok
44446,2,0.75,inj_5,0.745785,0.75,0.004214999999999969,ok
44446,2,0.85,inj_5,0.845829,0.85,0.004170999999999925,ok
44446,2,0.95,inj_5,0.9467820000000001,0.95,0.003217999999999832,ok
44447,0,0.65,inj_6,0.632391,0.65,0.017608999999999986,ok
44447,0,0.75,inj_6,0.731909,0.75,0.018090999999999968,ok
44447,0,0.85,inj_6,0.834686,0.85,0.015313999999999939,ok
44447,0,0.95,inj_6,0.942007,0.95,0.007992999999999917,ok
44447,1,0.65,inj_4,0.6523680000000001,0.65,0.0023680000000000367,ok
44447,1,0.75,inj_4,0.748224,0.75,0.0017759999999999998,ok
44447,1,0.85,inj_4,0.8453229999999998,0.85,0.004677000000000153,ok
44447,1,0.95,inj_4,0.945527,0.95,0.004472999999999949,ok
44447,2,0.65,inj_5,0.6573429999999999,0.65,0.007342999999999877,ok
44447,2,0.75,inj_5,0.7537330000000001,0.75,0.0037330000000000974,ok
44447,2,0.85,inj_5,0.8514919999999999,0.85,0.0014919999999999378,ok
44447,2,0.95,inj_5,0.9502260000000001,0.95,0.0002260000000001705,ok
44448,0,0.65,inj_7,0.64422,0.65,0.005780000000000007,ok
44448,0,0.75,inj_7,0.7482660000000001,0.75,0.0017339999999999023,ok
44448,0,0.85,inj_7,0.851783,0.85,0.001782999999999979,ok
44448,0,0.95,inj_7,0.9532189999999999,0.95,0.003218999999999972,ok
44448,1,0.65,inj_8,0.6676880000000001,0.65,0.017688000000000037,ok
44448,1,0.75,inj_8,0.7666999999999999,0.75,0.016699999999999937,ok
44448,1,0.85,inj_8,0.862844,0.85,0.012844000000000078,ok
44448,1,0.95,inj_8,0.9557970000000001,0.95,0.005797000000000163,ok
44448,2,0.65,inj_3,0.6400079999999999,0.65,0.009992000000000112,ok
44448,2,0.75,inj_3,0.743756,0.75,0.006244000000000027,ok
44448,2,0.85,inj_3,0.8484430000000001,0.85,0.0015569999999999196,ok
44448,2,0.95,inj_3,0.951766,0.95,0.0017660000000000453,ok
44449,0,0.65,inj_2,0.6623640000000001,0.65,0.012364000000000042,ok
44449,0,0.75,inj_2,0.763098,0.75,0.013098000000000054,ok
44449,0,0.85,inj_2,0.860965,0.85,0.010965000000000003,ok
44449,0,0.95,inj_2,0.9547619999999999,0.95,0.004761999999999933,ok
44449,1,0.65,inj_1,0.635791,0.65,0.014209000000000027,ok
44449,1,0.75,inj_1,0.7373500000000001,0.75,0.012649999999999939,ok
44449,1,0.85,inj_1,0.84081,0.85,0.009190000000000031,ok
44449,1,0.95,inj_1,0.9462719999999999,0.95,0.0037280000000000646,ok
44449,2,0.65,inj_8,0.651171,0.65,0.0011710000000000331,ok
44449,2,0.75,inj_8,0.7491699999999999,0.75,0.0008300000000001084,ok
44449,2,0.85,inj_8,0.847442,0.85,0.002557999999999949,ok
44449,2,0.95,inj_8,0.9483180000000001,0.95,0.0016819999999998503,ok
44450,0,0.65,inj_8,0.662236,0.65,0.012236000000000025,ok
44450,0,0.75,inj_8,0.758051,0.75,0.00805100000000003,ok
44450,0,0.85,inj_8,0.8540859999999999,0.85,0.004085999999999923,ok
44450,0,0.95,inj_8,0.950193,0.95,0.00019299999999999873,ok
44450,1,0.65,inj_3,0.650381,0.65,0.0003809999999999647,ok
44450,1,0.75,inj_3,0.7493669999999999,0.75,0.0006330000000001057,ok
44450,1,0.85,inj_3,0.848812,0.85,0.0011879999999999669,ok
44450,1,0.95,inj_3,0.949103,0.95,0.0008969999999999256,ok
44450,2,0.65,inj_1,0.666447,0.65,0.01644699999999999,ok
44450,2,0.75,inj_1,0.7649889999999999,0.75,0.014988999999999919,ok
44450,2,0.85,inj_1,0.8619749999999999,0.85,0.011974999999999958,ok
44450,2,0.95,inj_1,0.956173,0.95,0.006173000000000095,ok
44451,0,0.65,inj_5,0.65625,0.65,0.006249999999999978,ok
44451,0,0.75,inj_5,0.753381,0.75,0.0033809999999999674,ok
44451,0,0.85,inj_5,0.8501129999999999,0.85,0.00011299999999991872,ok
44451,0,0.95,inj_5,0.947834,0.95,0.0021660000000000013,ok
44451,1,0.65,inj_8,0.665647,0.65,0.015646999999999966,ok
44451,1,0.75,inj_8,0.7637799999999999,0.75,0.013779999999999903,ok
44451,1,0.85,inj_8,0.859955,0.85,0.009955000000000047,ok
44451,1,0.95,inj_8,0.953597,0.95,0.0035970000000000724,ok
44451,2,0.65,inj_2,0.6454610000000001,0.65,0.00453899999999996,ok
44451,2,0.75,inj_2,0.745894,0.75,0.004106000000000054,ok
44451,2,0.85,inj_2,0.846927,0.85,0.0030729999999999924,ok
44451,2,0.95,inj_2,0.9494500000000001,0.95,0.0005499999999998284,ok
44452,0,0.65,inj_4,0.635081,0.65,0.014919000000000016,ok
44452,0,0.75,inj_4,0.739675,0.75,0.010325000000000029,ok
44452,0,0.85,inj_4,0.8452989999999999,0.85,0.004701000000000066,ok
44452,0,0.95,inj_4,0.9504,0.95,0.00040000000000006697,ok
44452,1,0.65,inj_3,0.675249,0.65,0.025248999999999966,ok
44452,1,0.75,inj_3,0.7715190000000001,0.75,0.021519000000000066,ok
44452,1,0.85,inj_3,0.866463,0.85,0.016463000000000005,ok
44452,1,0.95,inj_3,0.9584400000000001,0.95,0.008440000000000114,ok
44452,2,0.65,inj_5,0.647476,0.65,0.0025239999999999707,ok
44452,2,0.75,inj_5,0.7477119999999999,0.75,0.0022880000000000678,ok
44452,2,0.85,inj_5,0.848938,0.85,0.0010620000000000074,ok
44452,2,0.95,inj_5,0.949967,0.95,3.2999999999949736e-05,ok
44453,0,0.65,inj_4,0.6329560000000001,0.65,0.017043999999999948,ok
44453,0,0.75,inj_4,0.733891,0.75,0.01610900000000004,ok
44453,0,0.85,inj_4,0.8368049999999999,0.85,0.013195000000000068,ok
44453,0,0.95,inj_4,0.9428850000000001,0.95,0.007114999999999871,ok
44453,1,0.65,inj_1,0.678588,0.65,0.028587999999999947,ok
44453,1,0.75,inj_1,0.7749999999999999,0.75,0.02499999999999991,ok
44453,1,0.85,inj_1,0.867841,0.85,0.017840999999999996,ok
44453,1,0.95,inj_1,0.957121,0.95,0.007121000000000044,ok
44453,2,0.65,inj_7,0.6648080000000001,0.65,0.014808000000000043,ok
44453,2,0.75,inj_7,0.762655,0.75,0.012654999999999972,ok
44453,2,0.85,inj_7,0.8587859999999999,0.85,0.00878599999999996,ok
44453,2,0.95,inj_7,0.952447,0.95,0.002447000000000088,ok
44454,0,0.65,inj_2,0.6421330000000001,0.65,0.007866999999999957,ok
44454,0,0.75,inj_2,0.745809,0.75,0.004190999999999945,ok
44454,0,0.85,inj_2,0.850292,0.85,0.00029200000000007,ok
44454,0,0.95,inj_2,0.953949,0.95,0.003949000000000091,ok
44454,1,0.65,inj_2,0.664265,0.65,0.014264999999999972,ok
44454,1,0.75,inj_2,0.764437,0.75,0.014437000000000033,ok
44454,1,0.85,inj_2,0.861668,0.85,0.011668000000000012,ok
44454,1,0.95,inj_2,0.9550069999999999,0.95,0.005006999999999984,ok
44454,2,0.65,inj_5,0.652013,0.65,0.0020129999999999315,ok
44454,2,0.75,inj_5,0.7534190000000001,0.75,0.003419000000000061,ok
44454,2,0.85,inj_5,0.853699,0.85,0.003699000000000008,ok
44454,2,0.95,inj_5,0.9514749999999998,0.95,0.001474999999999893,ok
44455,0,0.65,inj_6,0.682749,0.65,0.03274900000000003,ok
44455,0,0.75,inj_6,0.779412,0.75,0.029411999999999994,ok
44455,0,0.85,inj_6,0.8721389999999999,0.85,0.02213899999999991,ok
44455,0,0.95,inj_6,0.960429,0.95,0.010429000000000022,ok
44455,1,0.65,inj_7,0.6717279999999999,0.65,0.02172799999999986,ok
44455,1,0.75,inj_7,0.768306,0.75,0.018306000000000044,ok
44455,1,0.85,inj_7,0.863913,0.85,0.013913000000000064,ok
44455,1,0.95,inj_7,0.957174,0.95,0.007174000000000014,ok
44455,2,0.65,inj_6,0.630341,0.65,0.019658999999999982,ok
44455,2,0.75,inj_6,0.7314579999999999,0.75,0.01854200000000006,ok
44455,2,0.85,inj_6,0.8344740000000002,0.85,0.015525999999999818,ok
44455,2,0.95,inj_6,0.940808,0.95,0.009191999999999978,ok
44456,0,0.65,inj_7,0.642805,0.65,0.0071950000000000625,ok
44456,0,0.75,inj_7,0.742371,0.75,0.007628999999999997,ok
44456,0,0.85,inj_7,0.84224,0.85,0.007759999999999989,ok
44456,0,0.95,inj_7,0.9445350000000001,0.95,0.005464999999999831,ok
44456,1,0.65,inj_7,0.6493369999999998,0.65,0.0006630000000001912,ok
44456,1,0.75,inj_7,0.74803,0.75,0.0019700000000000273,ok
44456,1,0.85,inj_7,0.847553,0.85,0.002446999999999977,ok
44456,1,0.95,inj_7,0.948631,0.95,0.0013689999999999536,ok
44456,2,0.65,inj_7,0.652168,0.65,0.0021679999999999477,ok
44456,2,0.75,inj_7,0.7526260000000001,0.75,0.0026260000000001282,ok
44456,2,0.85,inj_7,0.8522560000000001,0.85,0.0022560000000001468,ok
44456,2,0.95,inj_7,0.950626,0.95,0.0006260000000000154,ok
44457,0,0.65,inj_1,0.657598,0.65,0.007597999999999994,ok
44457,0,0.75,inj_1,0.758656,0.75,0.008655999999999997,ok
44457,0,0.85,inj_1,0.8583489999999999,0.85,0.00834899999999994,ok
44457,0,0.95,inj_1,0.955124,0.95,0.005124000000000017,ok
44457,1,0.65,inj_8,0.654576,0.65,0.0045760000000000245,ok
44457,1,0.75,inj_8,0.7561220000000002,0.75,0.006122000000000183,ok
44457,1,0.85,inj_8,0.8558789999999998,0.85,0.0058789999999998566,ok
44457,1,0.95,inj_8,0.952829,0.95,0.0028290000000000814,ok
44457,2,0.65,inj_4,0.6591100000000001,0.65,0.009110000000000062,ok
44457,2,0.75,inj_4,0.758318,0.75,0.008318000000000048,ok
44457,2,0.85,inj_4,0.857243,0.85,0.0072429999999999994,ok
44457,2,0.95,inj_4,0.9543499999999999,0.95,0.004349999999999965,ok
44458,0,0.65,inj_1,0.646378,0.65,0.003622000000000014,ok
44458,0,0.75,inj_1,0.7472380000000001,0.75,0.002761999999999931,ok
44458,0,0.85,inj_1,0.8469840000000001,0.85,0.0030159999999999076,ok
44458,0,0.95,inj_1,0.9479579999999999,0.95,0.0020420000000000993,ok
44458,1,0.65,inj_8,0.666957,0.65,0.016957,ok
44458,1,0.75,inj_8,0.763849,0.75,0.013849,ok
44458,1,0.85,inj_8,0.858676,0.85,0.008676000000000017,ok
44458,1,0.95,inj_8,0.9516690000000001,0.95,0.0016690000000001426,ok
44458,2,0.65,inj_3,0.655342,0.65,0.005341999999999958,ok
44458,2,0.75,inj_3,0.7570859999999999,0.75,0.007085999999999926,ok
44458,2,0.85,inj_3,0.8562270000000001,0.85,0.006227000000000094,ok
44458,2,0.95,inj_3,0.9520789999999999,0.95,0.002078999999999942,ok
44459,0,0.65,inj_4,0.6552469999999999,0.65,0.005246999999999891,ok
44459,0,0.75,inj_4,0.7515679999999999,0.75,0.0015679999999999028,ok
44459,0,0.85,inj_4,0.8480820000000001,0.85,0.0019179999999998643,ok
44459,0,0.95,inj_4,0.94644,0.95,0.0035600000000000076,ok
44459,1,0.65,inj_2,0.6539119999999999,0.65,0.0039119999999999155,ok
44459,1,0.75,inj_2,0.752324,0.75,0.0023239999999999927,ok
44459,1,0.85,inj_2,0.8500770000000001,0.85,7.700000000010476e-05,ok
44459,1,0.95,inj_2,0.947915,0.95,0.0020850000000000035,ok
44459,2,0.65,inj_1,0.637606,0.65,0.012394000000000016,ok
44459,2,0.75,inj_1,0.738432,0.75,0.011568000000000023,ok
44459,2,0.85,inj_1,0.8408239999999999,0.85,0.009176000000000073,ok
44459,2,0.95,inj_1,0.9457639999999999,0.95,0.0042360000000000175,ok
44460,0,0.65,inj_8,0.642399,0.65,0.007600999999999969,ok
44460,0,0.75,inj_8,0.7407520000000001,0.75,0.009247999999999923,ok
44460,0,0.85,inj_8,0.8399859999999999,0.85,0.010014000000000078,ok
44460,0,0.95,inj_8,0.942818,0.95,0.007181999999999911,ok
44460,1,0.65,inj_4,0.634965,0.65,0.01503500000000002,ok
44460,1,0.75,inj_4,0.736371,0.75,0.013629000000000002,ok
44460,1,0.85,inj_4,0.8390270000000001,0.85,0.0109729999999999,ok
44460,1,0.95,inj_4,0.944455,0.95,0.005544999999999911,ok
44460,2,0.65,inj_6,0.654873,0.65,0.004873000000000016,ok
44460,2,0.75,inj_6,0.754758,0.75,0.00475800000000004,ok
44460,2,0.85,inj_6,0.8539419999999999,0.85,0.00394199999999989,ok
44460,2,0.95,inj_6,0.952117,0.95,0.0021170000000000355,ok
44461,0,0.65,inj_3,0.646447,0.65,0.0035530000000000284,ok
44461,0,0.75,inj_3,0.744864,0.75,0.005136000000000029,ok
44461,0,0.85,inj_3,0.844168,0.85,0.005831999999999948,ok
44461,0,0.95,inj_3,0.9464929999999999,0.95,0.003507000000000038,ok
44461,1,0.65,inj_3,0.6502490000000001,0.65,0.00024900000000005473,ok
44461,1,0.75,inj_3,0.75275,0.75,0.00275000000000003,ok
44461,1,0.85,inj_3,0.853515,0.85,0.003515000000000046,ok
44461,1,0.95,inj_3,0.952224,0.95,0.0022240000000000038,ok
44461,2,0.65,inj_3,0.6217860000000001,0.65,0.02821399999999996,ok
44461,2,0.75,inj_3,0.725107,0.75,0.024893000000000054,ok
44461,2,0.85,inj_3,0.8307850000000001,0.85,0.01921499999999987,ok
44461,2,0.95,inj_3,0.939092,0.95,0.010907999999999918,ok
44462,0,0.65,inj_7,0.6395569999999999,0.65,0.010443000000000091,ok
44462,0,0.75,inj_7,0.742882,0.75,0.007117999999999958,ok
44462,0,0.85,inj_7,0.846888,0.85,0.0031120000000000037,ok
44462,0,0.95,inj_7,0.95035,0.95,0.0003500000000000725,ok
44462,1,0.65,inj_4,0.6447689999999999,0.65,0.005231000000000097,ok
44462,1,0.75,inj_4,0.745308,0.75,0.0046920000000000295,ok
44462,1,0.85,inj_4,0.8453670000000001,0.85,0.004632999999999887,ok
44462,1,0.95,inj_4,0.9467,0.95,0.0032999999999999696,ok
44462,2,0.65,inj_7,0.614511,0.65,0.03548899999999999,ok
44462,2,0.75,inj_7,0.7209,0.75,0.029100000000000015,ok
44462,2,0.85,inj_7,0.8300750000000001,0.85,0.01992499999999986,ok
44462,2,0.95,inj_7,0.94276,0.95,0.007239999999999913,ok
44463,0,0.65,inj_4,0.6502140000000001,0.65,0.00021400000000004749,ok
44463,0,0.75,inj_4,0.753464,0.75,0.0034640000000000226,ok
44463,0,0.85,inj_4,0.855726,0.85,0.005726000000000009,ok
44463,0,0.95,inj_4,0.953945,0.95,0.003945000000000087,ok
44463,1,0.65,inj_8,0.6616280000000001,0.65,0.011628000000000083,ok
44463,1,0.75,inj_8,0.760833,0.75,0.010832999999999982,ok
44463,1,0.85,inj_8,0.8580620000000001,0.85,0.008062000000000125,ok
44463,1,0.95,inj_8,0.9536,0.95,0.0036000000000000476,ok
44463,2,0.65,inj_5,0.664132,0.65,0.014131999999999922,ok
44463,2,0.75,inj_5,0.762855,0.75,0.01285499999999995,ok
44463,2,0.85,inj_5,0.859502,0.85,0.00950200000000001,ok
44463,2,0.95,inj_5,0.9539539999999999,0.95,0.003953999999999902,ok
44464,0,0.65,inj_2,0.629601,0.65,0.020399000000000056,ok
44464,0,0.75,inj_2,0.7330549999999999,0.75,0.0169450000000001,ok
44464,0,0.85,inj_2,0.837807,0.85,0.01219300000000001,ok
44464,0,0.95,inj_2,0.944616,0.95,0.005383999999999944,ok
44464,1,0.65,inj_7,0.6518280000000001,0.65,0.0018280000000000518,ok
44464,1,0.75,inj_7,0.752968,0.75,0.0029679999999999707,ok
44464,1,0.85,inj_7,0.8528270000000001,0.85,0.002827000000000135,ok
44464,1,0.95,inj_7,0.9518000000000001,0.95,0.0018000000000001348,ok
44464,2,0.65,inj_2,0.651045,0.65,0.0010449999999999626,ok
44464,2,0.75,inj_2,0.75004,0.75,4.0000000000040004e-05,ok
44464,2,0.85,inj_2,0.8494109999999999,0.85,0.0005890000000000617,ok
44464,2,0.95,inj_2,0.949255,0.95,0.0007449999999999957,ok
44465,0,0.65,inj_4,0.645494,0.65,0.00450600000000001,ok
44465,0,0.75,inj_4,0.74718,0.75,0.0028200000000000447,ok
44465,0,0.85,inj_4,0.8489,0.85,0.0010999999999999899,ok
44465,0,0.95,inj_4,0.95034,0.95,0.00034000000000000696,ok
44465,1,0.65,inj_2,0.652085,0.65,0.0020850000000000035,ok
44465,1,0.75,inj_2,0.749752,0.75,0.000248000000000026,ok
44465,1,0.85,inj_2,0.8479019999999999,0.85,0.0020980000000000443,ok
44465,1,0.95,inj_2,0.9477579999999999,0.95,0.0022420000000000773,ok
44465,2,0.65,inj_1,0.6586730000000001,0.65,0.008673000000000042,ok
44465,2,0.75,inj_1,0.759211,0.75,0.00921099999999997,ok
44465,2,0.85,inj_1,0.859263,0.85,0.009263000000000021,ok
44465,2,0.95,inj_1,0.9558040000000001,0.95,0.005804000000000142,ok
44466,0,0.65,inj_3,0.651548,0.65,0.0015479999999999938,ok
44466,0,0.75,inj_3,0.749241,0.75,0.0007589999999999542,ok
44466,0,0.85,inj_3,0.8463069999999999,0.85,0.0036930000000000573,ok
44466,0,0.95,inj_3,0.945116,0.95,0.0048839999999999995,ok
44466,1,0.65,inj_5,0.6441209999999999,0.65,0.005879000000000079,ok
44466,1,0.75,inj_5,0.7448779999999999,0.75,0.005122000000000071,ok
44466,1,0.85,inj_5,0.845892,0.85,0.0041080000000000005,ok
44466,1,0.95,inj_5,0.9474619999999998,0.95,0.0025380000000001512,ok
44466,2,0.65,inj_5,0.6549860000000001,0.65,0.004986000000000046,ok
44466,2,0.75,inj_5,0.7549999999999999,0.75,0.004999999999999893,ok
44466,2,0.85,inj_5,0.854961,0.85,0.004960999999999993,ok
44466,2,0.95,inj_5,0.953246,0.95,0.003246000000000082,ok
44467,0,0.65,inj_7,0.644001,0.65,0.005998999999999977,ok
44467,0,0.75,inj_7,0.746737,0.75,0.003263000000000016,ok
44467,0,0.85,inj_7,0.849062,0.85,0.0009379999999999944,ok
44467,0,0.95,inj_7,0.9500470000000001,0.95,4.700000000013027e-05,ok
44467,1,0.65,inj_6,0.657842,0.65,0.007842000000000016,ok
44467,1,0.75,inj_6,0.756677,0.75,0.006677000000000044,ok
44467,1,0.85,inj_6,0.8543679999999999,0.85,0.0043679999999999275,ok
44467,1,0.95,inj_6,0.950624,0.95,0.0006240000000000689,ok
44467,2,0.65,inj_1,0.639868,0.65,0.01013200000000003,ok
44467,2,0.75,inj_1,0.7416659999999999,0.75,0.008334000000000064,ok
44467,2,0.85,inj_1,0.8448,0.85,0.005199999999999982,ok
44467,2,0.95,inj_1,0.9490150000000002,0.95,0.0009849999999997916,ok
44498,0,0.65,inj_7,0.6252285714285715,0.65,0.024771428571428555,ok
44498,0,0.75,inj_7,0.7289857142857142,0.75,0.021014285714285763,ok
44498,0,0.85,inj_7,0.8363142857142858,0.85,0.01368571428571419,ok
44498,0,0.95,inj_7,0.9453047619047619,0.95,0.004695238095238086,ok
44498,1,0.65,inj_7,0.6174952380952381,0.65,0.032504761904761925,ok
44498,1,0.75,inj_7,0.7222619047619048,0.75,0.02773809523809523,ok
44498,1,0.85,inj_7,0.8286809523809523,0.85,0.021319047619047682,ok
44498,1,0.95,inj_7,0.9421523809523811,0.95,0.007847619047618881,ok
44498,2,0.65,inj_5,0.6247714285714285,0.65,0.02522857142857149,ok
44498,2,0.75,inj_5,0.7291285714285713,0.75,0.020871428571428652,ok
44498,2,0.85,inj_5,0.834852380952381,0.85,0.015147619047618965,ok
44498,2,0.95,inj_5,0.9431428571428572,0.95,0.006857142857142784,ok
44499,0,0.65,inj_6,0.6425238095238095,0.65,0.007476190476190525,ok
44499,0,0.75,inj_6,0.7403142857142858,0.75,0.009685714285714186,ok
44499,0,0.85,inj_6,0.838542857142857,0.85,0.011457142857142943,ok
44499,0,0.95,inj_6,0.9428952380952381,0.95,0.007104761904761836,ok
44499,1,0.65,inj_4,0.6504809523809524,0.65,0.0004809523809523597,ok
44499,1,0.75,inj_4,0.7529666666666667,0.75,0.002966666666666673,ok
44499,1,0.85,inj_4,0.8513380952380951,0.85,0.0013380952380951383,ok
44499,1,0.95,inj_4,0.9508380952380951,0.95,0.0008380952380951934,ok
44499,2,0.65,inj_3,0.6379523809523809,0.65,0.012047619047619085,ok
44499,2,0.75,inj_3,0.7340190476190476,0.75,0.01598095238095243,ok
44499,2,0.85,inj_3,0.8337476190476191,0.85,0.016252380952380907,ok
44499,2,0.95,inj_3,0.9396619047619048,0.95,0.010338095238095146,ok
44500,0,0.65,inj_6,0.6730142857142858,0.65,0.023014285714285765,ok
44500,0,0.75,inj_6,0.7725047619047619,0.75,0.022504761904761916,ok
44500,0,0.85,inj_6,0.8672285714285713,0.85,0.01722857142857137,ok
44500,0,0.95,inj_6,0.9580761904761905,0.95,0.00807619047619057,ok
44500,1,0.65,inj_1,0.6455571428571428,0.65,0.004442857142857193,ok
44500,1,0.75,inj_1,0.7461238095238095,0.75,0.0038761904761904775,ok
44500,1,0.85,inj_1,0.8483857142857143,0.85,0.0016142857142856792,ok
44500,1,0.95,inj_1,0.950152380952381,0.95,0.0001523809523810149,ok
44500,2,0.65,inj_6,0.6321666666666668,0.65,0.017833333333333257,ok
44500,2,0.75,inj_6,0.7346809523809523,0.75,0.015319047619047677,ok
44500,2,0.85,inj_6,0.838542857142857,0.85,0.011457142857142943,ok
44500,2,0.95,inj_6,0.9451047619047619,0.95,0.004895238095238064,ok
44501,0,0.65,inj_6,0.6428761904761905,0.65,0.007123809523809532,ok
44501,0,0.75,inj_6,0.7411142857142857,0.75,0.008885714285714275,ok
44501,0,0.85,inj_6,0.8428476190476191,0.85,0.00715238095238091,ok
44501,0,0.95,inj_6,0.9471952380952381,0.95,0.0028047619047618655,ok
44501,1,0.65,inj_1,0.6445571428571428,0.65,0.005442857142857194,ok
44501,1,0.75,inj_1,0.7519428571428571,0.75,0.001942857142857135,ok
44501,1,0.85,inj_1,0.8585666666666666,0.85,0.008566666666666611,ok
44501,1,0.95,inj_1,0.958042857142857,0.95,0.008042857142857018,ok
44501,2,0.65,inj_5,0.6260428571428571,0.65,0.0239571428571429,ok
44501,2,0.75,inj_5,0.7307142857142856,0.75,0.01928571428571435,ok
44501,2,0.85,inj_5,0.8366809523809523,0.85,0.013319047619047675,ok
44501,2,0.95,inj_5,0.9444523809523809,0.95,0.0055476190476190235,ok
44502,0,0.65,inj_7,0.6405666666666667,0.65,0.009433333333333294,ok
44502,0,0.75,inj_7,0.7431809523809524,0.75,0.0068190476190476135,ok
44502,0,0.85,inj_7,0.8463666666666667,0.85,0.0036333333333332662,ok
44502,0,0.95,inj_7,0.9502285714285715,0.95,0.00022857142857157786,ok
44502,1,0.65,inj_7,0.6503571428571427,0.65,0.00035714285714272265,ok
44502,1,0.75,inj_7,0.7486095238095238,0.75,0.0013904761904761642,ok
44502,1,0.85,inj_7,0.8476666666666667,0.85,0.0023333333333332984,ok
44502,1,0.95,inj_7,0.9477619047619048,0.95,0.00223809523809515,ok
44502,2,0.65,inj_8,0.6509476190476191,0.65,0.000947619047619086,ok
44502,2,0.75,inj_8,0.7482809523809524,0.75,0.00171904761904762,ok
44502,2,0.85,inj_8,0.8464571428571429,0.85,0.00354285714285707,ok
44502,2,0.95,inj_8,0.9470047619047619,0.95,0.002995238095238051,ok
44538,0,0.65,inj_3,0.6331230000000001,0.65,0.01687699999999992,ok
44538,0,0.75,inj_3,0.737271,0.75,0.01272899999999999,ok
44538,0,0.85,inj_3,0.839916,0.85,0.010083999999999982,ok
44538,0,0.95,inj_3,0.944172,0.95,0.005827999999999944,ok
44538,1,0.65,inj_4,0.648698,0.65,0.0013020000000000254,ok
44538,1,0.75,inj_4,0.746812,0.75,0.0031879999999999686,ok
44538,1,0.85,inj_4,0.8465919999999999,0.85,0.0034080000000000776,ok
44538,1,0.95,inj_4,0.947373,0.95,0.002626999999999935,ok
44538,2,0.65,inj_7,0.6578459999999999,0.65,0.007845999999999909,ok
44538,2,0.75,inj_7,0.758989,0.75,0.008989000000000025,ok
44538,2,0.85,inj_7,0.8588929999999999,0.85,0.008892999999999929,ok
44538,2,0.95,inj_7,0.9546009999999999,0.95,0.004600999999999966,ok
44539,0,0.65,inj_6,0.656167,0.65,0.0061669999999999225,ok
44539,0,0.75,inj_6,0.754105,0.75,0.004105000000000025,ok
44539,0,0.85,inj_6,0.8508340000000001,0.85,0.0008340000000001124,ok
44539,0,0.95,inj_6,0.948828,0.95,0.0011719999999999509,ok
44539,1,0.65,inj_8,0.661856,0.65,0.011855999999999978,ok
44539,1,0.75,inj_8,0.762015,0.75,0.012014999999999998,ok
44539,1,0.85,inj_8,0.8604809999999999,0.85,0.010480999999999963,ok
44539,1,0.95,inj_8,0.956178,0.95,0.006178000000000017,ok
44539,2,0.65,inj_8,0.6331979999999999,0.65,0.016802000000000095,ok
44539,2,0.75,inj_8,0.736238,0.75,0.013762000000000052,ok
44539,2,0.85,inj_8,0.84186,0.85,0.008139999999999925,ok
44539,2,0.95,inj_8,0.9494529999999999,0.95,0.0005470000000000752,ok
44540,0,0.65,inj_1,0.646776,0.65,0.0032240000000000046,ok
44540,0,0.75,inj_1,0.747797,0.75,0.002202999999999955,ok
44540,0,0.85,inj_1,0.849164,0.85,0.0008359999999999479,ok
44540,0,0.95,inj_1,0.951395,0.95,0.001395000000000035,ok
44540,1,0.65,inj_1,0.6515960000000001,0.65,0.0015960000000000418,ok
44540,1,0.75,inj_1,0.7550469999999999,0.75,0.005046999999999913,ok
44540,1,0.85,inj_1,0.8566710000000001,0.85,0.0066710000000000935,ok
44540,1,0.95,inj_1,0.9545309999999999,0.95,0.004530999999999952,ok
44540,2,0.65,inj_3,0.6444629999999999,0.65,0.005537000000000125,ok
44540,2,0.75,inj_3,0.744748,0.75,0.005252000000000034,ok
44540,2,0.85,inj_3,0.8452770000000001,0.85,0.004722999999999922,ok
44540,2,0.95,inj_3,0.946735,0.95,0.0032649999999999624,ok
44541,0,0.65,inj_5,0.654771,0.65,0.00477099999999997,ok
44541,0,0.75,inj_5,0.7555829999999999,0.75,0.005582999999999894,ok
44541,0,0.85,inj_5,0.855429,0.85,0.005429000000000017,ok
44541,0,0.95,inj_5,0.9542749999999999,0.95,0.004274999999999918,ok
44541,1,0.65,inj_4,0.661488,0.65,0.011487999999999943,ok
44541,1,0.75,inj_4,0.760403,0.75,0.010403000000000051,ok
44541,1,0.85,inj_4,0.8573999999999999,0.85,0.007399999999999962,ok
44541,1,0.95,inj_4,0.9514349999999999,0.95,0.001434999999999964,ok
44541,2,0.65,inj_6,0.654269,0.65,0.004268999999999967,ok
44541,2,0.75,inj_6,0.7529469999999999,0.75,0.002946999999999922,ok
44541,2,0.85,inj_6,0.85197,0.85,0.0019700000000000273,ok
44541,2,0.95,inj_6,0.9505060000000002,0.95,0.0005060000000002285,ok
44542,0,0.65,inj_1,0.636622,0.65,0.013378000000000001,ok
44542,0,0.75,inj_1,0.738783,0.75,0.011217000000000033,ok
44542,0,0.85,inj_1,0.8423100000000001,0.85,0.007689999999999864,ok
44542,0,0.95,inj_1,0.94674,0.95,0.0032599999999999296,ok
44542,1,0.65,inj_3,0.6489050000000001,0.65,0.0010949999999999571,ok
44542,1,0.75,inj_3,0.750134,0.75,0.00013399999999996748,ok
44542,1,0.85,inj_3,0.8509119999999999,0.85,0.0009119999999999129,ok
44542,1,0.95,inj_3,0.9500399999999999,0.95,3.999999999992898e-05,ok
44542,2,0.65,inj_5,0.656777,0.65,0.006777000000000033,ok
44542,2,0.75,inj_5,0.7550169999999998,0.75,0.005016999999999827,ok
44542,2,0.85,inj_5,0.852625,0.85,0.0026249999999999885,ok
44542,2,0.95,inj_5,0.950259,0.95,0.0002590000000000092,ok
44628,0,0.65,inj_6,0.6415556180732184,0.65,0.008444381926781652,ok
44628,0,0.75,inj_6,0.7437298930756585,0.75,0.00627010692434149,ok
44628,0,0.85,inj_6,0.8443616404379554,0.85,0.005638359562044615,ok
44628,0,0.95,inj_6,0.9449531978741443,0.95,0.005046802125855621,ok
44628,1,0.65,inj_5,0.6416245150894034,0.65,0.008375484910596587,ok
44628,1,0.75,inj_5,0.7437605139717408,0.75,0.006239486028259189,ok
44628,1,0.85,inj_5,0.846482137491651,0.85,0.0035178625083489568,ok
44628,1,0.95,inj_5,0.9498429722172781,0.95,0.00015702778272186357,ok
44628,2,0.65,inj_3,0.6551991410838649,0.65,0.005199141083864878,ok
44628,2,0.75,inj_3,0.7568222399568244,0.75,0.006822239956824405,ok
44628,2,0.85,inj_3,0.8556760615403458,0.85,0.005676061540345834,ok
44628,2,0.95,inj_3,0.9523979032341408,0.95,0.002397903234140797,ok
44629,0,0.65,inj_3,0.6309722708647916,0.65,0.01902772913520845,ok
44629,0,0.75,inj_3,0.7330508555669747,0.75,0.01694914443302531,ok
44629,0,0.85,inj_3,0.8353763212438207,0.85,0.014623678756179315,ok
44629,0,0.95,inj_3,0.9407160313787633,0.95,0.009283968621236705,ok
44629,1,0.65,inj_4,0.6615166147068336,0.65,0.011516614706833628,ok
44629,1,0.75,inj_4,0.7589790993246178,0.75,0.008979099324617823,ok
44629,1,0.85,inj_4,0.8555382675079758,0.85,0.005538267507975814,ok
44629,1,0.95,inj_4,0.9512878957511595,0.95,0.0012878957511595068,ok
44629,2,0.65,inj_4,0.6632868852615885,0.65,0.0132868852615885,ok
44629,2,0.75,inj_4,0.7604450747245555,0.75,0.01044507472455547,ok
44629,2,0.85,inj_4,0.856657844020983,0.85,0.006657844020983017,ok
44629,2,0.95,inj_4,0.9507711681297714,0.95,0.0007711681297714046,ok
44630,0,0.65,inj_7,0.6576296747103934,0.65,0.0076296747103933305,ok
44630,0,0.75,inj_7,0.7562155634531951,0.75,0.006215563453195072,ok
44630,0,0.85,inj_7,0.854765089881899,0.85,0.004765089881899054,ok
44630,0,0.95,inj_7,0.9524955073404029,0.95,0.002495507340402936,ok
44630,1,0.65,inj_2,0.6461659767396019,0.65,0.003834023260398167,ok
44630,1,0.75,inj_2,0.7468819315661248,0.75,0.0031180684338751874,ok
44630,1,0.85,inj_2,0.8481222692380564,0.85,0.0018777307619435302,ok
44630,1,0.95,inj_2,0.9485109632377005,0.95,0.0014890367622995004,ok
44630,2,0.65,inj_8,0.6312784798256139,0.65,0.018721520174386108,ok
44630,2,0.75,inj_8,0.7331446320612265,0.75,0.016855367938773513,ok
44630,2,0.85,inj_8,0.8352193891513993,0.85,0.014780610848600717,ok
44630,2,0.95,inj_8,0.9405839787644086,0.95,0.009416021235591376,ok
44631,0,0.65,inj_3,0.6626093979357688,0.65,0.012609397935768762,ok
44631,0,0.75,inj_3,0.7638420803836798,0.75,0.013842080383679845,ok
44631,0,0.85,inj_3,0.8634097516071185,0.85,0.013409751607118547,ok
44631,0,0.95,inj_3,0.9583708917761844,0.95,0.008370891776184441,ok
44631,1,0.65,inj_1,0.6582899377821667,0.65,0.00828993778216669,ok
44631,1,0.75,inj_1,0.7550749350741313,0.75,0.005074935074131259,ok
44631,1,0.85,inj_1,0.8523977118535403,0.85,0.0023977118535403186,ok
44631,1,0.95,inj_1,0.9503214237185634,0.95,0.00032142371856347385,ok
44631,2,0.65,inj_7,0.642449365477619,0.65,0.007550634522381028,ok
44631,2,0.75,inj_7,0.7370392272816874,0.75,0.012960772718312641,ok
44631,2,0.85,inj_7,0.8330969782916986,0.85,0.01690302170830138,ok
44631,2,0.95,inj_7,0.9357382219593928,0.95,0.014261778040607132,ok
44632,0,0.65,inj_3,0.6523054664040924,0.65,0.002305466404092349,ok
44632,0,0.75,inj_3,0.7522176227084566,0.75,0.0022176227084566014,ok
44632,0,0.85,inj_3,0.85178338012589,0.85,0.0017833801258900772,ok
44632,0,0.95,inj_3,0.9498506274412988,0.95,0.00014937255870117738,ok
44632,1,0.65,inj_7,0.6199793691712646,0.65,0.030020630828735406,ok
44632,1,0.75,inj_7,0.727294127103512,0.75,0.022705872896487955,ok
44632,1,0.85,inj_7,0.8367638305975476,0.85,0.013236169402452425,ok
44632,1,0.95,inj_7,0.947251678886318,0.95,0.0027483211136819508,ok
44632,2,0.65,inj_4,0.6422598986831101,0.65,0.007740101316889958,ok
44632,2,0.75,inj_4,0.7431327856020548,0.75,0.006867214397945243,ok
44632,2,0.85,inj_4,0.8439750516249169,0.85,0.00602494837508305,ok
44632,2,0.95,inj_4,0.9478143378518292,0.95,0.0021856621481707306,ok
44659,0,0.65,inj_6,0.6456614482899132,0.65,0.004338551710086791,ok
44659,0,0.75,inj_6,0.7498451362492308,0.75,0.00015486375076922965,ok
44659,0,0.85,inj_6,0.8534546449864276,0.85,0.0034546449864276685,ok
44659,0,0.95,inj_6,0.9532856840038608,0.95,0.003285684003860867,ok
44659,1,0.65,inj_2,0.6329266059010807,0.65,0.01707339409891928,ok
44659,1,0.75,inj_2,0.734815634961958,0.75,0.015184365038041991,ok
44659,1,0.85,inj_2,0.8378365585467298,0.85,0.012163441453270196,ok
44659,1,0.95,inj_2,0.944399282996269,0.95,0.005600717003730993,ok
44659,2,0.65,inj_7,0.6467295451224608,0.65,0.003270454877539186,ok
44659,2,0.75,inj_7,0.7484621669400364,0.75,0.001537833059963578,ok
44659,2,0.85,inj_7,0.8507031122983427,0.85,0.0007031122983427451,ok
44659,2,0.95,inj_7,0.9522422830518346,0.95,0.0022422830518346037,ok
44661,0,0.65,inj_7,0.6415783960437199,0.65,0.00842160395628011,ok
44661,0,0.75,inj_7,0.7492874209474574,0.75,0.0007125790525426279,ok
44661,0,0.85,inj_7,0.8561464959632525,0.85,0.006146495963252563,ok
44661,0,0.95,inj_7,0.9592209272891538,0.95,0.009220927289153802,ok
44661,1,0.65,inj_8,0.6626398661483277,0.65,0.012639866148327683,ok
44661,1,0.75,inj_8,0.766309056596784,0.75,0.016309056596784055,ok
44661,1,0.85,inj_8,0.8670579591735935,0.85,0.01705795917359354,ok
44661,1,0.95,inj_8,0.9599247598840117,0.95,0.009924759884011758,ok
44661,2,0.65,inj_4,0.6313501855278025,0.65,0.01864981447219749,ok
44661,2,0.75,inj_4,0.7333832738917209,0.75,0.016616726108279134,ok
44661,2,0.85,inj_4,0.8385836089325001,0.85,0.01141639106749992,ok
44661,2,0.95,inj_4,0.9474656881610006,0.95,0.0025343118389993258,ok
44662,0,0.65,inj_3,0.6485014745498661,0.65,0.0014985254501339584,ok
44662,0,0.75,inj_3,0.752950643224788,0.75,0.0029506432247879966,ok
44662,0,0.85,inj_3,0.8562782073260331,0.85,0.006278207326033125,ok
44662,0,0.95,inj_3,0.954681001253316,0.95,0.004681001253316053,ok
44662,1,0.65,inj_1,0.6402653983960025,0.65,0.009734601603997528,ok
44662,1,0.75,inj_1,0.743757601700723,0.75,0.006242398299276974,ok
44662,1,0.85,inj_1,0.8476264171833937,0.85,0.002373582816606268,ok
44662,1,0.95,inj_1,0.9507131964495555,0.95,0.0007131964495555865,ok
44662,2,0.65,inj_2,0.6594952573619448,0.65,0.009495257361944787,ok
44662,2,0.75,inj_2,0.7614419101440386,0.75,0.011441910144038614,ok
44662,2,0.85,inj_2,0.8598282401509741,0.85,0.009828240150974166,ok
44662,2,0.95,inj_2,0.9541335759017597,0.95,0.004133575901759778,ok
44708,0,0.65,inj_3,0.6638388608243648,0.65,0.013838860824364807,ok
44708,0,0.75,inj_3,0.7615171315616077,0.75,0.011517131561607719,ok
44708,0,0.85,inj_3,0.8579187715059668,0.85,0.00791877150596687,ok
44708,0,0.95,inj_3,0.9560088586280109,0.95,0.006008858628010927,ok
44708,1,0.65,inj_8,0.6388782121678015,0.65,0.011121787832198526,ok
44708,1,0.75,inj_8,0.7355315176806501,0.75,0.01446848231934994,ok
44708,1,0.85,inj_8,0.8331136979281061,0.85,0.0168863020718939,ok
44708,1,0.95,inj_8,0.9377653927813164,0.95,0.012234607218683524,ok
44708,2,0.65,inj_6,0.6261210557141812,0.65,0.023878944285818826,ok
44708,2,0.75,inj_6,0.7311342338384947,0.75,0.01886576616150526,ok
44708,2,0.85,inj_6,0.838462735192913,0.85,0.011537264807086944,ok
44708,2,0.95,inj_6,0.9465279303023647,0.95,0.0034720696976352494,ok
44709,0,0.65,inj_4,0.6817803279888719,0.65,0.03178032798887187,ok
44709,0,0.75,inj_4,0.7733591404934475,0.75,0.02335914049344745,ok
44709,0,0.85,inj_4,0.8626409327183542,0.85,0.012640932718354203,ok
44709,0,0.95,inj_4,0.9517579983893403,0.95,0.0017579983893403206,ok
44709,1,0.65,inj_3,0.659139578300022,0.65,0.009139578300021989,ok
44709,1,0.75,inj_3,0.7623544915440368,0.75,0.012354491544036783,ok
44709,1,0.85,inj_3,0.86199117797789,0.85,0.011991177977890066,ok
44709,1,0.95,inj_3,0.9557343143714766,0.95,0.005734314371476645,ok
44709,2,0.65,inj_5,0.6516490958342485,0.65,0.0016490958342484374,ok
44709,2,0.75,inj_5,0.7436809063621055,0.75,0.006319093637894513,ok
44709,2,0.85,inj_5,0.8350904165751519,0.85,0.01490958342484805,ok
44709,2,0.95,inj_5,0.9331347463211069,0.95,0.016865253678893022,ok
44710,0,0.65,inj_3,0.6850474046416283,0.65,0.035047404641628255,ok
44710,0,0.75,inj_3,0.7828812504575737,0.75,0.03288125045757373,ok
44710,0,0.85,inj_3,0.8769080825829124,0.85,0.02690808258291244,ok
44710,0,0.95,inj_3,0.9659885423530272,0.95,0.01598854235302727,ok
44710,1,0.65,inj_4,0.6483545647558386,0.65,0.0016454352441613862,ok
44710,1,0.75,inj_4,0.741777399516802,0.75,0.008222600483198006,ok
44710,1,0.85,inj_4,0.8376894355370086,0.85,0.012310564462991391,ok
44710,1,0.95,inj_4,0.9416547697488835,0.95,0.008345230251116442,ok
44710,2,0.65,inj_6,0.6648043414598432,0.65,0.014804341459843218,ok
44710,2,0.75,inj_6,0.7601169558532835,0.75,0.010116955853283538,ok
44710,2,0.85,inj_6,0.854066000439271,0.85,0.004066000439270967,ok
44710,2,0.95,inj_6,0.9493603118822755,0.95,0.0006396881177244129,ok
44711,0,0.65,inj_6,0.6545409620030749,0.65,0.004540962003074855,ok
44711,0,0.75,inj_6,0.7565936378944285,0.75,0.006593637894428461,ok
44711,0,0.85,inj_6,0.8568114430046123,0.85,0.006811443004612339,ok
44711,0,0.95,inj_6,0.9541419576835787,0.95,0.004141957683578723,ok
44711,1,0.65,inj_4,0.6774654074236768,0.65,0.027465407423676758,ok
44711,1,0.75,inj_4,0.7688840691119408,0.75,0.01888406911194085,ok
44711,1,0.85,inj_4,0.8589162823047076,0.85,0.008916282304707646,ok
44711,1,0.95,inj_4,0.951547514459331,0.95,0.0015475144593309897,ok
44711,2,0.65,inj_7,0.6003505015008419,0.65,0.04964949849915812,ok
44711,2,0.75,inj_7,0.708164031041804,0.75,0.04183596895819597,ok
44711,2,0.85,inj_7,0.8230013178124314,0.85,0.026998682187568623,ok
44711,2,0.95,inj_7,0.9417645874514972,0.95,0.008235412548502796,ok
44712,0,0.65,inj_1,0.670931254118164,0.65,0.02093125411816399,ok
44712,0,0.75,inj_1,0.76601050589355,0.75,0.01601050589355002,ok
44712,0,0.85,inj_1,0.8586646167362177,0.85,0.008664616736217767,ok
44712,0,0.95,inj_1,0.95200966395783,0.95,0.002009663957830088,ok
44712,1,0.65,inj_3,0.652651182370598,0.65,0.0026511823705980264,ok
44712,1,0.75,inj_3,0.7583324181858117,0.75,0.008332418185811652,ok
44712,1,0.85,inj_3,0.863922139248847,0.85,0.013922139248846999,ok
44712,1,0.95,inj_3,0.9599714473973205,0.95,0.009971447397320587,ok
44712,2,0.65,inj_6,0.6624341093784318,0.65,0.012434109378431812,ok
44712,2,0.75,inj_6,0.7625009151475218,0.75,0.01250091514752183,ok
44712,2,0.85,inj_6,0.8615976645435244,0.85,0.0115976645435244,ok
44712,2,0.95,inj_6,0.9568187641847866,0.95,0.006818764184786663,ok
44758,0,0.65,inj_1,0.6445244783120581,0.65,0.005475521687941964,ok
44758,0,0.75,inj_1,0.7449940206357594,0.75,0.005005979364240631,ok
44758,0,0.85,inj_1,0.8478390855744362,0.85,0.0021609144255637647,ok
44758,0,0.95,inj_1,0.9529692873895672,0.95,0.0029692873895672545,ok
44758,1,0.65,inj_5,0.6489162981709634,0.65,0.0010837018290366096,ok
44758,1,0.75,inj_5,0.7521182708976464,0.75,0.0021182708976463793,ok
44758,1,0.85,inj_5,0.854706084118994,0.85,0.004706084118993981,ok
44758,1,0.95,inj_5,0.9563854047890537,0.95,0.006385404789053695,ok
44758,2,0.65,inj_4,0.6826487193036127,0.65,0.03264871930361268,ok
44758,2,0.75,inj_4,0.7778040437188865,0.75,0.02780404371888645,ok
44758,2,0.85,inj_4,0.8690148418017818,0.85,0.019014841801781812,ok
44758,2,0.95,inj_4,0.9582116602237858,0.95,0.008211660223785833,ok
44760,0,0.65,inj_4,0.6223985130387222,0.65,0.027601486961277844,ok
44760,0,0.75,inj_4,0.725007184507421,0.75,0.024992815492579035,ok
44760,0,0.85,inj_4,0.831293860259013,0.85,0.018706139740987004,ok
44760,0,0.95,inj_4,0.9419491800391209,0.95,0.008050819960879085,ok
44760,1,0.65,inj_1,0.6576860323905406,0.65,0.007686032390540554,ok
44760,1,0.75,inj_1,0.7558866609190606,0.75,0.005886660919060649,ok
44760,1,0.85,inj_1,0.8546041104652781,0.85,0.004604110465278088,ok
44760,1,0.95,inj_1,0.9530874841245562,0.95,0.0030874841245562834,ok
44760,2,0.65,inj_4,0.6539269127012821,0.65,0.003926912701282093,ok
44760,2,0.75,inj_4,0.7524659083534962,0.75,0.002465908353496249,ok
44760,2,0.85,inj_4,0.8504370961611554,0.85,0.0004370961611553925,ok
44760,2,0.95,inj_4,0.9480397882656135,0.95,0.00196021173438643,ok
44762,0,0.65,inj_6,0.6403041595980384,0.65,0.009695840401961586,ok
44762,0,0.75,inj_6,0.7466116935969817,0.75,0.0033883064030183485,ok
44762,0,0.85,inj_6,0.8507546050374984,0.85,0.0007546050374984681,ok
44762,0,0.95,inj_6,0.9524802773683382,0.95,0.002480277368338224,ok
44762,1,0.65,inj_2,0.6402253617747125,0.65,0.009774638225287569,ok
44762,1,0.75,inj_2,0.7403820303881488,0.75,0.00961796961185124,ok
44762,1,0.85,inj_2,0.8433499272278926,0.85,0.006650072772107385,ok
44762,1,0.95,inj_2,0.9477060563079976,0.95,0.0022939436920023093,ok
44762,2,0.65,inj_3,0.653326658694181,0.65,0.0033266586941810283,ok
44762,2,0.75,inj_3,0.7508389650601182,0.75,0.0008389650601181575,ok
44762,2,0.85,inj_3,0.8501450806982414,0.85,0.00014508069824137326,ok
44762,2,0.95,inj_3,0.9509529901456368,0.95,0.0009529901456368783,ok
45023,0,0.65,inj_3,0.6458087600000001,0.65,0.0041912399999999295,ok
45023,0,0.75,inj_3,0.7462964400000001,0.75,0.003703559999999939,ok
45023,0,0.85,inj_3,0.8469860800000001,0.85,0.0030139199999998922,ok
45023,0,0.95,inj_3,0.9478203199999999,0.95,0.002179680000000017,ok
45023,1,0.65,inj_8,0.6460338800000001,0.65,0.003966119999999962,ok
45023,1,0.75,inj_8,0.74645616,0.75,0.003543839999999965,ok
45023,1,0.85,inj_8,0.8473651600000001,0.85,0.002634839999999916,ok
45023,1,0.95,inj_8,0.9490249199999998,0.95,0.0009750800000001281,ok
45023,2,0.65,inj_7,0.65144992,0.65,0.0014499199999999934,ok
45023,2,0.75,inj_7,0.7516768,0.75,0.0016768000000000338,ok
45023,2,0.85,inj_7,0.8517848400000001,0.85,0.0017848400000001208,ok
45023,2,0.95,inj_7,0.9513483199999999,0.95,0.0013483199999999584,ok
45039,0,0.65,inj_5,0.6438299972637129,0.65,0.006170002736287095,ok
45039,0,0.75,inj_5,0.743707229296145,0.75,0.006292770703855033,ok
45039,0,0.85,inj_5,0.8444669828129712,0.85,0.00553301718702881,ok
45039,0,0.95,inj_5,0.946830716289212,0.95,0.0031692837107879512,ok
45039,1,0.65,inj_1,0.6424016781695068,0.65,0.007598321830493249,ok
45039,1,0.75,inj_1,0.7439299276968201,0.75,0.0060700723031799075,ok
45039,1,0.85,inj_1,0.8459512603545432,0.85,0.0040487396454568225,ok
45039,1,0.95,inj_1,0.9483183999971454,0.95,0.0016816000028545552,ok
45039,2,0.65,inj_4,0.6405613751439714,0.65,0.009438624856028643,ok
45039,2,0.75,inj_4,0.7417146219747363,0.75,0.008285378025263745,ok
45039,2,0.85,inj_4,0.8437366034260518,0.85,0.006263396573948143,ok
45039,2,0.95,inj_4,0.9467210701720552,0.95,0.0032789298279447543,ok
45545,0,0.65,inj_2,0.6673740215264188,0.65,0.01737402152641876,ok
45545,0,0.75,inj_2,0.7619740704500979,0.75,0.011974070450097907,ok
45545,0,0.85,inj_2,0.8572407045009784,0.85,0.007240704500978468,ok
45545,0,0.95,inj_2,0.9505748532289628,0.95,0.0005748532289628905,ok
45545,1,0.65,inj_1,0.6791218199608611,0.65,0.02912181996086105,ok
45545,1,0.75,inj_1,0.7740459882583172,0.75,0.024045988258317164,ok
45545,1,0.85,inj_1,0.8655026908023483,0.85,0.01550269080234834,ok
45545,1,0.95,inj_1,0.9555834148727984,0.95,0.005583414872798453,ok
45545,2,0.65,inj_1,0.6283329256360078,0.65,0.021667074363992178,ok
45545,2,0.75,inj_1,0.7290912426614482,0.75,0.020908757338551798,ok
45545,2,0.85,inj_1,0.8312561154598825,0.85,0.01874388454011744,ok
45545,2,0.95,inj_1,0.9397137964774951,0.95,0.010286203522504866,ok
45553,0,0.65,inj_4,0.6445344702240556,0.65,0.005465529775944389,ok
45553,0,0.75,inj_4,0.744624029974966,0.75,0.005375970025033983,ok
45553,0,0.85,inj_4,0.8452652169336189,0.85,0.0047347830663810875,ok
45553,0,0.95,inj_4,0.9466356702753737,0.95,0.0033643297246263026,ok
45553,1,0.65,inj_6,0.6454495998184132,0.65,0.004550400181586811,ok
45553,1,0.75,inj_6,0.7460271327392289,0.75,0.0039728672607710624,ok
45553,1,0.85,inj_6,0.8469422212134072,0.85,0.0030577787865927464,ok
45553,1,0.95,inj_6,0.9481215068407531,0.95,0.001878493159246819,ok
45553,2,0.65,inj_7,0.6550206505541355,0.65,0.005020650554135475,ok
45553,2,0.75,inj_7,0.7534285594449761,0.75,0.003428559444976109,ok
45553,2,0.85,inj_7,0.8518039011536678,0.85,0.0018039011536677974,ok
45553,2,0.95,inj_7,0.950252436781836,0.95,0.0002524367818360629,ok
45562,0,0.65,inj_6,0.6526926263463131,0.65,0.002692626346313065,ok
45562,0,0.75,inj_6,0.7507870753935376,0.75,0.0007870753935376174,ok
45562,0,0.85,inj_6,0.8493761879233881,0.85,0.0006238120766118849,ok
45562,0,0.95,inj_6,0.9491349480968857,0.95,0.0008650519031142556,ok
45562,1,0.65,inj_6,0.6314269701252497,0.65,0.01857302987475029,ok
45562,1,0.75,inj_6,0.7366928212875872,0.75,0.013307178712412826,ok
45562,1,0.85,inj_6,0.8422291534675178,0.85,0.007770846532482167,ok
45562,1,0.95,inj_6,0.9469369852331985,0.95,0.003063014766801486,ok
45562,2,0.65,inj_8,0.585635264876456,0.65,0.06436473512354401,outside_0.06_recorded
45562,2,0.75,inj_8,0.6936376041717432,0.75,0.05636239582825675,ok
45562,2,0.85,inj_8,0.8098177299088649,0.85,0.040182270091135064,ok
45562,2,0.95,inj_8,0.9341074126419416,0.95,0.01589258735805832,ok
45711,0,0.65,inj_5,0.6507126348228043,0.65,0.0007126348228042589,ok
45711,0,0.75,inj_5,0.7459713662044171,0.75,0.0040286337955829365,ok
45711,0,0.85,inj_5,0.8421931176168466,0.85,0.007806882383153413,ok
45711,0,0.95,inj_5,0.943807781201849,0.95,0.006192218798150906,ok
45711,1,0.65,inj_2,0.6579834360554699,0.65,0.007983436055469917,ok
45711,1,0.75,inj_2,0.7642687467899332,0.75,0.014268746789933173,ok
45711,1,0.85,inj_2,0.8668945814072933,0.85,0.016894581407293274,ok
45711,1,0.95,inj_2,0.9660856445814073,0.95,0.016085644581407377,ok
45711,2,0.65,inj_3,0.6500385208012326,0.65,3.8520801232566626e-05,ok
45711,2,0.75,inj_3,0.7451046481766821,0.75,0.004895351823317906,ok
45711,2,0.85,inj_3,0.8429795839753467,0.85,0.007020416024653309,ok
45711,2,0.95,inj_3,0.9453807139188495,0.95,0.0046192860811504755,ok
45712,0,0.65,inj_2,0.6497733729132752,0.65,0.00022662708672482879,ok
45712,0,0.75,inj_2,0.7503032334258993,0.75,0.00030323342589932967,ok
45712,0,0.85,inj_2,0.8506814772255737,0.85,0.0006814772255737678,ok
45712,0,0.95,inj_2,0.9498308276676563,0.95,0.00016917233234370332,ok
45712,1,0.65,inj_1,0.641075361486163,0.65,0.008924638513837069,ok
45712,1,0.75,inj_1,0.7383813718918574,0.75,0.011618628108142626,ok
45712,1,0.85,inj_1,0.837059912541096,0.85,0.01294008745890396,ok
45712,1,0.95,inj_1,0.937924925787609,0.95,0.012075074212390957,ok
45712,2,0.65,inj_5,0.6294806728590124,0.65,0.020519327140987587,ok
45712,2,0.75,inj_5,0.7314947811931436,0.75,0.018505218806856405,ok
45712,2,0.85,inj_5,0.8358629384914935,0.85,0.014137061508506465,ok
45712,2,0.95,inj_5,0.9438619170736379,0.95,0.006138082926362087,ok
45717,0,0.65,inj_7,0.6424306625577813,0.65,0.007569337442218771,ok
45717,0,0.75,inj_7,0.7440934771443247,0.75,0.005906522855675278,ok
45717,0,0.85,inj_7,0.8456118387262456,0.85,0.0043881612737544096,ok
45717,0,0.95,inj_7,0.9479487673343605,0.95,0.0020512326656394464,ok
45717,1,0.65,inj_4,0.6374069080636876,0.65,0.012593091936312417,ok
45717,1,0.75,inj_4,0.7400487930148947,0.75,0.009951206985105321,ok
45717,1,0.85,inj_4,0.8445525166923471,0.85,0.005447483307652878,ok
45717,1,0.95,inj_4,0.9506291730868002,0.95,0.0006291730868002166,ok
45717,2,0.65,inj_1,0.6658480996404725,0.65,0.015848099640472513,ok
45717,2,0.75,inj_1,0.7636427837699024,0.75,0.013642783769902356,ok
45717,2,0.85,inj_1,0.8617424242424243,0.85,0.011742424242424332,ok
45717,2,0.95,inj_1,0.9576752696456086,0.95,0.007675269645608607,ok
46116,0,0.65,inj_1,0.6655952380952381,0.65,0.015595238095238106,ok
46116,0,0.75,inj_1,0.7651285714285714,0.75,0.01512857142857138,ok
46116,0,0.85,inj_1,0.8626142857142858,0.85,0.0126142857142858,ok
46116,0,0.95,inj_1,0.9573190476190477,0.95,0.0073190476190477805,ok
46116,1,0.65,inj_1,0.6537952380952381,0.65,0.0037952380952380738,ok
46116,1,0.75,inj_1,0.7557095238095237,0.75,0.00570952380952372,ok
46116,1,0.85,inj_1,0.8566238095238095,0.85,0.006623809523809476,ok
46116,1,0.95,inj_1,0.9548428571428571,0.95,0.004842857142857149,ok
46116,2,0.65,inj_3,0.6378333333333334,0.65,0.012166666666666659,ok
46116,2,0.75,inj_3,0.7377714285714286,0.75,0.012228571428571366,ok
46116,2,0.85,inj_3,0.8401380952380952,0.85,0.009861904761904738,ok
46116,2,0.95,inj_3,0.9466571428571429,0.95,0.003342857142857092,ok
46280,0,0.65,inj_6,0.6376983075644924,0.65,0.012301692435507605,ok
46280,0,0.75,inj_6,0.7412439817724669,0.75,0.008756018227533136,ok
46280,0,0.85,inj_6,0.8454749567899589,0.85,0.004525043210041102,ok
46280,0,0.95,inj_6,0.949649676542568,0.95,0.0003503234574319114,ok
46280,1,0.65,inj_8,0.6508185037630014,0.65,0.0008185037630014103,ok
46280,1,0.75,inj_8,0.751770024340743,0.75,0.001770024340743026,ok
46280,1,0.85,inj_8,0.8522445126815293,0.85,0.002244512681529365,ok
46280,1,0.95,inj_8,0.951466804326609,0.95,0.0014668043266090613,ok
46280,2,0.65,inj_1,0.6441261954502313,0.65,0.005873804549768713,ok
46280,2,0.75,inj_1,0.7459851424054462,0.75,0.004014857594553778,ok
46280,2,0.85,inj_1,0.8482114031490126,0.85,0.0017885968509874228,ok
46280,2,0.95,inj_1,0.9498978615346976,0.95,0.00010213846530238158,ok
46281,0,0.65,inj_7,0.6594319675051031,0.65,0.009431967505103112,ok
46281,0,0.75,inj_7,0.7568774878535838,0.75,0.006877487853583775,ok
46281,0,0.85,inj_7,0.8532437989348697,0.85,0.0032437989348697016,ok
46281,0,0.95,inj_7,0.949502946623762,0.95,0.0004970533762379548,ok
46281,1,0.65,inj_8,0.6406617450339005,0.65,0.009338254966099524,ok
46281,1,0.75,inj_8,0.7396125415165763,0.75,0.010387458483423706,ok
46281,1,0.85,inj_8,0.8394535332140001,0.85,0.010546466785999908,ok
46281,1,0.95,inj_8,0.9426387618119926,0.95,0.00736123818800738,ok
46281,2,0.65,inj_3,0.6443838252748926,0.65,0.005616174725107448,ok
46281,2,0.75,inj_3,0.74734290216204,0.75,0.0026570978379599763,ok
46281,2,0.85,inj_3,0.8497482399336622,0.85,0.0002517600663377584,ok
46281,2,0.95,inj_3,0.9514058358966325,0.95,0.001405835896632568,ok
46358,0,0.65,inj_7,0.6439281845451694,0.65,0.006071815454830598,ok
46358,0,0.75,inj_7,0.7451568565954939,0.75,0.0048431434045060895,ok
46358,0,0.85,inj_7,0.847260356999236,0.85,0.002739643000764014,ok
46358,0,0.95,inj_7,0.9505965700827944,0.95,0.0005965700827944564,ok
46358,1,0.65,inj_1,0.6399151339532814,0.65,0.010084866046718655,ok
46358,1,0.75,inj_1,0.7438561587210575,0.75,0.006143841278942519,ok
46358,1,0.85,inj_1,0.8483910918871215,0.85,0.0016089081128785043,ok
46358,1,0.95,inj_1,0.9515797899257488,0.95,0.001579789925748809,ok
46358,2,0.65,inj_5,0.6319397009805902,0.65,0.018060299019409864,ok
46358,2,0.75,inj_5,0.7327405794006142,0.75,0.01725942059938579,ok
46358,2,0.85,inj_5,0.8352603287789667,0.85,0.014739671221033257,ok
46358,2,0.95,inj_5,0.9413076118404555,0.95,0.008692388159544429,ok
46359,0,0.65,inj_2,0.6271845855757223,0.65,0.022815414424277702,ok
46359,0,0.75,inj_2,0.7267681441901842,0.75,0.023231855809815793,ok
46359,0,0.85,inj_2,0.8279455066596629,0.85,0.022054493340337045,ok
46359,0,0.95,inj_2,0.9355256634489144,0.95,0.014474336551085543,ok
46359,1,0.65,inj_1,0.6444759143206964,0.65,0.005524085679303625,ok
46359,1,0.75,inj_1,0.7461124975387434,0.75,0.0038875024612565756,ok
46359,1,0.85,inj_1,0.8479357193571165,0.85,0.0020642806428834426,ok
46359,1,0.95,inj_1,0.9482748115495301,0.95,0.0017251884504698722,ok
46359,2,0.65,inj_2,0.6310603830388485,0.65,0.01893961696115154,ok
46359,2,0.75,inj_2,0.7312955733300495,0.75,0.018704426669950536,ok
46359,2,0.85,inj_2,0.8342302889434908,0.85,0.01576971105650915,ok
46359,2,0.95,inj_2,0.9415391463240214,0.95,0.008460853675978597,ok
46365,0,0.65,inj_6,0.6500571428571428,0.65,5.714285714275569e-05,ok
46365,0,0.75,inj_6,0.7434714285714286,0.75,0.006528571428571439,ok
46365,0,0.85,inj_6,0.8403571428571429,0.85,0.009642857142857064,ok
46365,0,0.95,inj_6,0.9443619047619048,0.95,0.005638095238095109,ok
46365,1,0.65,inj_8,0.6404857142857143,0.65,0.009514285714285697,ok
46365,1,0.75,inj_8,0.7448619047619048,0.75,0.005138095238095164,ok
46365,1,0.85,inj_8,0.8478809523809523,0.85,0.002119047619047687,ok
46365,1,0.95,inj_8,0.9491428571428572,0.95,0.0008571428571427786,ok
46365,2,0.65,inj_8,0.6452857142857142,0.65,0.004714285714285782,ok
46365,2,0.75,inj_8,0.7424999999999999,0.75,0.007500000000000062,ok
46365,2,0.85,inj_8,0.8402380952380952,0.85,0.00976190476190475,ok
46365,2,0.95,inj_8,0.9399714285714286,0.95,0.010028571428571387,ok
46416,0,0.65,inj_7,0.6510095238095239,0.65,0.0010095238095239045,ok
46416,0,0.75,inj_7,0.7479238095238097,0.75,0.0020761904761903427,ok
46416,0,0.85,inj_7,0.8457190476190477,0.85,0.004280952380952274,ok
46416,0,0.95,inj_7,0.9465238095238095,0.95,0.0034761904761904105,ok
46416,1,0.65,inj_2,0.5982476190476189,0.65,0.051752380952381105,ok
46416,1,0.75,inj_2,0.7017904761904762,0.75,0.04820952380952381,ok
46416,1,0.85,inj_2,0.8115238095238095,0.85,0.03847619047619044,ok
46416,1,0.95,inj_2,0.9309142857142857,0.95,0.01908571428571426,ok
46416,2,0.65,inj_5,0.6921238095238094,0.65,0.04212380952380934,ok
46416,2,0.75,inj_5,0.7868857142857144,0.75,0.03688571428571441,ok
46416,2,0.85,inj_5,0.8753,0.85,0.02529999999999999,ok
46416,2,0.95,inj_5,0.9598047619047619,0.95,0.009804761904761983,ok
46421,0,0.65,inj_5,0.6445190476190477,0.65,0.005480952380952364,ok
46421,0,0.75,inj_5,0.7447238095238095,0.75,0.005276190476190545,ok
46421,0,0.85,inj_5,0.8467619047619047,0.85,0.003238095238095262,ok
46421,0,0.95,inj_5,0.9499714285714286,0.95,2.8571428571377844e-05,ok
46421,1,0.65,inj_1,0.6330380952380953,0.65,0.016961904761904734,ok
46421,1,0.75,inj_1,0.733952380952381,0.75,0.016047619047618977,ok
46421,1,0.85,inj_1,0.8369428571428571,0.85,0.013057142857142878,ok
46421,1,0.95,inj_1,0.9445142857142856,0.95,0.005485714285714316,ok
46421,2,0.65,inj_5,0.6470714285714285,0.65,0.0029285714285715025,ok
46421,2,0.75,inj_5,0.7465428571428572,0.75,0.0034571428571428253,ok
46421,2,0.85,inj_5,0.8463380952380952,0.85,0.003661904761904755,ok
46421,2,0.95,inj_5,0.9480095238095239,0.95,0.001990476190476098,ok
46431,0,0.65,inj_8,0.6647660495786941,0.65,0.014766049578694096,ok
46431,0,0.75,inj_8,0.7659949311785055,0.75,0.015994931178505478,ok
46431,0,0.85,inj_8,0.8638116924176925,0.85,0.013811692417692534,ok
46431,0,0.95,inj_8,0.9569051454866705,0.95,0.006905145486670539,ok
46431,1,0.65,inj_5,0.6537291905345566,0.65,0.003729190534556559,ok
46431,1,0.75,inj_5,0.7554796914848065,0.75,0.005479691484806537,ok
46431,1,0.85,inj_5,0.8567540539201749,0.85,0.006754053920174918,ok
46431,1,0.95,inj_5,0.9554848389282107,0.95,0.005484838928210722,ok
46431,2,0.65,inj_1,0.6641994782396237,0.65,0.014199478239623642,ok
46431,2,0.75,inj_1,0.7625568973185521,0.75,0.01255689731855214,ok
46431,2,0.85,inj_1,0.8594626315881325,0.85,0.009462631588132542,ok
46431,2,0.95,inj_1,0.9544389559927081,0.95,0.00443895599270816,ok
46482,0,0.65,inj_1,0.6380238095238095,0.65,0.011976190476190474,ok
46482,0,0.75,inj_1,0.7371095238095238,0.75,0.01289047619047623,ok
46482,0,0.85,inj_1,0.8381285714285716,0.85,0.011871428571428422,ok
46482,0,0.95,inj_1,0.9430047619047619,0.95,0.006995238095238054,ok
46482,1,0.65,inj_5,0.6407095238095238,0.65,0.009290476190476182,ok
46482,1,0.75,inj_5,0.7407809523809524,0.75,0.009219047619047571,ok
46482,1,0.85,inj_5,0.8415666666666666,0.85,0.008433333333333404,ok
46482,1,0.95,inj_5,0.9442190476190476,0.95,0.005780952380952331,ok
46482,2,0.65,inj_5,0.6508190476190476,0.65,0.0008190476190476081,ok
46482,2,0.75,inj_5,0.7491095238095238,0.75,0.0008904761904762193,ok
46482,2,0.85,inj_5,0.848557142857143,0.85,0.001442857142856968,ok
46482,2,0.95,inj_5,0.950195238095238,0.95,0.00019523809523802615,ok
46483,0,0.65,inj_7,0.6343901398958771,0.65,0.015609860104122908,ok
46483,0,0.75,inj_7,0.7363183334129542,0.75,0.013681666587045838,ok
46483,0,0.85,inj_7,0.8403469306341456,0.85,0.009653069365854416,ok
46483,0,0.95,inj_7,0.9471116055633991,0.95,0.0028883944366008274,ok
46483,1,0.65,inj_5,0.6454063739099363,0.65,0.0045936260900637516,ok
46483,1,0.75,inj_5,0.7472577083405681,0.75,0.0027422916594318503,ok
46483,1,0.85,inj_5,0.8492578250394563,0.85,0.000742174960543629,ok
46483,1,0.95,inj_5,0.9507791589888376,0.95,0.0007791589888376249,ok
46483,2,0.65,inj_6,0.6487550326395508,0.65,0.0012449673604492117,ok
46483,2,0.75,inj_6,0.7485875820748393,0.75,0.0014124179251606694,ok
46483,2,0.85,inj_6,0.8490672638641188,0.85,0.0009327361358811848,ok
46483,2,0.95,inj_6,0.9504181328213155,0.95,0.0004181328213155311,ok
46502,0,0.65,inj_4,0.6708714285714286,0.65,0.02087142857142854,ok
46502,0,0.75,inj_4,0.7653619047619048,0.75,0.015361904761904799,ok
46502,0,0.85,inj_4,0.8584142857142856,0.85,0.008414285714285596,ok
46502,0,0.95,inj_4,0.9482571428571428,0.95,0.001742857142857157,ok
46502,1,0.65,inj_2,0.6765904761904762,0.65,0.026590476190476164,ok
46502,1,0.75,inj_2,0.776704761904762,0.75,0.02670476190476201,ok
46502,1,0.85,inj_2,0.8764857142857142,0.85,0.026485714285714224,ok
46502,1,0.95,inj_2,0.9677095238095238,0.95,0.01770952380952384,ok
46502,2,0.65,inj_7,0.6167428571428571,0.65,0.033257142857142874,ok
46502,2,0.75,inj_7,0.7262142857142857,0.75,0.0237857142857143,ok
46502,2,0.85,inj_7,0.8369857142857142,0.85,0.013014285714285756,ok
46502,2,0.95,inj_7,0.9483095238095238,0.95,0.0016904761904761312,ok
46517,0,0.65,inj_1,0.6439610352636893,0.65,0.006038964736310715,ok
46517,0,0.75,inj_1,0.746159998406408,0.75,0.0038400015935919907,ok
46517,0,0.85,inj_1,0.847526203924432,0.85,0.002473796075567969,ok
46517,0,0.95,inj_1,0.9481915109844151,0.95,0.0018084890155848354,ok
46517,1,0.65,inj_5,0.6534483728173386,0.65,0.003448372817338563,ok
46517,1,0.75,inj_5,0.7529969314538584,0.75,0.0029969314538583758,ok
46517,1,0.85,inj_5,0.8527334070310904,0.85,0.0027334070310903735,ok
46517,1,0.95,inj_5,0.9522486483113299,0.95,0.0022486483113299816,ok
46517,2,0.65,inj_7,0.662890758382356,0.65,0.012890758382355982,ok
46517,2,0.75,inj_7,0.7611769594087068,0.75,0.011176959408706777,ok
46517,2,0.85,inj_7,0.8579240396007628,0.85,0.007924039600762822,ok
46517,2,0.95,inj_7,0.9530020788972626,0.95,0.003002078897262672,ok
46532,0,0.65,inj_5,0.6662714285714286,0.65,0.016271428571428603,ok
46532,0,0.75,inj_5,0.7629476190476192,0.75,0.012947619047619208,ok
46532,0,0.85,inj_5,0.8586761904761905,0.85,0.008676190476190504,ok
46532,0,0.95,inj_5,0.9541666666666667,0.95,0.004166666666666763,ok
46532,1,0.65,inj_1,0.649157142857143,0.65,0.0008428571428570342,ok
46532,1,0.75,inj_1,0.7490428571428571,0.75,0.0009571428571428786,ok
46532,1,0.85,inj_1,0.8488095238095239,0.85,0.0011904761904760752,ok
46532,1,0.95,inj_1,0.9480428571428572,0.95,0.0019571428571427685,ok
46532,2,0.65,inj_2,0.6655380952380953,0.65,0.01553809523809524,ok
46532,2,0.75,inj_2,0.7594809523809524,0.75,0.009480952380952368,ok
46532,2,0.85,inj_2,0.8554952380952381,0.85,0.005495238095238109,ok
46532,2,0.95,inj_2,0.9506904761904763,0.95,0.0006904761904763523,ok
46562,0,0.65,inj_3,0.6812285714285715,0.65,0.031228571428571494,ok
46562,0,0.75,inj_3,0.7776857142857142,0.75,0.027685714285714202,ok
46562,0,0.85,inj_3,0.8698190476190476,0.85,0.019819047619047625,ok
46562,0,0.95,inj_3,0.9576904761904762,0.95,0.0076904761904762475,ok
46562,1,0.65,inj_2,0.6470857142857143,0.65,0.002914285714285758,ok
46562,1,0.75,inj_2,0.7478476190476191,0.75,0.0021523809523809057,ok
46562,1,0.85,inj_2,0.8494047619047619,0.85,0.0005952380952380931,ok
46562,1,0.95,inj_2,0.9488428571428571,0.95,0.0011571428571428566,ok
46562,2,0.65,inj_4,0.665,0.65,0.015000000000000013,ok
46562,2,0.75,inj_4,0.7661285714285715,0.75,0.016128571428571492,ok
46562,2,0.85,inj_4,0.863504761904762,0.85,0.01350476190476202,ok
46562,2,0.95,inj_4,0.9567095238095239,0.95,0.006709523809523943,ok
46667,0,0.65,inj_7,0.6838211382113822,0.65,0.03382113821138222,ok
46667,0,0.75,inj_7,0.7805065666041275,0.75,0.03050656660412754,ok
46667,0,0.85,inj_7,0.8719011882426517,0.85,0.021901188242651748,ok
46667,0,0.95,inj_7,0.95953095684803,0.95,0.00953095684803007,ok
46667,1,0.65,inj_8,0.6199186991869918,0.65,0.030081300813008194,ok
46667,1,0.75,inj_8,0.7200500312695436,0.75,0.02994996873045641,ok
46667,1,0.85,inj_8,0.8246716697936209,0.85,0.025328330206379035,ok
46667,1,0.95,inj_8,0.9360975609756097,0.95,0.013902439024390256,ok
46667,2,0.65,inj_3,0.6373358348968106,0.65,0.012664165103189462,ok
46667,2,0.75,inj_3,0.741863664790494,0.75,0.008136335209505963,ok
46667,2,0.85,inj_3,0.8465165728580364,0.85,0.003483427141963591,ok
46667,2,0.95,inj_3,0.9503252032520325,0.95,0.0003252032520325576,ok
46911,0,0.65,inj_4,0.6550300046897066,0.65,0.005030004689706602,ok
46911,0,0.75,inj_4,0.752220305116367,0.75,0.0022203051163669496,ok
46911,0,0.85,inj_4,0.8491400242074431,0.85,0.0008599757925569218,ok
46911,0,0.95,inj_4,0.9476517898717998,0.95,0.00234821012820019,ok
46911,1,0.65,inj_8,0.6512576483615218,0.65,0.001257648361521757,ok
46911,1,0.75,inj_8,0.7522798589031461,0.75,0.0022798589031460814,ok
46911,1,0.85,inj_8,0.8529726124711179,0.85,0.002972612471117908,ok
46911,1,0.95,inj_8,0.9522011196728413,0.95,0.002201119672841312,ok
46911,2,0.65,inj_7,0.6590567284343007,0.65,0.00905672843430072,ok
46911,2,0.75,inj_7,0.7589672682893778,0.75,0.008967268289377772,ok
46911,2,0.85,inj_7,0.8576741558327785,0.85,0.007674155832778529,ok
46911,2,0.95,inj_7,0.954444497257844,0.95,0.004444497257844016,ok
46915,0,0.65,inj_2,0.6480593552017675,0.65,0.001940644798232527,ok
46915,0,0.75,inj_2,0.7477996976097729,0.75,0.00220030239022706,ok
46915,0,0.85,inj_2,0.8479245348913449,0.85,0.0020754651086550835,ok
46915,0,0.95,inj_2,0.9492977449886348,0.95,0.000702255011365116,ok
46915,1,0.65,inj_6,0.6453761279092869,0.65,0.0046238720907131325,ok
46915,1,0.75,inj_6,0.745929609432941,0.75,0.004070390567059046,ok
46915,1,0.85,inj_6,0.8472230870885832,0.85,0.0027769129114167956,ok
46915,1,0.95,inj_6,0.9495550633230438,0.95,0.00044493667695610917,ok
46915,2,0.65,inj_5,0.6525695097212627,0.65,0.002569509721262686,ok
46915,2,0.75,inj_5,0.7518433185037582,0.75,0.0018433185037581845,ok
46915,2,0.85,inj_5,0.8508624447350396,0.85,0.0008624447350396025,ok
46915,2,0.95,inj_5,0.9497132103147421,0.95,0.00028678968525785997,ok
46916,0,0.65,inj_2,0.6565136127070657,0.65,0.00651361270706563,ok
46916,0,0.75,inj_2,0.7568959643005484,0.75,0.006895964300548396,ok
46916,0,0.85,inj_2,0.856936686389658,0.85,0.006936686389658053,ok
46916,0,0.95,inj_2,0.9547101636717579,0.95,0.0047101636717579165,ok
46916,1,0.65,inj_1,0.6442628045472752,0.65,0.005737195452724775,ok
46916,1,0.75,inj_1,0.7469142485924642,0.75,0.003085751407535753,ok
46916,1,0.85,inj_1,0.849040592014923,0.85,0.0009594079850769877,ok
46916,1,0.95,inj_1,0.9497339022108178,0.95,0.00026609778918218474,ok
46916,2,0.65,inj_7,0.6496706758093054,0.65,0.00032932419069464647,ok
46916,2,0.75,inj_7,0.7487678057519397,0.75,0.0012321942480603143,ok
46916,2,0.85,inj_7,0.848483157610005,0.85,0.0015168423899949435,ok
46916,2,0.95,inj_7,0.9494959255739154,0.95,0.0005040744260845775,ok
46925,0,0.65,inj_6,0.6525919177857844,0.65,0.002591917785784381,ok
46925,0,0.75,inj_6,0.7556462905339012,0.75,0.005646290533901199,ok
46925,0,0.85,inj_6,0.8571558712741566,0.85,0.007155871274156622,ok
46925,0,0.95,inj_6,0.9556421962004586,0.95,0.005642196200458693,ok
46925,1,0.65,inj_1,0.6421914919751065,0.65,0.0078085080248935235,ok
46925,1,0.75,inj_1,0.7416686455944972,0.75,0.008331354405502811,ok
46925,1,0.85,inj_1,0.8427694071405175,0.85,0.007230592859482465,ok
46925,1,0.95,inj_1,0.9465126514903376,0.95,0.003487348509662369,ok
46925,2,0.65,inj_2,0.6490138797903702,0.65,0.0009861202096298483,ok
46925,2,0.75,inj_2,0.7479784228627578,0.75,0.0020215771372421587,ok
46925,2,0.85,inj_2,0.8475728791352768,0.85,0.0024271208647231868,ok
46925,2,0.95,inj_2,0.948564526695054,0.95,0.0014354733049459778,ok
46927,0,0.65,inj_1,0.6338853277853118,0.65,0.016114672214688208,ok
46927,0,0.75,inj_1,0.7361713597425898,0.75,0.013828640257410152,ok
46927,0,0.85,inj_1,0.8399356474423227,0.85,0.010064352557677236,ok
46927,0,0.95,inj_1,0.9449339207048458,0.95,0.0050660792951541245,ok
46927,1,0.65,inj_4,0.6437845873939742,0.65,0.006215412606025872,ok
46927,1,0.75,inj_4,0.7415010823695892,0.75,0.008498917630410774,ok
46927,1,0.85,inj_4,0.8393691933187893,0.85,0.010630806681210636,ok
46927,1,0.95,inj_4,0.941905812787965,0.95,0.00809418721203492,ok
46927,2,0.65,inj_1,0.6430559884098012,0.65,0.006944011590198862,ok
46927,2,0.75,inj_1,0.7471508831630461,0.75,0.00284911683695388,ok
46927,2,0.85,inj_1,0.8492600298178081,0.85,0.0007399701821918514,ok
46927,2,0.95,inj_1,0.9504489517440049,0.95,0.000448951744004944,ok
46938,0,0.65,inj_3,0.6327365916897211,0.65,0.01726340831027895,ok
46938,0,0.75,inj_3,0.7284424575331115,0.75,0.021557542466888457,ok
46938,0,0.85,inj_3,0.8268914638546971,0.85,0.023108536145302838,ok
46938,0,0.95,inj_3,0.9340276385603357,0.95,0.015972361439664295,ok
46938,1,0.65,inj_6,0.6516545714553013,0.65,0.0016545714553012347,ok
46938,1,0.75,inj_6,0.7515235956858185,0.75,0.0015235956858185018,ok
46938,1,0.85,inj_6,0.8505239030779305,0.85,0.0005239030779304876,ok
46938,1,0.95,inj_6,0.9509776405650668,0.95,0.000977640565066884,ok
46938,2,0.65,inj_2,0.6386639135025326,0.65,0.011336086497467424,ok
46938,2,0.75,inj_2,0.741767237346805,0.75,0.008232762653194947,ok
46938,2,0.85,inj_2,0.8439249963246596,0.85,0.006075003675340418,ok
46938,2,0.95,inj_2,0.9465271373775443,0.95,0.003472862622455608,ok
46950,0,0.65,inj_4,0.6383259423503327,0.65,0.011674057649667335,ok
46950,0,0.75,inj_4,0.7392332594235034,0.75,0.010766740576496625,ok
46950,0,0.85,inj_4,0.8408611973392461,0.85,0.009138802660753842,ok
46950,0,0.95,inj_4,0.9447773835920178,0.95,0.005222616407982161,ok
46950,1,0.65,inj_2,0.6553281596452327,0.65,0.0053281596452327,ok
46950,1,0.75,inj_2,0.7513649667405765,0.75,0.001364966740576512,ok
46950,1,0.85,inj_2,0.8477157427937916,0.85,0.0022842572062083955,ok
46950,1,0.95,inj_2,0.9467095343680709,0.95,0.0032904656319290293,ok
46950,2,0.65,inj_2,0.6484665188470067,0.65,0.0015334811529933434,ok
46950,2,0.75,inj_2,0.7476811529933481,0.75,0.0023188470066518585,ok
46950,2,0.85,inj_2,0.8484119733924611,0.85,0.0015880266075388727,ok
46950,2,0.95,inj_2,0.9509835920177383,0.95,0.000983592017738344,ok
46956,0,0.65,inj_5,0.6573151713046445,0.65,0.00731517130464443,ok
46956,0,0.75,inj_5,0.758633461669672,0.75,0.008633461669672049,ok
46956,0,0.85,inj_5,0.8594302841269068,0.85,0.00943028412690683,ok
46956,0,0.95,inj_5,0.9569106681612164,0.95,0.006910668161216438,ok
46956,1,0.65,inj_6,0.6425264389102782,0.65,0.0074735610897218585,ok
46956,1,0.75,inj_6,0.7457039816755202,0.75,0.004296018324479789,ok
46956,1,0.85,inj_6,0.8508772357327354,0.85,0.0008772357327354596,ok
46956,1,0.95,inj_6,0.9555485160095522,0.95,0.005548516009552196,ok
46956,2,0.65,inj_3,0.6529460500024368,0.65,0.002946050002436751,ok
46956,2,0.75,inj_3,0.7526560748574492,0.75,0.002656074857449231,ok
46956,2,0.85,inj_3,0.8524586968175838,0.85,0.0024586968175838164,ok
46956,2,0.95,inj_3,0.9519762171645791,0.95,0.001976217164579186,ok
47044,0,0.65,inj_4,0.6823943917765428,0.65,0.0323943917765428,ok
47044,0,0.75,inj_4,0.7753441574951873,0.75,0.02534415749518726,ok
47044,0,0.85,inj_4,0.8664414659838001,0.85,0.01644146598380014,ok
47044,0,0.95,inj_4,0.9537975373215648,0.95,0.003797537321564848,ok
47044,1,0.65,inj_3,0.7065126584577384,0.65,0.05651265845773834,ok
47044,1,0.75,inj_3,0.7981911299989103,0.75,0.04819112999891029,ok
47044,1,0.85,inj_3,0.8836220987250736,0.85,0.0336220987250736,ok
47044,1,0.95,inj_3,0.9622244015836693,0.95,0.012224401583669331,ok
47044,2,0.65,inj_5,0.5696124368893248,0.65,0.08038756311067519,outside_0.06_recorded
47044,2,0.75,inj_5,0.6804329664741564,0.75,0.06956703352584359,outside_0.06_recorded
47044,2,0.85,inj_5,0.8011695906432749,0.85,0.04883040935672511,ok
47044,2,0.95,inj_5,0.9349097381133994,0.95,0.015090261886600564,ok
47050,0,0.65,inj_5,0.6995387018270314,0.65,0.04953870182703135,ok
47050,0,0.75,inj_5,0.794014020558643,0.75,0.04401402055864301,ok
47050,0,0.85,inj_5,0.8840942937052777,0.85,0.03409429370527772,ok
47050,0,0.95,inj_5,0.9676001598198394,0.95,0.017600159819839423,ok
47050,1,0.65,inj_3,0.6305255893356579,0.65,0.01947441066434208,ok
47050,1,0.75,inj_3,0.735643456467255,0.75,0.014356543532744959,ok
47050,1,0.85,inj_3,0.8403980966910028,0.85,0.009601903308997128,ok
47050,1,0.95,inj_3,0.9456975772765246,0.95,0.004302422723475363,ok
47050,2,0.65,inj_4,0.6132359885220298,0.65,0.03676401147797026,ok
47050,2,0.75,inj_4,0.7175547564563582,0.75,0.032445243543641755,ok
47050,2,0.85,inj_4,0.8245614035087718,0.85,0.02543859649122815,ok
47050,2,0.95,inj_4,0.9399585921325051,0.95,0.010041407867494856,ok
47052,0,0.65,inj_7,0.6932548763212378,0.65,0.04325487632123781,ok
47052,0,0.75,inj_7,0.7910355599142785,0.75,0.04103555991427854,ok
47052,0,0.85,inj_7,0.8871453997312121,0.85,0.037145399731212114,ok
47052,0,0.95,inj_7,0.9684355817078929,0.95,0.018435581707892945,ok
47052,1,0.65,inj_4,0.6283462278885619,0.65,0.021653772111438152,ok
47052,1,0.75,inj_4,0.7316116377901275,0.75,0.0183883622098725,ok
47052,1,0.85,inj_4,0.8363299553230903,0.85,0.013670044676909687,ok
47052,1,0.95,inj_4,0.9429733754676546,0.95,0.007026624532345371,ok
47052,2,0.65,inj_1,0.716646689186735,0.65,0.066646689186735,outside_0.06_recorded
47052,2,0.75,inj_1,0.8033126293995859,0.75,0.05331262939958592,ok
47052,2,0.85,inj_1,0.8856561694090297,0.85,0.035656169409029714,ok
47052,2,0.95,inj_1,0.9599723947550034,0.95,0.009972394755003444,ok
