openml_id,feature,registered_auroc,recomputed_auroc,abs_diff,status
3,bkblk,0.49556671740113944,0.49556671740113944,0.0,ok
3,bknwy,0.49745405548146154,0.49745405548146154,0.0,ok
3,bkon8,0.5142703947283234,0.5142703947283234,0.0,ok
3,bkona,0.5053173101861715,0.5053173101861715,0.0,ok
3,bkspr,0.5184303860646176,0.5184303860646176,0.0,ok
3,bkxbq,0.5738551489604142,0.5738551489604142,0.0,ok
3,bkxcr,0.5818777091247107,0.5818777091247107,0.0,ok
3,bkxwp,0.5951489133288053,0.5951489133288053,0.0,ok
3,blxwp,0.5426510939694251,0.5426510939694251,0.0,ok
3,bxqsq,0.6663025399018977,0.6663025399018977,0.0,ok
3,cntxt,0.5293698841268589,0.5293698841268589,0.0,ok
3,dsopp,0.49749270471242035,0.49749270471242035,0.0,ok
3,dwipd,0.5450808946060977,0.5450808946060977,0.0,ok
3,hdchk,0.5031900329715215,0.5031900329715215,0.0,ok
3,katri,0.5881689014554475,0.5881689014554475,0.0,ok
3,mulch,0.5295268353185697,0.5295268353185697,0.0,ok
3,qxmsq,0.5024916001684085,0.5024916001684085,0.0,ok
3,r2ar8,0.576493694682062,0.576493694682062,0.0,ok
3,reskd,0.5016946804924971,0.5016946804924971,0.0,ok
3,reskr,0.4987318343709769,0.4987318343709769,0.0,ok
3,rimmx,0.6660726064060414,0.6660726064060414,0.0,ok
3,rkxwp,0.533577157009656,0.533577157009656,0.0,ok
3,rxmsq,0.520907468247793,0.520907468247793,0.0,ok
3,simpl,0.5227404619779853,0.5227404619779853,0.0,ok
3,skach,0.5026873967800678,0.5026873967800678,0.0,ok
3,skewr,0.517972677151791,0.517972677151791,0.0,ok
3,skrxp,0.5295460618395543,0.5295460618395543,0.0,ok
3,spcop,0.5007092231975431,0.5007092231975431,0.0,ok
3,stlmt,0.5135413564428267,0.5135413564428267,0.0,ok
3,thrsk,0.5077066958909786,0.5077066958909786,0.0,ok
3,wkcti,0.5441132905092008,0.5441132905092008,0.0,ok
3,wkna8,0.5409289470183787,0.5409289470183787,0.0,ok
3,wknck,0.6769094976267018,0.6769094976267018,0.0,ok
3,wkovl,0.520803291894295,0.520803291894295,0.0,ok
3,wkpos,0.564972300076553,0.564972300076553,0.0,ok
3,wtoeg,0.4925412869919245,0.4925412869919245,0.0,ok
13,age,0.5336259877085162,0.5336259877085162,0.0,ok
13,breast,0.5320749195200468,0.5320749195200468,0.0,ok
13,breast-quad,0.5081065261925666,0.5081065261925666,0.0,ok
13,deg-malig,0.685513608428446,0.685513608428446,0.0,ok
13,inv-nodes,0.6201346210125842,0.6201346210125842,0.0,ok
13,irradiat,0.6093356745683347,0.6093356745683347,0.0,ok
13,menopause,0.5192566578870355,0.5192566578870355,0.0,ok
13,node-caps,0.621627158326017,0.621627158326017,0.0,ok
13,tumor-size,0.5895815042434884,0.5895815042434884,0.0,ok
15,Bare_Nuclei,0.9393583866350178,0.9393583866350178,0.0,ok
15,Bland_Chromatin,0.9372066897388972,0.9372066897388972,0.0,ok
15,Cell_Shape_Uniformity,0.9720687093442535,0.9720687093442535,0.0,ok
15,Cell_Size_Uniformity,0.9723042635307761,0.9723042635307761,0.0,ok
15,Clump_Thickness,0.9101768468354201,0.9101768468354201,0.0,ok
15,Marginal_Adhesion,0.8911014876152855,0.8911014876152855,0.0,ok
15,Mitoses,0.6860787475765098,0.6860787475765098,0.0,ok
15,Normal_Nucleoli,0.8790972838790337,0.8790972838790337,0.0,ok
15,Single_Epi_Cell_Size,0.9152186124046459,0.9152186124046459,0.0,ok
24,bruises%3F,0.7479470860504045,0.7479470860504045,0.0,ok
24,cap-color,0.5256573281302795,0.5256573281302795,0.0,ok
24,cap-shape,0.5267789695778652,0.5267789695778652,0.0,ok
24,cap-surface,0.5824938368281439,0.5824938368281439,0.0,ok
24,gill-attachment,0.520528198877958,0.520528198877958,0.0,ok
24,gill-color,0.8039707794288422,0.8039707794288422,0.0,ok
24,gill-size,0.7448273899222067,0.7448273899222067,0.0,ok
24,gill-spacing,0.6265228301945416,0.6265228301945416,0.0,ok
24,habitat,0.6191707475327893,0.6191707475327893,0.0,ok
24,odor,0.5630141842766538,0.5630141842766538,0.0,ok
24,population,0.6203725235652117,0.6203725235652117,0.0,ok
24,ring-number,0.5546264205152305,0.5546264205152305,0.0,ok
24,ring-type,0.7317931856534758,0.7317931856534758,0.0,ok
24,spore-print-color,0.4953283145193552,0.4953283145193552,0.0,ok
24,stalk-color-above-ring,0.5960864344193849,0.5960864344193849,0.0,ok
24,stalk-color-below-ring,0.5891068061419078,0.5891068061419078,0.0,ok
24,stalk-shape,0.5523315856853233,0.5523315856853233,0.0,ok
24,stalk-surface-above-ring,0.7092689953859955,0.7092689953859955,0.0,ok
24,stalk-surface-below-ring,0.6940768313771715,0.6940768313771715,0.0,ok
24,veil-color,0.5239194908671454,0.5239194908671454,0.0,ok
24,veil-type,0.5,0.5,0.0,ok
25,Age,0.5088425456389453,0.5088425456389453,0.0,ok
25,abdominal_distension,0.6675171146044625,0.6675171146044625,0.0,ok
25,capillary_refill_time,0.5510110294117647,0.5510110294117647,0.0,ok
25,mucous_membranes,0.6063482505070994,0.6063482505070994,0.0,ok
25,outcome,0.6230032961460445,0.6230032961460445,0.0,ok
25,packed_cell_volume,0.6160148326572008,0.6160148326572008,0.0,ok
25,pain,0.7014135395537525,0.7014135395537525,0.0,ok
25,pathology_cp_data,0.46857568458417853,0.46857568458417853,0.0,ok
25,peripheral_pulse,0.6189623478701826,0.6189623478701826,0.0,ok
25,peristalsis,0.6571057302231238,0.6571057302231238,0.0,ok
25,pulse,0.6650766987829615,0.6650766987829615,0.0,ok
25,rectal_temperature,0.5134381338742394,0.5134381338742394,0.0,ok
25,respiratory_rate,0.6063640973630832,0.6063640973630832,0.0,ok
25,site_of_lesion,0.6768033722109533,0.6768033722109533,0.0,ok
25,subtype_of_lesion,0.5038824797160243,0.5038824797160243,0.0,ok
25,surgery,0.807619168356998,0.807619168356998,0.0,ok
25,temperature_of_extremities,0.6091531440162272,0.6091531440162272,0.0,ok
25,total_protein,0.44421906693711966,0.44421906693711966,0.0,ok
25,type_of_lesion,0.5032644523326572,0.5032644523326572,0.0,ok
27,Age,0.5088425456389452,0.5088425456389452,0.0,ok
27,abdominal_distension,0.6061263945233266,0.6061263945233266,0.0,ok
27,capillary_refill_time,0.5510110294117647,0.5510110294117647,0.0,ok
27,mucous_membranes,0.5390308062880325,0.5390308062880325,0.0,ok
27,outcome,0.6604811105476673,0.6604811105476673,0.0,ok
27,packed_cell_volume,0.6160148326572008,0.6160148326572008,0.0,ok
27,pain,0.6003264452332657,0.6003264452332657,0.0,ok
27,peripheral_pulse,0.5819757860040569,0.5819757860040569,0.0,ok
27,peristalsis,0.5752091784989858,0.5752091784989858,0.0,ok
27,pulse,0.6650766987829615,0.6650766987829615,0.0,ok
27,rectal_temperature,0.5134381338742393,0.5134381338742393,0.0,ok
27,respiratory_rate,0.6063640973630832,0.6063640973630832,0.0,ok
27,surgery,0.8020727687626775,0.8020727687626775,0.0,ok
27,temp_extremities,0.6034007352941176,0.6034007352941176,0.0,ok
27,total_protein,0.44426660750507097,0.44426660750507097,0.0,ok
29,A1,0.5151002287784592,0.5151002287784592,0.0,ok
29,A10,0.7301562327246749,0.7301562327246749,0.0,ok
29,A11,0.7691888995671069,0.7691888995671069,0.0,ok
29,A12,0.5088194521223668,0.5088194521223668,0.0,ok
29,A13,0.5231287367857052,0.5231287367857052,0.0,ok
29,A14,0.5755053962800112,0.5755053962800112,0.0,ok
29,A15,0.6642357183558568,0.6642357183558568,0.0,ok
29,A2,0.5869145525212407,0.5869145525212407,0.0,ok
29,A3,0.6099582415526318,0.6099582415526318,0.0,ok
29,A4,0.5768023745333004,0.5768023745333004,0.0,ok
29,A5,0.5753735722608244,0.5753735722608244,0.0,ok
29,A6,0.5751822148136179,0.5751822148136179,0.0,ok
29,A7,0.48245464828501206,0.48245464828501206,0.0,ok
29,A8,0.719839940126381,0.719839940126381,0.0,ok
29,A9,0.860555702026688,0.860555702026688,0.0,ok
31,age,0.5697619047619048,0.5697619047619048,0.0,ok
31,checking_status,0.6741142857142858,0.6741142857142858,0.0,ok
31,credit_amount,0.5550499999999999,0.5550499999999999,0.0,ok
31,credit_history,0.5617047619047619,0.5617047619047619,0.0,ok
31,duration,0.6302285714285712,0.6302285714285712,0.0,ok
31,employment,0.4751357142857142,0.4751357142857142,0.0,ok
31,existing_credits,0.5190809523809523,0.5190809523809523,0.0,ok
31,foreign_worker,0.517,0.517,0.0,ok
31,housing,0.4839119047619047,0.4839119047619047,0.0,ok
31,installment_commitment,0.5437833333333333,0.5437833333333333,0.0,ok
31,job,0.5174357142857142,0.5174357142857142,0.0,ok
31,num_dependents,0.4836404761904762,0.4836404761904762,0.0,ok
31,other_parties,0.4874119047619047,0.4874119047619047,0.0,ok
31,other_payment_plans,0.5298190476190476,0.5298190476190476,0.0,ok
31,own_telephone,0.5096571428571429,0.5096571428571429,0.0,ok
31,personal_status,0.5457023809523809,0.5457023809523809,0.0,ok
31,property_magnitude,0.5255119047619048,0.5255119047619048,0.0,ok
31,purpose,0.583404761904762,0.583404761904762,0.0,ok
31,residence_since,0.4592785714285714,0.4592785714285714,0.0,ok
31,savings_status,0.5471476190476191,0.5471476190476191,0.0,ok
37,age,0.6871641791044776,0.6871641791044776,0.0,ok
37,insu,0.5259514925373134,0.5259514925373134,0.0,ok
37,mass,0.6872425373134328,0.6872425373134328,0.0,ok
37,pedi,0.6065708955223881,0.6065708955223881,0.0,ok
37,plas,0.7879888059701492,0.7879888059701492,0.0,ok
37,preg,0.6150820895522389,0.6150820895522389,0.0,ok
37,pres,0.5868059701492538,0.5868059701492538,0.0,ok
37,skin,0.5491194029850747,0.5491194029850747,0.0,ok
38,FTI,0.5082191177926846,0.5082191177926846,0.0,ok
38,FTI_measured,0.5362011611658604,0.5362011611658604,0.0,ok
38,I131_treatment,0.5025172041551595,0.5025172041551595,0.0,ok
38,T3,0.9381402274652769,0.9381402274652769,0.0,ok
38,T3_measured,0.6011398937126132,0.6011398937126132,0.0,ok
38,T4U,0.78010283983173,0.78010283983173,0.0,ok
38,T4U_measured,0.5364823447286029,0.5364823447286029,0.0,ok
38,TBG_measured,0.5,0.5,0.0,ok
38,TSH,0.46715164718553587,0.46715164718553587,0.0,ok
38,TSH_measured,0.5474234416623571,0.5474234416623571,0.0,ok
38,TT4,0.6662455025911675,0.6662455025911675,0.0,ok
38,TT4_measured,0.5326179045467382,0.5326179045467382,0.0,ok
38,age,0.702698506426267,0.702698506426267,0.0,ok
38,goitre,0.4994192948160754,0.4994192948160754,0.0,ok
38,hypopituitary,0.4948897943814634,0.4948897943814634,0.0,ok
38,lithium,0.49805494326815986,0.49805494326815986,0.0,ok
38,on_antithyroid_medication,0.5060185507799175,0.5060185507799175,0.0,ok
38,on_thyroxine,0.5401230605975029,0.5401230605975029,0.0,ok
38,pregnant,0.5064091514246838,0.5064091514246838,0.0,ok
38,psych,0.5111507620685819,0.5111507620685819,0.0,ok
38,query_on_thyroxine,0.5039072289848907,0.5039072289848907,0.0,ok
38,referral_source,0.6796683501004314,0.6796683501004314,0.0,ok
38,sex,0.548922883574112,0.548922883574112,0.0,ok
38,sick,0.536940796189596,0.536940796189596,0.0,ok
38,thyroid_surgery,0.5038601613015621,0.5038601613015621,0.0,ok
38,tumor,0.5071964654003626,0.5071964654003626,0.0,ok
40,attribute_1,0.6491594687470975,0.6491594687470975,0.0,ok
40,attribute_10,0.7328410885111915,0.7328410885111915,0.0,ok
40,attribute_11,0.7776075044116282,0.7776075044116282,0.0,ok
40,attribute_12,0.7448221417293582,0.7448221417293582,0.0,ok
40,attribute_13,0.7041422866165135,0.7041422866165135,0.0,ok
40,attribute_14,0.6161419151109871,0.6161419151109871,0.0,ok
40,attribute_15,0.5525215937587072,0.5525215937587072,0.0,ok
40,attribute_16,0.5309278350515464,0.5309278350515464,0.0,ok
40,attribute_17,0.5271199034085632,0.5271199034085632,0.0,ok
40,attribute_18,0.5187610290703074,0.5187610290703074,0.0,ok
40,attribute_19,0.577366025819634,0.577366025819634,0.0,ok
40,attribute_2,0.6232469582985046,0.6232469582985046,0.0,ok
40,attribute_20,0.6232469582985046,0.6232469582985046,0.0,ok
40,attribute_21,0.6432618185195504,0.6432618185195504,0.0,ok
40,attribute_22,0.6125661744218445,0.6125661744218445,0.0,ok
40,attribute_23,0.5848890127240642,0.5848890127240642,0.0,ok
40,attribute_24,0.5527073465217796,0.5527073465217796,0.0,ok
40,attribute_25,0.47835980310207116,0.47835980310207116,0.0,ok
40,attribute_26,0.4726479056375964,0.4726479056375964,0.0,ok
40,attribute_27,0.5526144701402433,0.5526144701402433,0.0,ok
40,attribute_28,0.5787591715426768,0.5787591715426768,0.0,ok
40,attribute_29,0.527027027027027,0.527027027027027,0.0,ok
40,attribute_3,0.6160026005386829,0.6160026005386829,0.0,ok
40,attribute_30,0.4744125568867837,0.4744125568867837,0.0,ok
40,attribute_31,0.5781090368719234,0.5781090368719234,0.0,ok
40,attribute_32,0.5430482028420173,0.5430482028420173,0.0,ok
40,attribute_33,0.5570260982632116,0.5570260982632116,0.0,ok
40,attribute_34,0.5919011795300456,0.5919011795300456,0.0,ok
40,attribute_35,0.6424259310857248,0.6424259310857248,0.0,ok
40,attribute_36,0.6638803752205813,0.6638803752205813,0.0,ok
40,attribute_37,0.6242685984954026,0.6242685984954026,0.0,ok
40,attribute_38,0.4828643076065756,0.4828643076065756,0.0,ok
40,attribute_39,0.55827992941395,0.55827992941395,0.0,ok
40,attribute_4,0.6629516114052197,0.6629516114052197,0.0,ok
40,attribute_40,0.42379492894956816,0.42379492894956816,0.0,ok
40,attribute_41,0.5225225225225226,0.5225225225225226,0.0,ok
40,attribute_42,0.5921798086746539,0.5921798086746539,0.0,ok
40,attribute_43,0.6406148416457695,0.6406148416457695,0.0,ok
40,attribute_44,0.6480913903594316,0.6480913903594316,0.0,ok
40,attribute_45,0.6717748676511562,0.6717748676511562,0.0,ok
40,attribute_46,0.6847311228754528,0.6847311228754528,0.0,ok
40,attribute_47,0.6946688956998235,0.6946688956998235,0.0,ok
40,attribute_48,0.7018668152688771,0.7018668152688771,0.0,ok
40,attribute_49,0.730333426209715,0.730333426209715,0.0,ok
40,attribute_5,0.6542676697315872,0.6542676697315872,0.0,ok
40,attribute_50,0.6211572397139408,0.6211572397139408,0.0,ok
40,attribute_51,0.6962013559951703,0.6962013559951703,0.0,ok
40,attribute_52,0.6905358967214638,0.6905358967214638,0.0,ok
40,attribute_53,0.571468375592087,0.571468375592087,0.0,ok
40,attribute_54,0.5670567474691186,0.5670567474691186,0.0,ok
40,attribute_55,0.4154360546113123,0.4154360546113123,0.0,ok
40,attribute_56,0.5601838952354417,0.5601838952354417,0.0,ok
40,attribute_57,0.46475341320702146,0.46475341320702146,0.0,ok
40,attribute_58,0.6000278629144609,0.6000278629144609,0.0,ok
40,attribute_59,0.5528930992848519,0.5528930992848519,0.0,ok
40,attribute_6,0.6220395653385343,0.6220395653385343,0.0,ok
40,attribute_60,0.47668802823441997,0.47668802823441997,0.0,ok
40,attribute_7,0.5812668338441535,0.5812668338441535,0.0,ok
40,attribute_8,0.6398718305934801,0.6398718305934801,0.0,ok
40,attribute_9,0.7301941116374105,0.7301941116374105,0.0,ok
44,capital_run_length_average,0.7881312709658683,0.7881312709658683,0.0,ok
44,capital_run_length_longest,0.8040936216279524,0.8040936216279524,0.0,ok
44,capital_run_length_total,0.7623213425119554,0.7623213425119554,0.0,ok
44,char_freq_%21,0.8265392181922209,0.8265392181922209,0.0,ok
44,char_freq_%23,0.5994676380769842,0.5994676380769842,0.0,ok
44,char_freq_%24,0.7697406582936404,0.7697406582936404,0.0,ok
44,char_freq_%28,0.5188030057111837,0.5188030057111837,0.0,ok
44,char_freq_%3B,0.5210376833660293,0.5210376833660293,0.0,ok
44,char_freq_%5B,0.5334014621009906,0.5334014621009906,0.0,ok
44,word_freq_000,0.6522430659805122,0.6522430659805122,0.0,ok
44,word_freq_1999,0.6007801934221283,0.6007801934221283,0.0,ok
44,word_freq_3d,0.5073950806426724,0.5073950806426724,0.0,ok
44,word_freq_415,0.5322195786686461,0.5322195786686461,0.0,ok
44,word_freq_650,0.567752743813412,0.567752743813412,0.0,ok
44,word_freq_85,0.5649716379630297,0.5649716379630297,0.0,ok
44,word_freq_857,0.5331331939499596,0.5331331939499596,0.0,ok
44,word_freq_address,0.6199112143209293,0.6199112143209293,0.0,ok
44,word_freq_addresses,0.5670626853246242,0.5670626853246242,0.0,ok
44,word_freq_all,0.6740641873097294,0.6740641873097294,0.0,ok
44,word_freq_business,0.6477563998572402,0.6477563998572402,0.0,ok
44,word_freq_conference,0.5271075470399103,0.5271075470399103,0.0,ok
44,word_freq_credit,0.5891346650723571,0.5891346650723571,0.0,ok
44,word_freq_cs,0.5236791156805505,0.5236791156805505,0.0,ok
44,word_freq_data,0.5468180350584533,0.5468180350584533,0.0,ok
44,word_freq_direct,0.5107620833435549,0.5107620833435549,0.0,ok
44,word_freq_edu,0.563043707924831,0.563043707924831,0.0,ok
44,word_freq_email,0.6278063301787425,0.6278063301787425,0.0,ok
44,word_freq_font,0.5207786146759297,0.5207786146759297,0.0,ok
44,word_freq_free,0.7288941614879307,0.7288941614879307,0.0,ok
44,word_freq_george,0.6294830061226864,0.6294830061226864,0.0,ok
44,word_freq_hp,0.6732483039359448,0.6732483039359448,0.0,ok
44,word_freq_hpl,0.6303753538330297,0.6303753538330297,0.0,ok
44,word_freq_internet,0.631901870834029,0.631901870834029,0.0,ok
44,word_freq_lab,0.5577739005951754,0.5577739005951754,0.0,ok
44,word_freq_labs,0.5720939001836728,0.5720939001836728,0.0,ok
44,word_freq_mail,0.6388081930201218,0.6388081930201218,0.0,ok
44,word_freq_make,0.6013870610867947,0.6013870610867947,0.0,ok
44,word_freq_meeting,0.5505452016007458,0.5505452016007458,0.0,ok
44,word_freq_money,0.6700026747679956,0.6700026747679956,0.0,ok
44,word_freq_order,0.6153467979149472,0.6153467979149472,0.0,ok
44,word_freq_original,0.5288933305688789,0.5288933305688789,0.0,ok
44,word_freq_our,0.7102361709350846,0.7102361709350846,0.0,ok
44,word_freq_over,0.6290761525440762,0.6290761525440762,0.0,ok
44,word_freq_parts,0.4989597684822117,0.4989597684822117,0.0,ok
44,word_freq_people,0.5839339031591542,0.5839339031591542,0.0,ok
44,word_freq_pm,0.5394693473961767,0.5394693473961767,0.0,ok
44,word_freq_project,0.5363308474345572,0.5363308474345572,0.0,ok
44,word_freq_re,0.5350965369667973,0.5350965369667973,0.0,ok
44,word_freq_receive,0.6264457002313121,0.6264457002313121,0.0,ok
44,word_freq_remove,0.6916711641808998,0.6916711641808998,0.0,ok
44,word_freq_report,0.5423819165108364,0.5423819165108364,0.0,ok
44,word_freq_table,0.5028629118094172,0.5028629118094172,0.0,ok
44,word_freq_technology,0.5565726290516206,0.5565726290516206,0.0,ok
44,word_freq_telnet,0.5472964070268845,0.5472964070268845,0.0,ok
44,word_freq_will,0.5801968447233871,0.5801968447233871,0.0,ok
44,word_freq_you,0.7094716264884331,0.7094716264884331,0.0,ok
44,word_freq_your,0.7815048893651066,0.7815048893651066,0.0,ok
49,age,0.6372200263504612,0.6372200263504612,0.0,ok
49,ca,0.7429732103645147,0.7429732103645147,0.0,ok
49,chol,0.5685990338164251,0.5685990338164251,0.0,ok
49,cp,0.7356609574000879,0.7356609574000879,0.0,ok
49,exang,0.6990996925779535,0.6990996925779535,0.0,ok
49,fbs,0.47751427316644707,0.47751427316644707,0.0,ok
49,oldpeak,0.7417435221783047,0.7417435221783047,0.0,ok
49,restecg,0.5757795344751866,0.5757795344751866,0.0,ok
49,sex,0.6268774703557313,0.6268774703557313,0.0,ok
49,slope,0.7058410188844971,0.7058410188844971,0.0,ok
49,thal,0.6858805445761967,0.6858805445761967,0.0,ok
49,thalach,0.7482872200263504,0.7482872200263504,0.0,ok
49,trestbps,0.571036451471234,0.571036451471234,0.0,ok
50,bottom-left-square,0.5277267215828169,0.5277267215828169,0.0,ok
50,bottom-middle-square,0.5433571346087225,0.5433571346087225,0.0,ok
50,bottom-right-square,0.5232182724508257,0.5232182724508257,0.0,ok
50,middle-left-square,0.5552657916009085,0.5552657916009085,0.0,ok
50,middle-middle-square,0.6213095192270681,0.6213095192270681,0.0,ok
50,middle-right-square,0.5422889641633627,0.5422889641633627,0.0,ok
50,top-left-square,0.5310443050155895,0.5310443050155895,0.0,ok
50,top-middle-square,0.548938565764656,0.548938565764656,0.0,ok
50,top-right-square,0.5301301050848762,0.5301301050848762,0.0,ok
51,age,0.5863358089120835,0.5863358089120835,0.0,ok
51,chest_pain,0.7467884383781614,0.7467884383781614,0.0,ok
51,chol,0.6029706945002007,0.6029706945002007,0.0,ok
51,exang,0.7709002408671217,0.7709002408671217,0.0,ok
51,fbs,0.5300582095543958,0.5300582095543958,0.0,ok
51,oldpeak,0.7612655560016057,0.7612655560016057,0.0,ok
51,restecg,0.48248695303091127,0.48248695303091127,0.0,ok
51,sex,0.6283871938980329,0.6283871938980329,0.0,ok
51,thalach,0.6908621035728623,0.6908621035728623,0.0,ok
51,trestbps,0.5863859895624247,0.5863859895624247,0.0,ok
53,age,0.6266666666666666,0.6266666666666666,0.0,ok
53,chest,0.7539999999999999,0.7539999999999999,0.0,ok
53,exercise_induced_angina,0.6893611111111111,0.6893611111111111,0.0,ok
53,fasting_blood_sugar,0.4935555555555555,0.4935555555555555,0.0,ok
53,maximum_heart_rate_achieved,0.7420833333333332,0.7420833333333332,0.0,ok
53,number_of_major_vessels,0.7337777777777779,0.7337777777777779,0.0,ok
53,oldpeak,0.731111111111111,0.731111111111111,0.0,ok
53,resting_blood_pressure,0.5733888888888888,0.5733888888888888,0.0,ok
53,resting_electrocardiographic_results,0.5903611111111111,0.5903611111111111,0.0,ok
53,serum_cholestoral,0.5936388888888888,0.5936388888888888,0.0,ok
53,sex,0.6399722222222223,0.6399722222222223,0.0,ok
53,slope,0.6708611111111111,0.6708611111111111,0.0,ok
53,thal,0.7516666666666667,0.7516666666666667,0.0,ok
56,adoption-of-the-budget-resolution,0.8630283574103799,0.8630283574103799,0.0,ok
56,aid-to-nicaraguan-contras,0.8066256465132869,0.8066256465132869,0.0,ok
56,anti-satellite-test-ban,0.747458533975388,0.747458533975388,0.0,ok
56,crime,0.80351569466738,0.80351569466738,0.0,ok
56,duty-free-exports,0.7427545924736936,0.7427545924736936,0.0,ok
56,education-spending,0.8168918316390226,0.8168918316390226,0.0,ok
56,export-administration-act-south-africa,0.6265048154093098,0.6265048154093098,0.0,ok
56,handicapped-infants,0.6928838951310862,0.6928838951310862,0.0,ok
56,immigration,0.5571272516497237,0.5571272516497237,0.0,ok
56,mx-missile,0.8217183877296237,0.8217183877296237,0.0,ok
56,physician-fee-freeze,0.9541309969680756,0.9541309969680756,0.0,ok
56,religious-groups-in-schools,0.7055243445692884,0.7055243445692884,0.0,ok
56,superfund-right-to-sue,0.7738541109327626,0.7738541109327626,0.0,ok
56,synfuels-corporation-cutback,0.6565342429106473,0.6565342429106473,0.0,ok
56,water-project-cost-sharing,0.49053638309256287,0.49053638309256287,0.0,ok
59,a01,0.6507936507936508,0.6507936507936508,0.0,ok
59,a02,0.5,0.5,0.0,ok
59,a03,0.7039153439153439,0.7039153439153439,0.0,ok
59,a04,0.5944797178130511,0.5944797178130511,0.0,ok
59,a05,0.6783421516754851,0.6783421516754851,0.0,ok
59,a06,0.5649559082892416,0.5649559082892416,0.0,ok
59,a07,0.6838977072310406,0.6838977072310406,0.0,ok
59,a08,0.6034391534391534,0.6034391534391534,0.0,ok
59,a09,0.6228042328042327,0.6228042328042327,0.0,ok
59,a10,0.537689594356261,0.537689594356261,0.0,ok
59,a11,0.5443738977072311,0.5443738977072311,0.0,ok
59,a12,0.5822751322751323,0.5822751322751323,0.0,ok
59,a13,0.5617283950617284,0.5617283950617284,0.0,ok
59,a14,0.5839858906525572,0.5839858906525572,0.0,ok
59,a15,0.6023985890652557,0.6023985890652557,0.0,ok
59,a16,0.5692592592592592,0.5692592592592592,0.0,ok
59,a17,0.4568077601410935,0.4568077601410935,0.0,ok
59,a18,0.5524691358024691,0.5524691358024691,0.0,ok
59,a19,0.5420987654320988,0.5420987654320988,0.0,ok
59,a20,0.4793827160493827,0.4793827160493827,0.0,ok
59,a21,0.5943033509700176,0.5943033509700176,0.0,ok
59,a22,0.5540211640211641,0.5540211640211641,0.0,ok
59,a23,0.5730687830687831,0.5730687830687831,0.0,ok
59,a24,0.3844620811287478,0.3844620811287478,0.0,ok
59,a25,0.5550617283950617,0.5550617283950617,0.0,ok
59,a26,0.47666666666666657,0.47666666666666657,0.0,ok
59,a27,0.6788183421516755,0.6788183421516755,0.0,ok
59,a28,0.5293650793650794,0.5293650793650794,0.0,ok
59,a29,0.5971957671957672,0.5971957671957672,0.0,ok
59,a30,0.44670194003527336,0.44670194003527336,0.0,ok
59,a31,0.6355555555555557,0.6355555555555557,0.0,ok
59,a32,0.5297707231040565,0.5297707231040565,0.0,ok
59,a33,0.6370546737213404,0.6370546737213404,0.0,ok
59,a34,0.5434391534391534,0.5434391534391534,0.0,ok
333,attr1,0.5330728223176855,0.5330728223176855,0.0,ok
333,attr2,0.510642565084623,0.510642565084623,0.0,ok
333,attr3,0.492022928419854,0.492022928419854,0.0,ok
333,attr4,0.4876947362972931,0.4876947362972931,0.0,ok
333,attr5,0.747218052895813,0.747218052895813,0.0,ok
333,attr6,0.4464701619998964,0.4464701619998964,0.0,ok
334,attr1,0.5360513702838885,0.5360513702838885,0.0,ok
334,attr2,0.5297529802138381,0.5297529802138381,0.0,ok
334,attr3,0.4838453975666707,0.4838453975666707,0.0,ok
334,attr4,0.5452931055671624,0.5452931055671624,0.0,ok
334,attr5,0.47014870345336124,0.47014870345336124,0.0,ok
334,attr6,0.5309819343738479,0.5309819343738479,0.0,ok
335,attr1,0.47273783416875526,0.47273783416875526,0.0,ok
335,attr2,0.7935528926482873,0.7935528926482873,0.0,ok
335,attr3,0.4820580096073518,0.4820580096073518,0.0,ok
335,attr4,0.5267791875522139,0.5267791875522139,0.0,ok
335,attr5,0.7360784774436091,0.7360784774436091,0.0,ok
335,attr6,0.45836596700083543,0.45836596700083543,0.0,ok
336,F1,0.623885077186964,0.623885077186964,0.0,ok
336,F10,0.617024013722127,0.617024013722127,0.0,ok
336,F11,0.5762864493996569,0.5762864493996569,0.0,ok
336,F12,0.6146655231560891,0.6146655231560891,0.0,ok
336,F13,0.7261578044596912,0.7261578044596912,0.0,ok
336,F14,0.5969982847341337,0.5969982847341337,0.0,ok
336,F15,0.5864922813036021,0.5864922813036021,0.0,ok
336,F16,0.6509005145797598,0.6509005145797598,0.0,ok
336,F17,0.5660377358490566,0.5660377358490566,0.0,ok
336,F18,0.5693396226415094,0.5693396226415094,0.0,ok
336,F19,0.5781732418524872,0.5781732418524872,0.0,ok
336,F2,0.6065180102915951,0.6065180102915951,0.0,ok
336,F20,0.6145797598627787,0.6145797598627787,0.0,ok
336,F21,0.6536449399656947,0.6536449399656947,0.0,ok
336,F22,0.6756861063464836,0.6756861063464836,0.0,ok
336,F3,0.6107632933104632,0.6107632933104632,0.0,ok
336,F4,0.5998284734133791,0.5998284734133791,0.0,ok
336,F5,0.6082761578044598,0.6082761578044598,0.0,ok
336,F6,0.5765437392795884,0.5765437392795884,0.0,ok
336,F7,0.615909090909091,0.615909090909091,0.0,ok
336,F8,0.6536449399656947,0.6536449399656947,0.0,ok
336,F9,0.5893224699828473,0.5893224699828473,0.0,ok
337,F10R,0.5601947782842934,0.5601947782842934,0.0,ok
337,F10S,0.6104641525072524,0.6104641525072524,0.0,ok
337,F11R,0.5303978450062163,0.5303978450062163,0.0,ok
337,F11S,0.6450476585163696,0.6450476585163696,0.0,ok
337,F12R,0.6172192291753004,0.6172192291753004,0.0,ok
337,F12S,0.6930998756734356,0.6930998756734356,0.0,ok
337,F13R,0.7029216742644011,0.7029216742644011,0.0,ok
337,F13S,0.7356195607128057,0.7356195607128057,0.0,ok
337,F14R,0.39627020306672195,0.39627020306672195,0.0,ok
337,F14S,0.5959179444674678,0.5959179444674678,0.0,ok
337,F15R,0.6911728139245753,0.6911728139245753,0.0,ok
337,F15S,0.7655408205553254,0.7655408205553254,0.0,ok
337,F16R,0.6056361375880648,0.6056361375880648,0.0,ok
337,F16S,0.7138002486531289,0.7138002486531289,0.0,ok
337,F17R,0.6325321176958142,0.6325321176958142,0.0,ok
337,F17S,0.6747824285122255,0.6747824285122255,0.0,ok
337,F18R,0.5453584749274762,0.5453584749274762,0.0,ok
337,F18S,0.6098425196850393,0.6098425196850393,0.0,ok
337,F19R,0.4149399088271861,0.4149399088271861,0.0,ok
337,F19S,0.60142975549109,0.60142975549109,0.0,ok
337,F1R,0.5206382096974721,0.5206382096974721,0.0,ok
337,F1S,0.6132822213012847,0.6132822213012847,0.0,ok
337,F20R,0.7071487774554497,0.7071487774554497,0.0,ok
337,F20S,0.8058847907169499,0.8058847907169499,0.0,ok
337,F21R,0.6930377123912143,0.6930377123912143,0.0,ok
337,F21S,0.742706174886034,0.742706174886034,0.0,ok
337,F22R,0.7361375880646499,0.7361375880646499,0.0,ok
337,F22S,0.712992125984252,0.712992125984252,0.0,ok
337,F2R,0.6167840861997516,0.6167840861997516,0.0,ok
337,F2S,0.6582262743472855,0.6582262743472855,0.0,ok
337,F3R,0.6141110650642354,0.6141110650642354,0.0,ok
337,F3S,0.7332987981765439,0.7332987981765439,0.0,ok
337,F4R,0.5539577289680895,0.5539577289680895,0.0,ok
337,F4S,0.6180273518441775,0.6180273518441775,0.0,ok
337,F5R,0.46361375880646494,0.46361375880646494,0.0,ok
337,F5S,0.6085370907583921,0.6085370907583921,0.0,ok
337,F6R,0.4426232905097389,0.4426232905097389,0.0,ok
337,F6S,0.5638831330294239,0.5638831330294239,0.0,ok
337,F7R,0.5878574388727725,0.5878574388727725,0.0,ok
337,F7S,0.6853294653957729,0.6853294653957729,0.0,ok
337,F8R,0.6579983423124742,0.6579983423124742,0.0,ok
337,F8S,0.6726067136344799,0.6726067136344799,0.0,ok
337,F9R,0.44448818897637793,0.44448818897637793,0.0,ok
337,F9S,0.5331123083298798,0.5331123083298798,0.0,ok
446,BD,0.7349500000000001,0.7349500000000001,0.0,ok
446,CL,0.66025,0.66025,0.0,ok
446,CW,0.6242500000000001,0.6242500000000001,0.0,ok
446,FL,0.7446,0.7446,0.0,ok
446,RW,0.6770499999999999,0.6770499999999999,0.0,ok
446,sex,0.44300000000000006,0.44300000000000006,0.0,ok
451,DVRT,0.7415013934798108,0.7415013934798108,0.0,ok
451,Educational_level,0.7040313694989954,0.7040313694989954,0.0,ok
451,Prestige_score,0.6796454728109405,0.6796454728109405,0.0,ok
451,Sex,0.5315558364119515,0.5315558364119515,0.0,ok
451,Type_school,0.6504958195605678,0.6504958195605678,0.0,ok
466,gain_ratio_1,0.5821808602821392,0.5821808602821392,0.0,ok
466,gain_ratio_10,0.5577449655124606,0.5577449655124606,0.0,ok
466,gain_ratio_11,0.5557692974246993,0.5557692974246993,0.0,ok
466,gain_ratio_2,0.5899795501022496,0.5899795501022496,0.0,ok
466,gain_ratio_3,0.5280406225087518,0.5280406225087518,0.0,ok
466,gain_ratio_4,0.5608297805968598,0.5608297805968598,0.0,ok
466,gain_ratio_5,0.48041662334061214,0.48041662334061214,0.0,ok
466,gain_ratio_6,0.5318706457315171,0.5318706457315171,0.0,ok
466,gain_ratio_7,0.5232920869293959,0.5232920869293959,0.0,ok
466,gain_ratio_8,0.5449897750511248,0.5449897750511248,0.0,ok
466,gain_ratio_9,0.5614190149388236,0.5614190149388236,0.0,ok
466,sex,0.5962185019583376,0.5962185019583376,0.0,ok
466,target,0.48596235832380164,0.48596235832380164,0.0,ok
470,Favorite_Name,0.46340880102040816,0.46340880102040816,0.0,ok
470,Favorite_Points,0.5168357382015306,0.5168357382015306,0.0,ok
470,Pointspread,0.6559709821428571,0.6559709821428571,0.0,ok
470,Underdog_Points,0.5651656170280611,0.5651656170280611,0.0,ok
470,Underdog_name,0.49359255420918374,0.49359255420918374,0.0,ok
470,Week,0.5350217235331632,0.5350217235331632,0.0,ok
470,Year,0.5129643654336735,0.5129643654336735,0.0,ok
481,Age_of_patient,0.78955223880597,0.78955223880597,0.0,ok
481,Date_that_blood_sample_was_taken,0.43651741293532337,0.43651741293532337,0.0,ok
481,Hospital_identification_number_for_blood_sample,0.780547263681592,0.780547263681592,0.0,ok
481,Observation_number,0.580049751243781,0.580049751243781,0.0,ok
481,m2,0.7286567164179103,0.7286567164179103,0.0,ok
481,m3,0.8060696517412935,0.8060696517412935,0.0,ok
481,m4,0.8578109452736318,0.8578109452736318,0.0,ok
481,ml,0.8645273631840796,0.8645273631840796,0.0,ok
715,oz1,0.6163926387329738,0.6163926387329738,0.0,ok
715,oz10,0.5290880280120446,0.5290880280120446,0.0,ok
715,oz11,0.477027448723612,0.477027448723612,0.0,ok
715,oz12,0.513698019460914,0.513698019460914,0.0,ok
715,oz13,0.4564682615268023,0.4564682615268023,0.0,ok
715,oz14,0.5401011546052499,0.5401011546052499,0.0,ok
715,oz15,0.4568492123638811,0.4568492123638811,0.0,ok
715,oz16,0.45822306697845194,0.45822306697845194,0.0,ok
715,oz17,0.4701865443301142,0.4701865443301142,0.0,ok
715,oz18,0.4714570558984563,0.4714570558984563,0.0,ok
715,oz19,0.490164173600107,0.490164173600107,0.0,ok
715,oz2,0.617967100437283,0.617967100437283,0.0,ok
715,oz20,0.5162917272878327,0.5162917272878327,0.0,ok
715,oz21,0.4636273003959457,0.4636273003959457,0.0,ok
715,oz22,0.5238641383418912,0.5238641383418912,0.0,ok
715,oz23,0.5193575709926201,0.5193575709926201,0.0,ok
715,oz24,0.4825552885297325,0.4825552885297325,0.0,ok
715,oz25,0.5152238491434685,0.5152238491434685,0.0,ok
715,oz3,0.47258167140153434,0.47258167140153434,0.0,ok
715,oz4,0.7039647255735538,0.7039647255735538,0.0,ok
715,oz5,0.5186868543592529,0.5186868543592529,0.0,ok
715,oz6,0.5208712426697358,0.5208712426697358,0.0,ok
715,oz7,0.5175277911740985,0.5175277911740985,0.0,ok
715,oz8,0.489325271224838,0.489325271224838,0.0,ok
715,oz9,0.4914225271630105,0.4914225271630105,0.0,ok
720,Diameter,0.8085511498068677,0.8085511498068677,0.0,ok
720,Height,0.8230692039206049,0.8230692039206049,0.0,ok
720,Length,0.7993202768780423,0.7993202768780423,0.0,ok
720,Sex,0.5103150643224228,0.5103150643224228,0.0,ok
720,Shell weight,0.8426170899193356,0.8426170899193356,0.0,ok
720,Shucked weight,0.7660548134521351,0.7660548134521351,0.0,ok
720,Viscera weight,0.805534603335889,0.805534603335889,0.0,ok
720,Whole weight,0.8119117075246414,0.8119117075246414,0.0,ok
721,a1,0.8207386647983186,0.8207386647983186,0.0,ok
721,a10,0.45781203082774496,0.45781203082774496,0.0,ok
721,a2,0.5799719747772996,0.5799719747772996,0.0,ok
721,a3,0.5621559403463117,0.5621559403463117,0.0,ok
721,a4,0.564157741967771,0.564157741967771,0.0,ok
721,a5,0.7124411970773696,0.7124411970773696,0.0,ok
721,a6,0.6213091782604344,0.6213091782604344,0.0,ok
721,a7,0.6040436392753479,0.6040436392753479,0.0,ok
721,a8,0.5438394555099589,0.5438394555099589,0.0,ok
721,a9,0.5590031027925133,0.5590031027925133,0.0,ok
723,oz1,0.5673632214245069,0.5673632214245069,0.0,ok
723,oz10,0.48237627678164263,0.48237627678164263,0.0,ok
723,oz11,0.5120040679443564,0.5120040679443564,0.0,ok
723,oz12,0.5283747190172363,0.5283747190172363,0.0,ok
723,oz13,0.47941410301423376,0.47941410301423376,0.0,ok
723,oz14,0.5127930392952125,0.5127930392952125,0.0,ok
723,oz15,0.48696078550068406,0.48696078550068406,0.0,ok
723,oz16,0.5174824751504291,0.5174824751504291,0.0,ok
723,oz17,0.5115379493201933,0.5115379493201933,0.0,ok
723,oz18,0.48656730874002685,0.48656730874002685,0.0,ok
723,oz19,0.5129867509312284,0.5129867509312284,0.0,ok
723,oz2,0.5633921328861824,0.5633921328861824,0.0,ok
723,oz20,0.518418748057839,0.518418748057839,0.0,ok
723,oz21,0.4823298667021805,0.4823298667021805,0.0,ok
723,oz22,0.5165805053452305,0.5165805053452305,0.0,ok
723,oz23,0.468086007966391,0.468086007966391,0.0,ok
723,oz24,0.5119717826716871,0.5119717826716871,0.0,ok
723,oz25,0.5285724663123358,0.5285724663123358,0.0,ok
723,oz3,0.5318151183860592,0.5318151183860592,0.0,ok
723,oz4,0.6828415882739889,0.6828415882739889,0.0,ok
723,oz5,0.46814452502310416,0.46814452502310416,0.0,ok
723,oz6,0.52511794213672,0.52511794213672,0.0,ok
723,oz7,0.537041296899403,0.537041296899403,0.0,ok
723,oz8,0.5144981052580602,0.5144981052580602,0.0,ok
723,oz9,0.5354673898567744,0.5354673898567744,0.0,ok
725,a1cx,0.5225038912836175,0.5225038912836175,0.0,ok
725,a1cy,0.5053503950399558,0.5053503950399558,0.0,ok
725,a2pop,0.7715877334731482,0.7715877334731482,0.0,ok
725,a3pop,0.8403074771761398,0.8403074771761398,0.0,ok
725,b2x,0.5305955327537908,0.5305955327537908,0.0,ok
725,b2y,0.5037509528963562,0.5037509528963562,0.0,ok
725,mxql,0.5098062513715054,0.5098062513715054,0.0,ok
725,temp,0.549695057690659,0.549695057690659,0.0,ok
728,Actions_taken,0.5158893868302152,0.5158893868302152,0.0,ok
728,Liberal,0.5636439544585916,0.5636439544585916,0.0,ok
728,Lower_court_disagreement,0.5409167045220181,0.5409167045220181,0.0,ok
728,Precedent_alteration,0.502005080138024,0.502005080138024,0.0,ok
728,Unanimous,0.5089517460425699,0.5089517460425699,0.0,ok
728,Unconstitutional,0.514889771567606,0.514889771567606,0.0,ok
728,Year_of_decision,0.9932724438779791,0.9932724438779791,0.0,ok
730,oz1,0.6544358201295786,0.6544358201295786,0.0,ok
730,oz2,0.6702803258708063,0.6702803258708063,0.0,ok
730,oz3,0.5595933029700431,0.5595933029700431,0.0,ok
730,oz4,0.6648598370645968,0.6648598370645968,0.0,ok
730,oz5,0.5815318493809738,0.5815318493809738,0.0,ok
732,oz1,0.660015423173318,0.660015423173318,0.0,ok
732,oz10,0.47798984641089903,0.47798984641089903,0.0,ok
732,oz11,0.4854765117923012,0.4854765117923012,0.0,ok
732,oz12,0.41260201786517575,0.41260201786517575,0.0,ok
732,oz13,0.4440909967225756,0.4440909967225756,0.0,ok
732,oz14,0.5642953537690379,0.5642953537690379,0.0,ok
732,oz15,0.5197609408135724,0.5197609408135724,0.0,ok
732,oz16,0.45016387121650275,0.45016387121650275,0.0,ok
732,oz17,0.45029239766081874,0.45029239766081874,0.0,ok
732,oz18,0.5779191568665252,0.5779191568665252,0.0,ok
732,oz19,0.4566223250433777,0.4566223250433777,0.0,ok
732,oz2,0.6944283786389049,0.6944283786389049,0.0,ok
732,oz20,0.446629393997815,0.446629393997815,0.0,ok
732,oz21,0.5512177880598933,0.5512177880598933,0.0,ok
732,oz22,0.6005719426772059,0.6005719426772059,0.0,ok
732,oz23,0.40697898592635434,0.40697898592635434,0.0,ok
732,oz24,0.4846732215153268,0.4846732215153268,0.0,ok
732,oz25,0.48274532485058796,0.48274532485058796,0.0,ok
732,oz26,0.5597969282179809,0.5597969282179809,0.0,ok
732,oz27,0.4330377225114067,0.4330377225114067,0.0,ok
732,oz28,0.5802326328642118,0.5802326328642118,0.0,ok
732,oz29,0.4523809523809524,0.4523809523809524,0.0,ok
732,oz3,0.5210783368678106,0.5210783368678106,0.0,ok
732,oz30,0.5192147034252298,0.5192147034252298,0.0,ok
732,oz31,0.531360452413084,0.531360452413084,0.0,ok
732,oz32,0.5681832787095945,0.5681832787095945,0.0,ok
732,oz33,0.4647516226463595,0.4647516226463595,0.0,ok
732,oz34,0.5445344129554656,0.5445344129554656,0.0,ok
732,oz35,0.5295289505815822,0.5295289505815822,0.0,ok
732,oz36,0.42474776685303,0.42474776685303,0.0,ok
732,oz37,0.5321637426900585,0.5321637426900585,0.0,ok
732,oz38,0.5247413405308143,0.5247413405308143,0.0,ok
732,oz39,0.4737163421373948,0.4737163421373948,0.0,ok
732,oz4,0.7681061628430049,0.7681061628430049,0.0,ok
732,oz40,0.543891780733886,0.543891780733886,0.0,ok
732,oz41,0.4323308270676692,0.4323308270676692,0.0,ok
732,oz42,0.5754771544245229,0.5754771544245229,0.0,ok
732,oz43,0.4223057644110276,0.4223057644110276,0.0,ok
732,oz44,0.44662939399781504,0.44662939399781504,0.0,ok
732,oz45,0.48190990296253455,0.48190990296253455,0.0,ok
732,oz46,0.4638198059250691,0.4638198059250691,0.0,ok
732,oz47,0.547040678619626,0.547040678619626,0.0,ok
732,oz48,0.41877128719233986,0.41877128719233986,0.0,ok
732,oz49,0.5296896086369771,0.5296896086369771,0.0,ok
732,oz5,0.6087655035023456,0.6087655035023456,0.0,ok
732,oz50,0.529786003470214,0.529786003470214,0.0,ok
732,oz6,0.5169012274275432,0.5169012274275432,0.0,ok
732,oz7,0.42757534862798025,0.42757534862798025,0.0,ok
732,oz8,0.5177687809266757,0.5177687809266757,0.0,ok
732,oz9,0.5386221965169333,0.5386221965169333,0.0,ok
733,CACH,0.9200513538748832,0.9200513538748832,0.0,ok
733,CHMAX,0.861811391223156,0.861811391223156,0.0,ok
733,CHMIN,0.8419701213818861,0.8419701213818861,0.0,ok
733,MMAX,0.9183006535947713,0.9183006535947713,0.0,ok
733,MMIN,0.9044701213818861,0.9044701213818861,0.0,ok
733,MYCT,0.8790266106442577,0.8790266106442577,0.0,ok
735,exec,0.8388795819174198,0.8388795819174198,0.0,ok
735,fork,0.8708086045158767,0.8708086045158767,0.0,ok
735,freemem,0.7062517770664214,0.7062517770664214,0.0,ok
735,freeswap,0.6895454630545022,0.6895454630545022,0.0,ok
735,lread,0.7750124240121983,0.7750124240121983,0.0,ok
735,lwrite,0.6280932434919192,0.6280932434919192,0.0,ok
735,rchar,0.802573068556176,0.802573068556176,0.0,ok
735,runqsz,0.6644142029682705,0.6644142029682705,0.0,ok
735,scall,0.8342829269877801,0.8342829269877801,0.0,ok
735,sread,0.8448823842518272,0.8448823842518272,0.0,ok
735,swrite,0.8295206538827379,0.8295206538827379,0.0,ok
735,wchar,0.7035182824593434,0.7035182824593434,0.0,ok
737,EDUCATION,0.5824929575013489,0.5824929575013489,0.0,ok
737,HOUSES,0.5254841484730272,0.5254841484730272,0.0,ok
737,INCOME,0.54785708306709,0.54785708306709,0.0,ok
737,POP,0.5192248403161603,0.5192248403161603,0.0,ok
737,XCOORD,0.556355943089815,0.556355943089815,0.0,ok
737,ln(VOTES/POP),0.791488169679671,0.791488169679671,0.0,ok
740,oz1,0.6058380681818182,0.6058380681818182,0.0,ok
740,oz10,0.5243993506493507,0.5243993506493507,0.0,ok
740,oz2,0.6029829545454546,0.6029829545454546,0.0,ok
740,oz3,0.5096793831168831,0.5096793831168831,0.0,ok
740,oz4,0.6891619318181819,0.6891619318181819,0.0,ok
740,oz5,0.5147483766233766,0.5147483766233766,0.0,ok
740,oz6,0.49265827922077926,0.49265827922077926,0.0,ok
740,oz7,0.478924512987013,0.478924512987013,0.0,ok
740,oz8,0.4632122564935065,0.4632122564935065,0.0,ok
740,oz9,0.5211972402597402,0.5211972402597402,0.0,ok
743,oz1,0.6180228973487917,0.6180228973487917,0.0,ok
743,oz2,0.6220265080535641,0.6220265080535641,0.0,ok
743,oz3,0.5311665074893916,0.5311665074893916,0.0,ok
743,oz4,0.6559715656999165,0.6559715656999165,0.0,ok
743,oz5,0.5969591095744123,0.5969591095744123,0.0,ok
744,oz1,0.653458260134036,0.653458260134036,0.0,ok
744,oz2,0.6636085626911316,0.6636085626911316,0.0,ok
744,oz3,0.542780922636476,0.542780922636476,0.0,ok
744,oz4,0.7060641551174441,0.7060641551174441,0.0,ok
744,oz5,0.5778515192920815,0.5778515192920815,0.0,ok
746,oz1,0.606561662636429,0.606561662636429,0.0,ok
746,oz10,0.5755832952094634,0.5755832952094634,0.0,ok
746,oz11,0.5283968368080517,0.5283968368080517,0.0,ok
746,oz12,0.5491797921704464,0.5491797921704464,0.0,ok
746,oz13,0.45395725769557543,0.45395725769557543,0.0,ok
746,oz14,0.44673550748317103,0.44673550748317103,0.0,ok
746,oz15,0.5271877655055225,0.5271877655055225,0.0,ok
746,oz16,0.5433958564799687,0.5433958564799687,0.0,ok
746,oz17,0.5454872230573165,0.5454872230573165,0.0,ok
746,oz18,0.525847983791909,0.525847983791909,0.0,ok
746,oz19,0.4542840337232861,0.4542840337232861,0.0,ok
746,oz2,0.6118554342853408,0.6118554342853408,0.0,ok
746,oz20,0.5731324750016338,0.5731324750016338,0.0,ok
746,oz21,0.46398928174629106,0.46398928174629106,0.0,ok
746,oz22,0.5172210966603491,0.5172210966603491,0.0,ok
746,oz23,0.43980785569570613,0.43980785569570613,0.0,ok
746,oz24,0.48222338409254295,0.48222338409254295,0.0,ok
746,oz25,0.5290503888634729,0.5290503888634729,0.0,ok
746,oz3,0.592020129403307,0.592020129403307,0.0,ok
746,oz4,0.6316253839618325,0.6316253839618325,0.0,ok
746,oz5,0.5601921443042938,0.5601921443042938,0.0,ok
746,oz6,0.47317168812495913,0.47317168812495913,0.0,ok
746,oz7,0.42206391739102017,0.42206391739102017,0.0,ok
746,oz8,0.463433762499183,0.463433762499183,0.0,ok
746,oz9,0.5633291941703156,0.5633291941703156,0.0,ok
749,oz1,0.5534244597391347,0.5534244597391347,0.0,ok
749,oz2,0.5840191878840384,0.5840191878840384,0.0,ok
749,oz3,0.5229420352633521,0.5229420352633521,0.0,ok
749,oz4,0.6569203125250679,0.6569203125250679,0.0,ok
749,oz5,0.48458231056777523,0.48458231056777523,0.0,ok
751,oz1,0.60984375,0.60984375,0.0,ok
751,oz10,0.4682061688311689,0.4682061688311689,0.0,ok
751,oz2,0.6117086038961039,0.6117086038961039,0.0,ok
751,oz3,0.5217897727272727,0.5217897727272727,0.0,ok
751,oz4,0.6829017857142857,0.6829017857142857,0.0,ok
751,oz5,0.47114245129870136,0.47114245129870136,0.0,ok
751,oz6,0.4872301136363636,0.4872301136363636,0.0,ok
751,oz7,0.4813027597402597,0.4813027597402597,0.0,ok
751,oz8,0.5105661525974026,0.5105661525974026,0.0,ok
751,oz9,0.519890422077922,0.519890422077922,0.0,ok
752,da1,0.5080531088342337,0.5080531088342337,0.0,ok
752,da2,0.4925910480757492,0.4925910480757492,0.0,ok
752,da3,0.4904819878074834,0.4904819878074834,0.0,ok
752,da4,0.505673814415095,0.505673814415095,0.0,ok
752,da5,0.504975682204877,0.504975682204877,0.0,ok
752,db1,0.49623055100943053,0.49623055100943053,0.0,ok
752,db2,0.5130940621089697,0.5130940621089697,0.0,ok
752,db3,0.5094950033952879,0.5094950033952879,0.0,ok
752,db4,0.48890537852690297,0.48890537852690297,0.0,ok
752,db5,0.48839280690159004,0.48839280690159004,0.0,ok
752,dm1,0.4927352405122688,0.4927352405122688,0.0,ok
752,dm2,0.5071605344049472,0.5071605344049472,0.0,ok
752,dm3,0.5064847254967039,0.5064847254967039,0.0,ok
752,dm4,0.5045021838090551,0.5045021838090551,0.0,ok
752,dm5,0.51104100382256,0.51104100382256,0.0,ok
752,tau1,0.48321773499015747,0.48321773499015747,0.0,ok
752,tau2,0.4824875931319813,0.4824875931319813,0.0,ok
752,tau3,0.48674356492820303,0.48674356492820303,0.0,ok
752,tau4,0.6690723377510223,0.6690723377510223,0.0,ok
752,tau5,0.4936241788362937,0.4936241788362937,0.0,ok
752,theta1,0.5076915845979827,0.5076915845979827,0.0,ok
752,theta2,0.4917165349562046,0.4917165349562046,0.0,ok
752,theta3,0.4959517034616676,0.4959517034616676,0.0,ok
752,theta4,0.5087459061031252,0.5087459061031252,0.0,ok
752,theta5,0.5075201213720014,0.5075201213720014,0.0,ok
752,theta6,0.5113340381416712,0.5113340381416712,0.0,ok
752,thetad1,0.49400400281541845,0.49400400281541845,0.0,ok
752,thetad2,0.5066330607088904,0.5066330607088904,0.0,ok
752,thetad3,0.5074578307162912,0.5074578307162912,0.0,ok
752,thetad4,0.4919111858042636,0.4919111858042636,0.0,ok
752,thetad5,0.5086404292463986,0.5086404292463986,0.0,ok
752,thetad6,0.48464031646752737,0.48464031646752737,0.0,ok
757,Alg_Name,0.593276293170808,0.593276293170808,0.0,ok
757,Bin,0.618690420378184,0.618690420378184,0.0,ok
757,Cost,0.5554383497421472,0.5554383497421472,0.0,ok
757,DS_Name,0.605739177996562,0.605739177996562,0.0,ok
757,EnAtr,0.45266838568526335,0.45266838568526335,0.0,ok
757,Hc,0.663306766682294,0.663306766682294,0.0,ok
757,Hx,0.5831770589154556,0.5831770589154556,0.0,ok
757,MCx,0.6093920925144555,0.6093920925144555,0.0,ok
757,N,0.7587513674011563,0.7587513674011563,0.0,ok
757,NSRatio,0.611540865760275,0.611540865760275,0.0,ok
757,SDratio,0.7467768401312704,0.7467768401312704,0.0,ok
757,T,0.7607438662290983,0.7607438662290983,0.0,ok
757,cancor1,0.7491600250039069,0.7491600250039069,0.0,ok
757,correl,0.48175496171276766,0.48175496171276766,0.0,ok
757,fract1,0.7056571339271762,0.7056571339271762,0.0,ok
757,k,0.7355250820440695,0.7355250820440695,0.0,ok
757,kurtosis,0.5388341928426317,0.5388341928426317,0.0,ok
757,p,0.5600875136740116,0.5600875136740116,0.0,ok
757,skewness,0.45251211126738555,0.45251211126738555,0.0,ok
761,atch,0.663455320002642,0.663455320002642,0.0,ok
761,exec,0.8388795819174198,0.8388795819174198,0.0,ok
761,fork,0.8708086045158767,0.8708086045158767,0.0,ok
761,freemem,0.7062517770664214,0.7062517770664214,0.0,ok
761,freeswap,0.6895454630545022,0.6895454630545022,0.0,ok
761,lread,0.7750124240121983,0.7750124240121983,0.0,ok
761,lwrite,0.6280932434919192,0.6280932434919192,0.0,ok
761,pflt,0.8756218805309812,0.8756218805309812,0.0,ok
761,pgfree,0.6838915926788924,0.6838915926788924,0.0,ok
761,pgin,0.7597005309742014,0.7597005309742014,0.0,ok
761,pgout,0.6782792239787144,0.6782792239787144,0.0,ok
761,pgscan,0.6436846635591625,0.6436846635591625,0.0,ok
761,ppgin,0.7586760930216787,0.7586760930216787,0.0,ok
761,ppgout,0.6831898081774901,0.6831898081774901,0.0,ok
761,rchar,0.802573068556176,0.802573068556176,0.0,ok
761,runqsz,0.6644142029682705,0.6644142029682705,0.0,ok
761,scall,0.8342829269877801,0.8342829269877801,0.0,ok
761,sread,0.8448823842518272,0.8448823842518272,0.0,ok
761,swrite,0.8295206538827379,0.8295206538827379,0.0,ok
761,vflt,0.9087441381090989,0.9087441381090989,0.0,ok
761,wchar,0.7035182824593434,0.7035182824593434,0.0,ok
763,oz1,0.600832,0.600832,0.0,ok
763,oz10,0.533888,0.533888,0.0,ok
763,oz2,0.746656,0.746656,0.0,ok
763,oz3,0.4823360000000001,0.4823360000000001,0.0,ok
763,oz4,0.769664,0.769664,0.0,ok
763,oz5,0.6347200000000001,0.6347200000000001,0.0,ok
763,oz6,0.470592,0.470592,0.0,ok
763,oz7,0.40569600000000006,0.40569600000000006,0.0,ok
763,oz8,0.5372160000000001,0.5372160000000001,0.0,ok
763,oz9,0.46217600000000003,0.46217600000000003,0.0,ok
766,oz1,0.6303723779588172,0.6303723779588172,0.0,ok
766,oz10,0.5128616332028995,0.5128616332028995,0.0,ok
766,oz11,0.540284816216563,0.540284816216563,0.0,ok
766,oz12,0.5783886073513376,0.5783886073513376,0.0,ok
766,oz13,0.47062030919237924,0.47062030919237924,0.0,ok
766,oz14,0.4799698505356341,0.4799698505356341,0.0,ok
766,oz15,0.5384245301173906,0.5384245301173906,0.0,ok
766,oz16,0.5237507216627109,0.5237507216627109,0.0,ok
766,oz17,0.5215857335300532,0.5215857335300532,0.0,ok
766,oz18,0.5324668035152993,0.5324668035152993,0.0,ok
766,oz19,0.46542433767400093,0.46542433767400093,0.0,ok
766,oz2,0.6335156199884535,0.6335156199884535,0.0,ok
766,oz20,0.5148983257425108,0.5148983257425108,0.0,ok
766,oz21,0.5270703701327859,0.5270703701327859,0.0,ok
766,oz22,0.4736432741035345,0.4736432741035345,0.0,ok
766,oz23,0.4603807171723651,0.4603807171723651,0.0,ok
766,oz24,0.4587770222592854,0.4587770222592854,0.0,ok
766,oz25,0.4478799153249086,0.4478799153249086,0.0,ok
766,oz26,0.5288344345371736,0.5288344345371736,0.0,ok
766,oz27,0.47858265443582015,0.47858265443582015,0.0,ok
766,oz28,0.5295160048752325,0.5295160048752325,0.0,ok
766,oz29,0.4637324395407018,0.4637324395407018,0.0,ok
766,oz3,0.5288103791134775,0.5288103791134775,0.0,ok
766,oz30,0.5138719609981398,0.5138719609981398,0.0,ok
766,oz31,0.49086695747001097,0.49086695747001097,0.0,ok
766,oz32,0.5099188530373981,0.5099188530373981,0.0,ok
766,oz33,0.47849445121560075,0.47849445121560075,0.0,ok
766,oz34,0.5257232664057989,0.5257232664057989,0.0,ok
766,oz35,0.5531223939957662,0.5531223939957662,0.0,ok
766,oz36,0.5172637757393034,0.5172637757393034,0.0,ok
766,oz37,0.48854961832061067,0.48854961832061067,0.0,ok
766,oz38,0.44237122329847967,0.44237122329847967,0.0,ok
766,oz39,0.469569889024312,0.469569889024312,0.0,ok
766,oz4,0.6325133106677785,0.6325133106677785,0.0,ok
766,oz40,0.4713419719032651,0.4713419719032651,0.0,ok
766,oz41,0.5390419526589261,0.5390419526589261,0.0,ok
766,oz42,0.533244595548143,0.533244595548143,0.0,ok
766,oz43,0.4538536788761306,0.4538536788761306,0.0,ok
766,oz44,0.5246407723394702,0.5246407723394702,0.0,ok
766,oz45,0.5258515619988454,0.5258515619988454,0.0,ok
766,oz46,0.541816344858554,0.541816344858554,0.0,ok
766,oz47,0.5497867085765604,0.5497867085765604,0.0,ok
766,oz48,0.5298848547052408,0.5298848547052408,0.0,ok
766,oz49,0.5270222592853935,0.5270222592853935,0.0,ok
766,oz5,0.5938963371608186,0.5938963371608186,0.0,ok
766,oz50,0.5221951375970235,0.5221951375970235,0.0,ok
766,oz6,0.44781576752838537,0.44781576752838537,0.0,ok
766,oz7,0.5433879658733722,0.5433879658733722,0.0,ok
766,oz8,0.4589213548014626,0.4589213548014626,0.0,ok
766,oz9,0.5480627365449997,0.5480627365449997,0.0,ok
769,oz1,0.6459531038046638,0.6459531038046638,0.0,ok
769,oz10,0.5455396938182289,0.5455396938182289,0.0,ok
769,oz11,0.4045604289128609,0.4045604289128609,0.0,ok
769,oz12,0.4033654156708223,0.4033654156708223,0.0,ok
769,oz13,0.4754214844002325,0.4754214844002325,0.0,ok
769,oz14,0.5156966604224533,0.5156966604224533,0.0,ok
769,oz15,0.47228861184677995,0.47228861184677995,0.0,ok
769,oz16,0.5624959627931013,0.5624959627931013,0.0,ok
769,oz17,0.533654156708223,0.533654156708223,0.0,ok
769,oz18,0.5431173696789613,0.5431173696789613,0.0,ok
769,oz19,0.5159550416639752,0.5159550416639752,0.0,ok
769,oz2,0.6567082229830115,0.6567082229830115,0.0,ok
769,oz20,0.5463471351979846,0.5463471351979846,0.0,ok
769,oz21,0.562592855758672,0.562592855758672,0.0,ok
769,oz22,0.5435372391964343,0.5435372391964343,0.0,ok
769,oz23,0.5758994896970481,0.5758994896970481,0.0,ok
769,oz24,0.43911891996641045,0.43911891996641045,0.0,ok
769,oz25,0.46783153543052775,0.46783153543052775,0.0,ok
769,oz26,0.47580905626251535,0.47580905626251535,0.0,ok
769,oz27,0.5478651249919256,0.5478651249919256,0.0,ok
769,oz28,0.46221174342742716,0.46221174342742716,0.0,ok
769,oz29,0.430333957754667,0.430333957754667,0.0,ok
769,oz3,0.5645953103804664,0.5645953103804664,0.0,ok
769,oz30,0.5242878367030553,0.5242878367030553,0.0,ok
769,oz31,0.5654996447257928,0.5654996447257928,0.0,ok
769,oz32,0.47299916026096506,0.47299916026096506,0.0,ok
769,oz33,0.4463858923842129,0.4463858923842129,0.0,ok
769,oz34,0.5583941605839415,0.5583941605839415,0.0,ok
769,oz35,0.4622440410826174,0.4622440410826174,0.0,ok
769,oz36,0.4365997028615723,0.4365997028615723,0.0,ok
769,oz37,0.5779988372844133,0.5779988372844133,0.0,ok
769,oz38,0.5503197467863834,0.5503197467863834,0.0,ok
769,oz39,0.5248691944964796,0.5248691944964796,0.0,ok
769,oz4,0.6810929526516376,0.6810929526516376,0.0,ok
769,oz40,0.46247012466894905,0.46247012466894905,0.0,ok
769,oz41,0.5554227763064401,0.5554227763064401,0.0,ok
769,oz42,0.4406369097603514,0.4406369097603514,0.0,ok
769,oz43,0.5154059815257412,0.5154059815257412,0.0,ok
769,oz44,0.4092758865706349,0.4092758865706349,0.0,ok
769,oz45,0.39823008849557523,0.39823008849557523,0.0,ok
769,oz46,0.454847878044054,0.454847878044054,0.0,ok
769,oz47,0.5665008720366902,0.5665008720366902,0.0,ok
769,oz48,0.4809120857825722,0.4809120857825722,0.0,ok
769,oz49,0.5413409986434985,0.5413409986434985,0.0,ok
769,oz5,0.6765712809250048,0.6765712809250048,0.0,ok
769,oz50,0.45362056714682514,0.45362056714682514,0.0,ok
769,oz6,0.4599509075641109,0.4599509075641109,0.0,ok
769,oz7,0.5176991150442478,0.5176991150442478,0.0,ok
769,oz8,0.5251275757380014,0.5251275757380014,0.0,ok
769,oz9,0.5416639751954008,0.5416639751954008,0.0,ok
770,country_code,0.5376344086021505,0.5376344086021505,0.0,ok
770,inflation,0.43104454685099847,0.43104454685099847,0.0,ok
770,parliamentary_representation,0.6306912442396314,0.6306912442396314,0.0,ok
770,strike_volume,0.7566871479774705,0.7566871479774705,0.0,ok
770,unemployment,0.5652483358934972,0.5652483358934972,0.0,ok
770,year,0.4363748079877113,0.4363748079877113,0.0,ok
773,oz1,0.6789234511008705,0.6789234511008705,0.0,ok
773,oz10,0.6303443420378905,0.6303443420378905,0.0,ok
773,oz11,0.5662762416794674,0.5662762416794674,0.0,ok
773,oz12,0.5236815156169995,0.5236815156169995,0.0,ok
773,oz13,0.4852470558115719,0.4852470558115719,0.0,ok
773,oz14,0.4457885304659498,0.4457885304659498,0.0,ok
773,oz15,0.46326164874551967,0.46326164874551967,0.0,ok
773,oz16,0.4455325140809012,0.4455325140809012,0.0,ok
773,oz17,0.5329301075268817,0.5329301075268817,0.0,ok
773,oz18,0.5399705581157195,0.5399705581157195,0.0,ok
773,oz19,0.5254416282642088,0.5254416282642088,0.0,ok
773,oz2,0.6941884280593957,0.6941884280593957,0.0,ok
773,oz20,0.4728302611367127,0.4728302611367127,0.0,ok
773,oz21,0.5802291346646186,0.5802291346646186,0.0,ok
773,oz22,0.46118151561699955,0.46118151561699955,0.0,ok
773,oz23,0.532226062467998,0.532226062467998,0.0,ok
773,oz24,0.3778801843317972,0.3778801843317972,0.0,ok
773,oz25,0.5415386584741423,0.5415386584741423,0.0,ok
773,oz3,0.5137608806963646,0.5137608806963646,0.0,ok
773,oz4,0.7221902201740911,0.7221902201740911,0.0,ok
773,oz5,0.6684587813620072,0.6684587813620072,0.0,ok
773,oz6,0.44937275985663083,0.44937275985663083,0.0,ok
773,oz7,0.5868215565796211,0.5868215565796211,0.0,ok
773,oz8,0.5295698924731181,0.5295698924731181,0.0,ok
773,oz9,0.519905273937532,0.519905273937532,0.0,ok
776,oz1,0.672096,0.672096,0.0,ok
776,oz2,0.643456,0.643456,0.0,ok
776,oz3,0.5339839999999999,0.5339839999999999,0.0,ok
776,oz4,0.7095360000000001,0.7095360000000001,0.0,ok
776,oz5,0.700352,0.700352,0.0,ok
778,Abdomen,0.9005166330645162,0.9005166330645162,0.0,ok
778,Age,0.5903477822580645,0.5903477822580645,0.0,ok
778,Ankle,0.6469254032258064,0.6469254032258064,0.0,ok
778,Biceps,0.7394153225806451,0.7394153225806451,0.0,ok
778,Chest,0.8224861391129032,0.8224861391129032,0.0,ok
778,Density,1.0,1.0,0.0,ok
778,Forearm,0.6873739919354839,0.6873739919354839,0.0,ok
778,Height,0.5385269657258065,0.5385269657258065,0.0,ok
778,Hip,0.8151776713709677,0.8151776713709677,0.0,ok
778,Knee,0.7527091733870968,0.7527091733870968,0.0,ok
778,Neck,0.7397933467741935,0.7397933467741935,0.0,ok
778,Thigh,0.7914881552419355,0.7914881552419355,0.0,ok
778,Weight,0.8149571572580646,0.8149571572580646,0.0,ok
778,Wrist,0.6420110887096775,0.6420110887096775,0.0,ok
779,oz1,0.6235874684541318,0.6235874684541318,0.0,ok
779,oz10,0.528564080307341,0.528564080307341,0.0,ok
779,oz11,0.5443329957724519,0.5443329957724519,0.0,ok
779,oz12,0.46970792946585005,0.46970792946585005,0.0,ok
779,oz13,0.46776293581520956,0.46776293581520956,0.0,ok
779,oz14,0.4705839803250229,0.4705839803250229,0.0,ok
779,oz15,0.4273520759994213,0.4273520759994213,0.0,ok
779,oz16,0.4771583803507419,0.4771583803507419,0.0,ok
779,oz17,0.5216762308916431,0.5216762308916431,0.0,ok
779,oz18,0.5154554660751315,0.5154554660751315,0.0,ok
779,oz19,0.4896079471476106,0.4896079471476106,0.0,ok
779,oz2,0.6121666586295028,0.6121666586295028,0.0,ok
779,oz20,0.47615373487003904,0.47615373487003904,0.0,ok
779,oz21,0.5126585330568549,0.5126585330568549,0.0,ok
779,oz22,0.47282634903795145,0.47282634903795145,0.0,ok
779,oz23,0.4903875520406359,0.4903875520406359,0.0,ok
779,oz24,0.4642346208869814,0.4642346208869814,0.0,ok
779,oz25,0.4957161916702834,0.4957161916702834,0.0,ok
779,oz3,0.5307823375287329,0.5307823375287329,0.0,ok
779,oz4,0.7233929690890679,0.7233929690890679,0.0,ok
779,oz5,0.5414717654434102,0.5414717654434102,0.0,ok
779,oz6,0.4837970776872258,0.4837970776872258,0.0,ok
779,oz7,0.5118065936892189,0.5118065936892189,0.0,ok
779,oz8,0.4804053945443732,0.4804053945443732,0.0,ok
779,oz9,0.5167173007988941,0.5167173007988941,0.0,ok
786,age,0.6348701526583611,0.6348701526583611,0.0,ok
786,ca,0.7393621688015442,0.7393621688015442,0.0,ok
786,chol,0.569113002281102,0.569113002281102,0.0,ok
786,cp,0.7559440252675907,0.7559440252675907,0.0,ok
786,exang,0.6962405685207931,0.6962405685207931,0.0,ok
786,fbs,0.49304702579399895,0.49304702579399895,0.0,ok
786,oldpeak,0.7320363221617828,0.7320363221617828,0.0,ok
786,restecg,0.5803869099842078,0.5803869099842078,0.0,ok
786,sex,0.6356816985436041,0.6356816985436041,0.0,ok
786,slope,0.6840015792244254,0.6840015792244254,0.0,ok
786,thal,0.7511624846464291,0.7511624846464291,0.0,ok
786,thalach,0.7439243726969644,0.7439243726969644,0.0,ok
786,trestbps,0.575912440779084,0.575912440779084,0.0,ok
792,oz1,0.6967406472190842,0.6967406472190842,0.0,ok
792,oz2,0.7251810751544954,0.7251810751544954,0.0,ok
792,oz3,0.6114525882118413,0.6114525882118413,0.0,ok
792,oz4,0.6131968901588145,0.6131968901588145,0.0,ok
792,oz5,0.5598129443816865,0.5598129443816865,0.0,ok
793,oz1,0.6190660225442834,0.6190660225442834,0.0,ok
793,oz10,0.45948470209339776,0.45948470209339776,0.0,ok
793,oz2,0.6024798711755233,0.6024798711755233,0.0,ok
793,oz3,0.5185507246376813,0.5185507246376813,0.0,ok
793,oz4,0.6790660225442834,0.6790660225442834,0.0,ok
793,oz5,0.529694041867955,0.529694041867955,0.0,ok
793,oz6,0.5957487922705315,0.5957487922705315,0.0,ok
793,oz7,0.481352657004831,0.481352657004831,0.0,ok
793,oz8,0.45539452495974236,0.45539452495974236,0.0,ok
793,oz9,0.46173913043478265,0.46173913043478265,0.0,ok
794,oz1,0.7016332879642232,0.7016332879642232,0.0,ok
794,oz10,0.4278631149134746,0.4278631149134746,0.0,ok
794,oz11,0.44636723053989236,0.44636723053989236,0.0,ok
794,oz12,0.45359388165143566,0.45359388165143566,0.0,ok
794,oz13,0.5221336444358027,0.5221336444358027,0.0,ok
794,oz14,0.5221660509430294,0.5221660509430294,0.0,ok
794,oz15,0.45106617408775673,0.45106617408775673,0.0,ok
794,oz16,0.456899345388554,0.456899345388554,0.0,ok
794,oz17,0.5597251928187179,0.5597251928187179,0.0,ok
794,oz18,0.4396590835439756,0.4396590835439756,0.0,ok
794,oz19,0.4884956899345389,0.4884956899345389,0.0,ok
794,oz2,0.7114524596538985,0.7114524596538985,0.0,ok
794,oz20,0.5636463801931428,0.5636463801931428,0.0,ok
794,oz21,0.448538466524078,0.448538466524078,0.0,ok
794,oz22,0.4511633936094368,0.4511633936094368,0.0,ok
794,oz23,0.5267029619547604,0.5267029619547604,0.0,ok
794,oz24,0.45139023916002335,0.45139023916002335,0.0,ok
794,oz25,0.42121978093201107,0.42121978093201107,0.0,ok
794,oz3,0.6628426988139218,0.6628426988139218,0.0,ok
794,oz4,0.5654935511050618,0.5654935511050618,0.0,ok
794,oz5,0.6316352323546569,0.6316352323546569,0.0,ok
794,oz6,0.4499967593492773,0.4499967593492773,0.0,ok
794,oz7,0.5230086201309223,0.5230086201309223,0.0,ok
794,oz8,0.531499125024305,0.531499125024305,0.0,ok
794,oz9,0.5488690128977899,0.5488690128977899,0.0,ok
796,CACH,0.9347484276729561,0.9347484276729561,0.0,ok
796,CHMAX,0.8592162554426707,0.8592162554426707,0.0,ok
796,CHMIN,0.8780237058538944,0.8780237058538944,0.0,ok
796,MMAX,0.9216255442670537,0.9216255442670537,0.0,ok
796,MMIN,0.9121915820029027,0.9121915820029027,0.0,ok
796,MYCT,0.9068698597000484,0.9068698597000484,0.0,ok
796,vendor,0.4299104983067247,0.4299104983067247,0.0,ok
797,oz1,0.6187560876623377,0.6187560876623377,0.0,ok
797,oz10,0.4717329545454545,0.4717329545454545,0.0,ok
797,oz11,0.5279586038961038,0.5279586038961038,0.0,ok
797,oz12,0.5310206980519481,0.5310206980519481,0.0,ok
797,oz13,0.5202780032467533,0.5202780032467533,0.0,ok
797,oz14,0.48067573051948054,0.48067573051948054,0.0,ok
797,oz15,0.5158482142857144,0.5158482142857144,0.0,ok
797,oz16,0.5329931006493507,0.5329931006493507,0.0,ok
797,oz17,0.5254809253246753,0.5254809253246753,0.0,ok
797,oz18,0.474614448051948,0.474614448051948,0.0,ok
797,oz19,0.5189549512987013,0.5189549512987013,0.0,ok
797,oz2,0.6363879870129869,0.6363879870129869,0.0,ok
797,oz20,0.5260206980519481,0.5260206980519481,0.0,ok
797,oz21,0.5212053571428571,0.5212053571428571,0.0,ok
797,oz22,0.5168039772727273,0.5168039772727273,0.0,ok
797,oz23,0.4790888798701299,0.4790888798701299,0.0,ok
797,oz24,0.5131473214285714,0.5131473214285714,0.0,ok
797,oz25,0.4846083603896104,0.4846083603896104,0.0,ok
797,oz26,0.5264265422077922,0.5264265422077922,0.0,ok
797,oz27,0.5165888798701298,0.5165888798701298,0.0,ok
797,oz28,0.5314975649350648,0.5314975649350648,0.0,ok
797,oz29,0.4683705357142857,0.4683705357142857,0.0,ok
797,oz3,0.522739448051948,0.522739448051948,0.0,ok
797,oz30,0.5080965909090909,0.5080965909090909,0.0,ok
797,oz31,0.4700162337662338,0.4700162337662338,0.0,ok
797,oz32,0.471856737012987,0.471856737012987,0.0,ok
797,oz33,0.5148133116883118,0.5148133116883118,0.0,ok
797,oz34,0.5169500811688311,0.5169500811688311,0.0,ok
797,oz35,0.5125121753246753,0.5125121753246753,0.0,ok
797,oz36,0.5221428571428571,0.5221428571428571,0.0,ok
797,oz37,0.4780215097402597,0.4780215097402597,0.0,ok
797,oz38,0.5413656655844156,0.5413656655844156,0.0,ok
797,oz39,0.5197544642857143,0.5197544642857143,0.0,ok
797,oz4,0.6712844967532469,0.6712844967532469,0.0,ok
797,oz40,0.47069196428571425,0.47069196428571425,0.0,ok
797,oz41,0.48510551948051944,0.48510551948051944,0.0,ok
797,oz42,0.5252800324675324,0.5252800324675324,0.0,ok
797,oz43,0.472481737012987,0.472481737012987,0.0,ok
797,oz44,0.5222727272727272,0.5222727272727272,0.0,ok
797,oz45,0.47757711038961037,0.47757711038961037,0.0,ok
797,oz46,0.5316700487012987,0.5316700487012987,0.0,ok
797,oz47,0.47073863636363633,0.47073863636363633,0.0,ok
797,oz48,0.5128185876623377,0.5128185876623377,0.0,ok
797,oz49,0.4706209415584416,0.4706209415584416,0.0,ok
797,oz5,0.5456899350649351,0.5456899350649351,0.0,ok
797,oz50,0.4828693181818182,0.4828693181818182,0.0,ok
797,oz6,0.5238433441558441,0.5238433441558441,0.0,ok
797,oz7,0.5133482142857143,0.5133482142857143,0.0,ok
797,oz8,0.5287804383116884,0.5287804383116884,0.0,ok
797,oz9,0.5197625811688311,0.5197625811688311,0.0,ok
798,age,0.5897238589394073,0.5897238589394073,0.0,ok
798,ca,0.5630551402691055,0.5630551402691055,0.0,ok
798,cp,0.5672104476299359,0.5672104476299359,0.0,ok
798,exang,0.549182129979773,0.549182129979773,0.0,ok
798,fbs,0.49881276932547713,0.49881276932547713,0.0,ok
798,num,0.5622196816462931,0.5622196816462931,0.0,ok
798,oldpeak,0.5116304634596781,0.5116304634596781,0.0,ok
798,restecg,0.594912496702137,0.594912496702137,0.0,ok
798,sex,0.5634069123208161,0.5634069123208161,0.0,ok
798,slope,0.48513763081523165,0.48513763081523165,0.0,ok
798,thal,0.5139169817957964,0.5139169817957964,0.0,ok
798,thalach,0.5446310790607686,0.5446310790607686,0.0,ok
798,trestbps,0.548060856564946,0.548060856564946,0.0,ok
799,oz1,0.6897768319659507,0.6897768319659507,0.0,ok
799,oz2,0.6750063002268082,0.6750063002268082,0.0,ok
799,oz3,0.43074350676624357,0.43074350676624357,0.0,ok
799,oz4,0.7565992375725525,0.7565992375725525,0.0,ok
799,oz5,0.6599117568232458,0.6599117568232458,0.0,ok
805,oz1,0.5644581407293271,0.5644581407293271,0.0,ok
805,oz10,0.48813880328710835,0.48813880328710835,0.0,ok
805,oz11,0.4804105675398049,0.4804105675398049,0.0,ok
805,oz12,0.455998009758603,0.455998009758603,0.0,ok
805,oz13,0.5283930405752439,0.5283930405752439,0.0,ok
805,oz14,0.4688061761684643,0.4688061761684643,0.0,ok
805,oz15,0.5255521314843348,0.5255521314843348,0.0,ok
805,oz16,0.4632126348228043,0.4632126348228043,0.0,ok
805,oz17,0.43382447354904985,0.43382447354904985,0.0,ok
805,oz18,0.47208846944016436,0.47208846944016436,0.0,ok
805,oz19,0.5236100410888547,0.5236100410888547,0.0,ok
805,oz2,0.5700998330765279,0.5700998330765279,0.0,ok
805,oz20,0.4723051489470981,0.4723051489470981,0.0,ok
805,oz21,0.5520351823317925,0.5520351823317925,0.0,ok
805,oz22,0.5483195300462249,0.5483195300462249,0.0,ok
805,oz23,0.5504863251155625,0.5504863251155625,0.0,ok
805,oz24,0.45467385721623005,0.45467385721623005,0.0,ok
805,oz25,0.4755473163841808,0.4755473163841808,0.0,ok
805,oz26,0.5319802901900359,0.5319802901900359,0.0,ok
805,oz27,0.4555405752439651,0.4555405752439651,0.0,ok
805,oz28,0.46927163585002574,0.46927163585002574,0.0,ok
805,oz29,0.5283930405752439,0.5283930405752439,0.0,ok
805,oz3,0.4765263867488444,0.4765263867488444,0.0,ok
805,oz30,0.4521860554699538,0.4521860554699538,0.0,ok
805,oz31,0.552452491011813,0.552452491011813,0.0,ok
805,oz32,0.5226068952234206,0.5226068952234206,0.0,ok
805,oz33,0.4663665254237288,0.4663665254237288,0.0,ok
805,oz34,0.5178961222393426,0.5178961222393426,0.0,ok
805,oz35,0.47916666666666663,0.47916666666666663,0.0,ok
805,oz36,0.5503177966101696,0.5503177966101696,0.0,ok
805,oz37,0.5421883025166925,0.5421883025166925,0.0,ok
805,oz38,0.5086431047765794,0.5086431047765794,0.0,ok
805,oz39,0.5240032742681049,0.5240032742681049,0.0,ok
805,oz4,0.6957578967642526,0.6957578967642526,0.0,ok
805,oz40,0.45139156394453,0.45139156394453,0.0,ok
805,oz41,0.5165398690292758,0.5165398690292758,0.0,ok
805,oz42,0.44721045197740106,0.44721045197740106,0.0,ok
805,oz43,0.44660053929121724,0.44660053929121724,0.0,ok
805,oz44,0.44026065742167436,0.44026065742167436,0.0,ok
805,oz45,0.5421080508474576,0.5421080508474576,0.0,ok
805,oz46,0.536113251155624,0.536113251155624,0.0,ok
805,oz47,0.4783079738058552,0.4783079738058552,0.0,ok
805,oz48,0.4570091807909605,0.4570091807909605,0.0,ok
805,oz49,0.5216197996918336,0.5216197996918336,0.0,ok
805,oz5,0.461727978941962,0.461727978941962,0.0,ok
805,oz50,0.4741830380071906,0.4741830380071906,0.0,ok
805,oz6,0.44220274781715463,0.44220274781715463,0.0,ok
805,oz7,0.5191961992809451,0.5191961992809451,0.0,ok
805,oz8,0.5477015921931176,0.5477015921931176,0.0,ok
805,oz9,0.5178880970724191,0.5178880970724191,0.0,ok
806,oz1,0.6327907682963863,0.6327907682963863,0.0,ok
806,oz10,0.5126794209940277,0.5126794209940277,0.0,ok
806,oz11,0.5159854236258731,0.5159854236258731,0.0,ok
806,oz12,0.5304909403785808,0.5304909403785808,0.0,ok
806,oz13,0.47090393764551064,0.47090393764551064,0.0,ok
806,oz14,0.5173357627290212,0.5173357627290212,0.0,ok
806,oz15,0.47496507743698757,0.47496507743698757,0.0,ok
806,oz16,0.5185261666160543,0.5185261666160543,0.0,ok
806,oz17,0.45445490434254476,0.45445490434254476,0.0,ok
806,oz18,0.48325539022168235,0.48325539022168235,0.0,ok
806,oz19,0.5374147180888754,0.5374147180888754,0.0,ok
806,oz2,0.6332422309950401,0.6332422309950401,0.0,ok
806,oz20,0.48026520902925396,0.48026520902925396,0.0,ok
806,oz21,0.5068326753720013,0.5068326753720013,0.0,ok
806,oz22,0.519524243344468,0.519524243344468,0.0,ok
806,oz23,0.4895961129668995,0.4895961129668995,0.0,ok
806,oz24,0.5365219151736006,0.5365219151736006,0.0,ok
806,oz25,0.521131693491244,0.521131693491244,0.0,ok
806,oz26,0.48646219252960826,0.48646219252960826,0.0,ok
806,oz27,0.5400769308634477,0.5400769308634477,0.0,ok
806,oz28,0.5234740358335863,0.5234740358335863,0.0,ok
806,oz29,0.4685150318858184,0.4685150318858184,0.0,ok
806,oz3,0.47380504099605225,0.47380504099605225,0.0,ok
806,oz30,0.5471687417754834,0.5471687417754834,0.0,ok
806,oz31,0.47659682154064176,0.47659682154064176,0.0,ok
806,oz32,0.5364490333029659,0.5364490333029659,0.0,ok
806,oz33,0.5281566960218645,0.5281566960218645,0.0,ok
806,oz34,0.510296588723555,0.510296588723555,0.0,ok
806,oz35,0.5190930256098796,0.5190930256098796,0.0,ok
806,oz36,0.5232412187468367,0.5232412187468367,0.0,ok
806,oz37,0.5236663629922057,0.5236663629922057,0.0,ok
806,oz38,0.5290555724263589,0.5290555724263589,0.0,ok
806,oz39,0.4790829031278469,0.4790829031278469,0.0,ok
806,oz4,0.6868346998684077,0.6868346998684077,0.0,ok
806,oz40,0.4603968012956777,0.4603968012956777,0.0,ok
806,oz41,0.5455552181394878,0.5455552181394878,0.0,ok
806,oz42,0.47343658265006583,0.47343658265006583,0.0,ok
806,oz43,0.5219880554712015,0.5219880554712015,0.0,ok
806,oz44,0.5221682356513817,0.5221682356513817,0.0,ok
806,oz45,0.46800688328778217,0.46800688328778217,0.0,ok
806,oz46,0.5207166717279077,0.5207166717279077,0.0,ok
806,oz47,0.5255552181394878,0.5255552181394878,0.0,ok
806,oz48,0.48722947666767885,0.48722947666767885,0.0,ok
806,oz49,0.49084725174612814,0.49084725174612814,0.0,ok
806,oz5,0.5309525255592671,0.5309525255592671,0.0,ok
806,oz50,0.4771474845632149,0.4771474845632149,0.0,ok
806,oz6,0.523480109322806,0.523480109322806,0.0,ok
806,oz7,0.48299220568883494,0.48299220568883494,0.0,ok
806,oz8,0.4723190606336674,0.4723190606336674,0.0,ok
806,oz9,0.5142544791982995,0.5142544791982995,0.0,ok
807,theta1,0.568569002253275,0.568569002253275,0.0,ok
807,theta2,0.5238107702155588,0.5238107702155588,0.0,ok
807,theta3,0.7578773400861625,0.7578773400861625,0.0,ok
807,theta4,0.5306860254022887,0.5306860254022887,0.0,ok
807,theta5,0.6151281788634794,0.6151281788634794,0.0,ok
807,theta6,0.5629927250317672,0.5629927250317672,0.0,ok
807,theta7,0.5611124221561228,0.5611124221561228,0.0,ok
807,theta8,0.5363679546998241,0.5363679546998241,0.0,ok
810,D,0.6269542090656799,0.6269542090656799,0.0,ok
810,Z1,0.4758209990749306,0.4758209990749306,0.0,ok
810,Z10,0.7190795559666975,0.7190795559666975,0.0,ok
810,Z11,0.6946924144310823,0.6946924144310823,0.0,ok
810,Z12,0.524340888066605,0.524340888066605,0.0,ok
810,Z13,0.6230226641998149,0.6230226641998149,0.0,ok
810,Z15,0.5792668825161887,0.5792668825161887,0.0,ok
810,Z16,0.5688945420906568,0.5688945420906568,0.0,ok
810,Z17,0.6270120259019426,0.6270120259019426,0.0,ok
810,Z2,0.5485545790934321,0.5485545790934321,0.0,ok
810,Z3,0.5103954671600369,0.5103954671600369,0.0,ok
810,Z4,0.5317992599444958,0.5317992599444958,0.0,ok
810,Z5,0.6271045328399629,0.6271045328399629,0.0,ok
810,Z6,0.5495605920444033,0.5495605920444033,0.0,ok
810,Z7,0.5711493987049029,0.5711493987049029,0.0,ok
810,Z8,0.7460106382978724,0.7460106382978724,0.0,ok
813,oz1,0.6253663156268925,0.6253663156268925,0.0,ok
813,oz2,0.6229641793107372,0.6229641793107372,0.0,ok
813,oz3,0.4541419577207751,0.4541419577207751,0.0,ok
813,oz4,0.6866004690465836,0.6866004690465836,0.0,ok
813,oz5,0.5285187638956067,0.5285187638956067,0.0,ok
816,tau1,0.4953176369019959,0.4953176369019959,0.0,ok
816,tau2,0.4864734779242782,0.4864734779242782,0.0,ok
816,theta1,0.5145098388903022,0.5145098388903022,0.0,ok
816,theta2,0.7502619972757767,0.7502619972757767,0.0,ok
816,theta3,0.7074640523405646,0.7074640523405646,0.0,ok
816,thetad1,0.4948458272247327,0.4948458272247327,0.0,ok
816,thetad2,0.490233918177455,0.490233918177455,0.0,ok
816,thetad3,0.4905611837997169,0.4905611837997169,0.0,ok
818,col_1,0.890909090909091,0.890909090909091,0.0,ok
818,col_2,0.5200208986415883,0.5200208986415883,0.0,ok
818,col_3,0.9037408568443052,0.9037408568443052,0.0,ok
818,col_4,0.8968443051201672,0.8968443051201672,0.0,ok
818,col_5,0.958662486938349,0.958662486938349,0.0,ok
818,col_6,0.9999791013584116,0.9999791013584116,0.0,ok
818,col_7,0.8968443051201672,0.8968443051201672,0.0,ok
818,col_8,0.958662486938349,0.958662486938349,0.0,ok
824,oz1,0.6328887022802143,0.6328887022802143,0.0,ok
824,oz10,0.4415089464504877,0.4415089464504877,0.0,ok
824,oz2,0.6256378786900071,0.6256378786900071,0.0,ok
824,oz3,0.48156611330017435,0.48156611330017435,0.0,ok
824,oz4,0.7042019249402494,0.7042019249402494,0.0,ok
824,oz5,0.5459272656805115,0.5459272656805115,0.0,ok
824,oz6,0.5248288224274917,0.5248288224274917,0.0,ok
824,oz7,0.47500968929655707,0.47500968929655707,0.0,ok
824,oz8,0.4756233447451715,0.4756233447451715,0.0,ok
824,oz9,0.539007493056004,0.539007493056004,0.0,ok
825,AGE,0.8415756865106403,0.8415756865106403,0.0,ok
825,B,0.6124166125275317,0.6124166125275317,0.0,ok
825,CHAS,0.4894705984883297,0.4894705984883297,0.0,ok
825,CMEDV,0.9206373100508644,0.9206373100508644,0.0,ok
825,CRIM,0.8333676654676828,0.8333676654676828,0.0,ok
825,DIS,0.7952193823384938,0.7952193823384938,0.0,ok
825,INDUS,0.8290655849403412,0.8290655849403412,0.0,ok
825,LAT,0.5228176646754028,0.5228176646754028,0.0,ok
825,LON,0.6369139108526518,0.6369139108526518,0.0,ok
825,MEDV,0.9170403587443945,0.9170403587443945,0.0,ok
825,NOX,0.8415677637104058,0.8415677637104058,0.0,ok
825,OBS.,0.6490991776133355,0.6490991776133355,0.0,ok
825,PTRATIO,0.7409798919330048,0.7409798919330048,0.0,ok
825,RAD,0.6616568159850417,0.6616568159850417,0.0,ok
825,RM,0.7896813449745679,0.7896813449745679,0.0,ok
825,TAX,0.7813624047283272,0.7813624047283272,0.0,ok
825,TOWN,0.6307420494699647,0.6307420494699647,0.0,ok
825,TRACT,0.8069768178865138,0.8069768178865138,0.0,ok
825,ZN,0.6654201460964363,0.6654201460964363,0.0,ok
826,Columns,0.5332617359671232,0.5332617359671232,0.0,ok
826,Halfplot,0.45600486696547193,0.45600486696547193,0.0,ok
826,Interval,0.5251977204722943,0.5251977204722943,0.0,ok
826,Judges,0.5606446246104565,0.5606446246104565,0.0,ok
826,Method,0.45600486696547193,0.45600486696547193,0.0,ok
826,Occasion,0.5395068472741269,0.5395068472741269,0.0,ok
826,Position,0.48980047924711023,0.48980047924711023,0.0,ok
826,Rows,0.4722880945581863,0.4722880945581863,0.0,ok
826,Sittings,0.5390474653290789,0.5390474653290789,0.0,ok
826,Squares,0.5395068472741269,0.5395068472741269,0.0,ok
826,Trellis,0.555417603019505,0.555417603019505,0.0,ok
830,oz1,0.789619185845601,0.789619185845601,0.0,ok
830,oz10,0.5153431474186191,0.5153431474186191,0.0,ok
830,oz2,0.807277628032345,0.807277628032345,0.0,ok
830,oz3,0.7204022392701639,0.7204022392701639,0.0,ok
830,oz4,0.5560854240099523,0.5560854240099523,0.0,ok
830,oz5,0.6274794388001935,0.6274794388001935,0.0,ok
830,oz6,0.5648282535074988,0.5648282535074988,0.0,ok
830,oz7,0.43717603151565415,0.43717603151565415,0.0,ok
830,oz8,0.5425046651461746,0.5425046651461746,0.0,ok
830,oz9,0.455421936554012,0.455421936554012,0.0,ok
831,acceleration,0.6805144173565226,0.6805144173565226,0.0,ok
831,cylinders,0.891154654312549,0.891154654312549,0.0,ok
831,displacement,0.9373053846738058,0.9373053846738058,0.0,ok
831,horsepower,0.9156603630287841,0.9156603630287841,0.0,ok
831,model,0.7537783853573328,0.7537783853573328,0.0,ok
831,origin,0.7501202501202502,0.7501202501202502,0.0,ok
831,weight,0.9447355763145238,0.9447355763145238,0.0,ok
832,oz1,0.6159180763497311,0.6159180763497311,0.0,ok
832,oz10,0.5399248169032341,0.5399248169032341,0.0,ok
832,oz11,0.46085293927020543,0.46085293927020543,0.0,ok
832,oz12,0.549322703998963,0.549322703998963,0.0,ok
832,oz13,0.5199948149588437,0.5199948149588437,0.0,ok
832,oz14,0.522295676971936,0.522295676971936,0.0,ok
832,oz15,0.5135459200207402,0.5135459200207402,0.0,ok
832,oz16,0.5432950936548059,0.5432950936548059,0.0,ok
832,oz17,0.5417071748007,0.5417071748007,0.0,ok
832,oz18,0.5289066044461728,0.5289066044461728,0.0,ok
832,oz19,0.5378183939335018,0.5378183939335018,0.0,ok
832,oz2,0.6174411821893836,0.6174411821893836,0.0,ok
832,oz20,0.5661416812495949,0.5661416812495949,0.0,ok
832,oz21,0.4453950353230929,0.4453950353230929,0.0,ok
832,oz22,0.42241882169939726,0.42241882169939726,0.0,ok
832,oz23,0.5431006546114461,0.5431006546114461,0.0,ok
832,oz24,0.5179532050035647,0.5179532050035647,0.0,ok
832,oz25,0.4480847754229049,0.4480847754229049,0.0,ok
832,oz3,0.518018018018018,0.518018018018018,0.0,ok
832,oz4,0.6761293667768489,0.6761293667768489,0.0,ok
832,oz5,0.5494199235206431,0.5494199235206431,0.0,ok
832,oz6,0.5791042841402554,0.5791042841402554,0.0,ok
832,oz7,0.5190874327564975,0.5190874327564975,0.0,ok
832,oz8,0.43826560373322965,0.43826560373322965,0.0,ok
832,oz9,0.5811458940955343,0.5811458940955343,0.0,ok
833,a1cx,0.4905765635460241,0.4905765635460241,0.0,ok
833,a1cy,0.4925502980876212,0.4925502980876212,0.0,ok
833,a1pop,0.6605492625443887,0.6605492625443887,0.0,ok
833,a1rho,0.5073856591741536,0.5073856591741536,0.0,ok
833,a1sx,0.5067542116975872,0.5067542116975872,0.0,ok
833,a1sy,0.5207688511714287,0.5207688511714287,0.0,ok
833,a2cx,0.5059359612992518,0.5059359612992518,0.0,ok
833,a2cy,0.5072418762656707,0.5072418762656707,0.0,ok
833,a2pop,0.737518749033703,0.737518749033703,0.0,ok
833,a2rho,0.4898141765144559,0.4898141765144559,0.0,ok
833,a2sx,0.5168374971902989,0.5168374971902989,0.0,ok
833,a2sy,0.5179877604581618,0.5179877604581618,0.0,ok
833,a3cx,0.5048320942107661,0.5048320942107661,0.0,ok
833,a3cy,0.5108057502303972,0.5108057502303972,0.0,ok
833,a3pop,0.6600267225286413,0.6600267225286413,0.0,ok
833,a3rho,0.49769094603445624,0.49769094603445624,0.0,ok
833,a3sx,0.5101865544080999,0.5101865544080999,0.0,ok
833,a3sy,0.5079658724601399,0.5079658724601399,0.0,ok
833,b1call,0.5141857797694142,0.5141857797694142,0.0,ok
833,b1eff,0.5730484002298021,0.5730484002298021,0.0,ok
833,b1x,0.49548425603256496,0.49548425603256496,0.0,ok
833,b1y,0.49357912379370805,0.49357912379370805,0.0,ok
833,b2call,0.4871772167680316,0.4871772167680316,0.0,ok
833,b2eff,0.5094658647680501,0.5094658647680501,0.0,ok
833,b2x,0.5086836384099664,0.5086836384099664,0.0,ok
833,b2y,0.5061489382096866,0.5061489382096866,0.0,ok
833,b3call,0.48218672119766604,0.48218672119766604,0.0,ok
833,b3eff,0.5122792901029536,0.5122792901029536,0.0,ok
833,b3x,0.509027763710419,0.509027763710419,0.0,ok
833,b3y,0.509700804160996,0.509700804160996,0.0,ok
833,mxql,0.5693202079133575,0.5693202079133575,0.0,ok
833,temp,0.5431202888995766,0.5431202888995766,0.0,ok
837,oz1,0.6305273395724622,0.6305273395724622,0.0,ok
837,oz10,0.47127417864248494,0.47127417864248494,0.0,ok
837,oz11,0.46535790242583464,0.46535790242583464,0.0,ok
837,oz12,0.4443119403045308,0.4443119403045308,0.0,ok
837,oz13,0.5246074312626368,0.5246074312626368,0.0,ok
837,oz14,0.4543587135933105,0.4543587135933105,0.0,ok
837,oz15,0.5278904399271966,0.5278904399271966,0.0,ok
837,oz16,0.4692583669301952,0.4692583669301952,0.0,ok
837,oz17,0.5170183743558079,0.5170183743558079,0.0,ok
837,oz18,0.5221618218579367,0.5221618218579367,0.0,ok
837,oz19,0.5313288214664778,0.5313288214664778,0.0,ok
837,oz2,0.6350856165074599,0.6350856165074599,0.0,ok
837,oz20,0.5170950518783975,0.5170950518783975,0.0,ok
837,oz21,0.5228438482430758,0.5228438482430758,0.0,ok
837,oz22,0.4801021828879984,0.4801021828879984,0.0,ok
837,oz23,0.5141752525313672,0.5141752525313672,0.0,ok
837,oz24,0.48711615837540506,0.48711615837540506,0.0,ok
837,oz25,0.5324507346917362,0.5324507346917362,0.0,ok
837,oz26,0.48286459153076583,0.48286459153076583,0.0,ok
837,oz27,0.46519042257386267,0.46519042257386267,0.0,ok
837,oz28,0.5157188921308684,0.5157188921308684,0.0,ok
837,oz29,0.5344725998926514,0.5344725998926514,0.0,ok
837,oz3,0.5118648377059699,0.5118648377059699,0.0,ok
837,oz30,0.5298558059009407,0.5298558059009407,0.0,ok
837,oz31,0.46615494509485816,0.46615494509485816,0.0,ok
837,oz32,0.5204466667473798,0.5204466667473798,0.0,ok
837,oz33,0.4499477382148665,0.4499477382148665,0.0,ok
837,oz34,0.5358870984014754,0.5358870984014754,0.0,ok
837,oz35,0.5120585493419858,0.5120585493419858,0.0,ok
837,oz36,0.47937172859385535,0.47937172859385535,0.0,ok
837,oz37,0.5160054239258085,0.5160054239258085,0.0,ok
837,oz38,0.47750725409720285,0.47750725409720285,0.0,ok
837,oz39,0.5421443878106953,0.5421443878106953,0.0,ok
837,oz4,0.6763239988538727,0.6763239988538727,0.0,ok
837,oz40,0.5091589282903737,0.5091589282903737,0.0,ok
837,oz41,0.5103393585723452,0.5103393585723452,0.0,ok
837,oz42,0.5185075325576797,0.5185075325576797,0.0,ok
837,oz43,0.5258181289877356,0.5258181289877356,0.0,ok
837,oz44,0.5102646988792975,0.5102646988792975,0.0,ok
837,oz45,0.4660984458676869,0.4660984458676869,0.0,ok
837,oz46,0.4804431960805679,0.4804431960805679,0.0,ok
837,oz47,0.513039214499316,0.513039214499316,0.0,ok
837,oz48,0.47599388194082914,0.47599388194082914,0.0,ok
837,oz49,0.478956055708238,0.478956055708238,0.0,ok
837,oz5,0.587351840865891,0.587351840865891,0.0,ok
837,oz50,0.5146958525531597,0.5146958525531597,0.0,ok
837,oz6,0.5328744788955208,0.5328744788955208,0.0,ok
837,oz7,0.482947322541981,0.482947322541981,0.0,ok
837,oz8,0.5536722479831794,0.5536722479831794,0.0,ok
837,oz9,0.4802212348309664,0.4802212348309664,0.0,ok
838,oz1,0.6305425143453312,0.6305425143453312,0.0,ok
838,oz10,0.5391154799165363,0.5391154799165363,0.0,ok
838,oz11,0.5345918101199791,0.5345918101199791,0.0,ok
838,oz12,0.5285194966092853,0.5285194966092853,0.0,ok
838,oz13,0.47906070683359414,0.47906070683359414,0.0,ok
838,oz14,0.4662803208137716,0.4662803208137716,0.0,ok
838,oz15,0.5311603416797079,0.5311603416797079,0.0,ok
838,oz16,0.5170432316118936,0.5170432316118936,0.0,ok
838,oz17,0.4455773995826813,0.4455773995826813,0.0,ok
838,oz18,0.5148099243609807,0.5148099243609807,0.0,ok
838,oz19,0.4787835811163276,0.4787835811163276,0.0,ok
838,oz2,0.6390437532603025,0.6390437532603025,0.0,ok
838,oz20,0.47105666405842467,0.47105666405842467,0.0,ok
838,oz21,0.4748141627543036,0.4748141627543036,0.0,ok
838,oz22,0.55068140323422,0.55068140323422,0.0,ok
838,oz23,0.47898735002608245,0.47898735002608245,0.0,ok
838,oz24,0.5137910798122066,0.5137910798122066,0.0,ok
838,oz25,0.47632205268648925,0.47632205268648925,0.0,ok
838,oz3,0.4208806077203965,0.4208806077203965,0.0,ok
838,oz4,0.6822346113719353,0.6822346113719353,0.0,ok
838,oz5,0.46200117370892013,0.46200117370892013,0.0,ok
838,oz6,0.5211838158581116,0.5211838158581116,0.0,ok
838,oz7,0.5141252608242045,0.5141252608242045,0.0,ok
838,oz8,0.48012845592070946,0.48012845592070946,0.0,ok
838,oz9,0.5247130933750652,0.5247130933750652,0.0,ok
840,aspiration,0.5797945881888209,0.5797945881888209,0.0,ok
840,body-style,0.5508097965633023,0.5508097965633023,0.0,ok
840,bore,0.7922180525380209,0.7922180525380209,0.0,ok
840,city-mpg,0.9368951214694844,0.9368951214694844,0.0,ok
840,compression-ratio,0.6255184673118704,0.6255184673118704,0.0,ok
840,curb-weight,0.9086509974323523,0.9086509974323523,0.0,ok
840,drive-wheels,0.7376061623543352,0.7376061623543352,0.0,ok
840,engine-location,0.5128382381986963,0.5128382381986963,0.0,ok
840,engine-size,0.9246494173414972,0.9246494173414972,0.0,ok
840,engine-type,0.4290934228718151,0.4290934228718151,0.0,ok
840,fuel-system,0.8809006517874777,0.8809006517874777,0.0,ok
840,fuel-type,0.5324412403713215,0.5324412403713215,0.0,ok
840,height,0.4589670156033972,0.4589670156033972,0.0,ok
840,highway-mpg,0.9226249259332412,0.9226249259332412,0.0,ok
840,length,0.8341398380406874,0.8341398380406874,0.0,ok
840,make,0.44420304167489627,0.44420304167489627,0.0,ok
840,normalized-losses,0.5833497926130752,0.5833497926130752,0.0,ok
840,num-of-cylinders,0.7367667390874976,0.7367667390874976,0.0,ok
840,num-of-doors,0.5588583843571006,0.5588583843571006,0.0,ok
840,peak-rpm,0.529281058660873,0.529281058660873,0.0,ok
840,price,0.9151688722101521,0.9151688722101521,0.0,ok
840,stroke,0.5203436697610113,0.5203436697610113,0.0,ok
840,symboling,0.5340707090657714,0.5340707090657714,0.0,ok
840,wheel-base,0.72777997234841,0.72777997234841,0.0,ok
840,width,0.8379913095002963,0.8379913095002963,0.0,ok
844,age,0.47582831325301206,0.47582831325301206,0.0,ok
844,breast,0.47665662650602403,0.47665662650602403,0.0,ok
844,breast-quad,0.5727660642570281,0.5727660642570281,0.0,ok
844,deg-malig,0.6036395582329317,0.6036395582329317,0.0,ok
844,inv-nodes,0.612198795180723,0.612198795180723,0.0,ok
844,irradiation,0.5813755020080321,0.5813755020080321,0.0,ok
844,menopause,0.5488453815261045,0.5488453815261045,0.0,ok
844,node-caps,0.5636546184738955,0.5636546184738955,0.0,ok
844,recurrence,0.5892570281124498,0.5892570281124498,0.0,ok
845,oz1,0.673964364454083,0.673964364454083,0.0,ok
845,oz10,0.5136164117173965,0.5136164117173965,0.0,ok
845,oz2,0.6659537690211628,0.6659537690211628,0.0,ok
845,oz3,0.4882121807465619,0.4882121807465619,0.0,ok
845,oz4,0.7671525574286068,0.7671525574286068,0.0,ok
845,oz5,0.6402334356331452,0.6402334356331452,0.0,ok
845,oz6,0.4399805536993986,0.4399805536993986,0.0,ok
845,oz7,0.471660818105066,0.471660818105066,0.0,ok
845,oz8,0.5275869381679664,0.5275869381679664,0.0,ok
845,oz9,0.521158855469172,0.521158855469172,0.0,ok
849,oz1,0.704127348584549,0.704127348584549,0.0,ok
849,oz10,0.5104643767175618,0.5104643767175618,0.0,ok
849,oz11,0.4828473825057702,0.4828473825057702,0.0,ok
849,oz12,0.4874795492637735,0.4874795492637735,0.0,ok
849,oz13,0.5228168214055706,0.5228168214055706,0.0,ok
849,oz14,0.48176134340836274,0.48176134340836274,0.0,ok
849,oz15,0.5548519746710882,0.5548519746710882,0.0,ok
849,oz16,0.4580864911136801,0.4580864911136801,0.0,ok
849,oz17,0.4415198947162098,0.4415198947162098,0.0,ok
849,oz18,0.48524946898088334,0.48524946898088334,0.0,ok
849,oz19,0.5177526390950075,0.5177526390950075,0.0,ok
849,oz2,0.6731982351364649,0.6731982351364649,0.0,ok
849,oz20,0.48262337444147985,0.48262337444147985,0.0,ok
849,oz21,0.5281210123564449,0.5281210123564449,0.0,ok
849,oz22,0.4891816105379793,0.4891816105379793,0.0,ok
849,oz23,0.4563264277513991,0.4563264277513991,0.0,ok
849,oz24,0.5217527831001916,0.5217527831001916,0.0,ok
849,oz25,0.5114364117108217,0.5114364117108217,0.0,ok
849,oz3,0.48514346516474594,0.48514346516474594,0.0,ok
849,oz4,0.7568312459248533,0.7568312459248533,0.0,ok
849,oz5,0.6026456952450288,0.6026456952450288,0.0,ok
849,oz6,0.5268069650507419,0.5268069650507419,0.0,ok
849,oz7,0.5139705029381058,0.5139705029381058,0.0,ok
849,oz8,0.47231300326811765,0.47231300326811765,0.0,ok
849,oz9,0.5225568120452336,0.5225568120452336,0.0,ok
853,AGE,0.7549175970228601,0.7549175970228601,0.0,ok
853,B,0.5745815410887182,0.5745815410887182,0.0,ok
853,CHAS,0.5207739274724921,0.5207739274724921,0.0,ok
853,CRIM,0.7338536883991428,0.7338536883991428,0.0,ok
853,DIS,0.6846938282344981,0.6846938282344981,0.0,ok
853,INDUS,0.7774153013387464,0.7774153013387464,0.0,ok
853,LSTAT,0.9183703059301145,0.9183703059301145,0.0,ok
853,NOX,0.7504631643387624,0.7504631643387624,0.0,ok
853,PTRATIO,0.7807661946417928,0.7807661946417928,0.0,ok
853,RAD,0.6281152836176759,0.6281152836176759,0.0,ok
853,RM,0.8447070384869428,0.8447070384869428,0.0,ok
853,TAX,0.7358674463937622,0.7358674463937622,0.0,ok
853,ZN,0.667029143105698,0.667029143105698,0.0,ok
855,oz1,0.5332718685300207,0.5332718685300207,0.0,ok
855,oz10,0.4696477096273292,0.4696477096273292,0.0,ok
855,oz2,0.5256372929606625,0.5256372929606625,0.0,ok
855,oz3,0.5526494565217391,0.5526494565217391,0.0,ok
855,oz4,0.7159921713250518,0.7159921713250518,0.0,ok
855,oz5,0.5208575957556936,0.5208575957556936,0.0,ok
855,oz6,0.5291553442028986,0.5291553442028986,0.0,ok
855,oz7,0.526672489648033,0.526672489648033,0.0,ok
855,oz8,0.5161587732919255,0.5161587732919255,0.0,ok
855,oz9,0.5183990036231884,0.5183990036231884,0.0,ok
858,age,0.5863358089120835,0.5863358089120835,0.0,ok
858,chol,0.6029706945002007,0.6029706945002007,0.0,ok
858,cp,0.7920012043356081,0.7920012043356081,0.0,ok
858,exang,0.7709002408671217,0.7709002408671217,0.0,ok
858,fbs,0.5300582095543958,0.5300582095543958,0.0,ok
858,oldpeak,0.7612655560016058,0.7612655560016058,0.0,ok
858,restecg,0.4772430750702529,0.4772430750702529,0.0,ok
858,sex,0.628387193898033,0.628387193898033,0.0,ok
858,thalach,0.6908621035728623,0.6908621035728623,0.0,ok
858,trestbps,0.5863859895624247,0.5863859895624247,0.0,ok
863,oz1,0.5539168433905276,0.5539168433905276,0.0,ok
863,oz10,0.43544759334233024,0.43544759334233024,0.0,ok
863,oz2,0.5624959835486151,0.5624959835486151,0.0,ok
863,oz3,0.5716213610950454,0.5716213610950454,0.0,ok
863,oz4,0.7058672321830217,0.7058672321830217,0.0,ok
863,oz5,0.5570978728873466,0.5570978728873466,0.0,ok
863,oz6,0.4557226399331662,0.4557226399331662,0.0,ok
863,oz7,0.4407493091703618,0.4407493091703618,0.0,ok
863,oz8,0.523520339309813,0.523520339309813,0.0,ok
863,oz9,0.44283786389049545,0.44283786389049545,0.0,ok
866,oz1,0.7212055443200316,0.7212055443200316,0.0,ok
866,oz10,0.4889179368289515,0.4889179368289515,0.0,ok
866,oz11,0.48725521629753865,0.48725521629753865,0.0,ok
866,oz12,0.4781893816077213,0.4781893816077213,0.0,ok
866,oz13,0.5525062069419096,0.5525062069419096,0.0,ok
866,oz14,0.46285905720251896,0.46285905720251896,0.0,ok
866,oz15,0.47907315148226703,0.47907315148226703,0.0,ok
866,oz16,0.5321096203489041,0.5321096203489041,0.0,ok
866,oz17,0.4570631710485211,0.4570631710485211,0.0,ok
866,oz18,0.5060712935102518,0.5060712935102518,0.0,ok
866,oz19,0.4632577812854536,0.4632577812854536,0.0,ok
866,oz2,0.723556783242079,0.723556783242079,0.0,ok
866,oz20,0.5339449842976702,0.5339449842976702,0.0,ok
866,oz21,0.4852492642101975,0.4852492642101975,0.0,ok
866,oz22,0.4816114207731137,0.4816114207731137,0.0,ok
866,oz23,0.49355670103092786,0.49355670103092786,0.0,ok
866,oz24,0.5291315213995627,0.5291315213995627,0.0,ok
866,oz25,0.5117870237919071,0.5117870237919071,0.0,ok
866,oz26,0.5269714234038705,0.5269714234038705,0.0,ok
866,oz27,0.5436500106874497,0.5436500106874497,0.0,ok
866,oz28,0.5383288939311728,0.5383288939311728,0.0,ok
866,oz29,0.5091110508229336,0.5091110508229336,0.0,ok
866,oz3,0.6134842730067906,0.6134842730067906,0.0,ok
866,oz30,0.48097428435192946,0.48097428435192946,0.0,ok
866,oz31,0.5089897893750308,0.5089897893750308,0.0,ok
866,oz32,0.4667188707476282,0.4667188707476282,0.0,ok
866,oz33,0.44531314227461805,0.44531314227461805,0.0,ok
866,oz34,0.519251796313652,0.519251796313652,0.0,ok
866,oz35,0.4716741478814186,0.4716741478814186,0.0,ok
866,oz36,0.48919128890642727,0.48919128890642727,0.0,ok
866,oz37,0.509626925796215,0.509626925796215,0.0,ok
866,oz38,0.45971859122971437,0.45971859122971437,0.0,ok
866,oz39,0.47432134694749994,0.47432134694749994,0.0,ok
866,oz4,0.6253308998832602,0.6253308998832602,0.0,ok
866,oz40,0.4781379996382709,0.4781379996382709,0.0,ok
866,oz41,0.48292063335470825,0.48292063335470825,0.0,ok
866,oz42,0.5415289629885397,0.5415289629885397,0.0,ok
866,oz43,0.5131147338825038,0.5131147338825038,0.0,ok
866,oz44,0.48157237047633145,0.48157237047633145,0.0,ok
866,oz45,0.5279147963629787,0.5279147963629787,0.0,ok
866,oz46,0.48396471497393906,0.48396471497393906,0.0,ok
866,oz47,0.48837123267399984,0.48837123267399984,0.0,ok
866,oz48,0.47936911162630097,0.47936911162630097,0.0,ok
866,oz49,0.47490710139923376,0.47490710139923376,0.0,ok
866,oz5,0.5778457389960374,0.5778457389960374,0.0,ok
866,oz50,0.5192045249017576,0.5192045249017576,0.0,ok
866,oz6,0.5478921060852694,0.5478921060852694,0.0,ok
866,oz7,0.5191963037866456,0.5191963037866456,0.0,ok
866,oz8,0.5251381147338825,0.5251381147338825,0.0,ok
866,oz9,0.5165470494417863,0.5165470494417863,0.0,ok
869,oz1,0.7315534932357362,0.7315534932357362,0.0,ok
869,oz10,0.4820681654793804,0.4820681654793804,0.0,ok
869,oz2,0.7304914711456768,0.7304914711456768,0.0,ok
869,oz3,0.6393618064178812,0.6393618064178812,0.0,ok
869,oz4,0.5947078622312267,0.5947078622312267,0.0,ok
869,oz5,0.5407081236520488,0.5407081236520488,0.0,ok
869,oz6,0.47233023985360434,0.47233023985360434,0.0,ok
869,oz7,0.5235605515979348,0.5235605515979348,0.0,ok
869,oz8,0.5391314293183451,0.5391314293183451,0.0,ok
869,oz9,0.46249428141951515,0.46249428141951515,0.0,ok
870,oz1,0.6662728456382312,0.6662728456382312,0.0,ok
870,oz2,0.6850235488900678,0.6850235488900678,0.0,ok
870,oz3,0.5454340872193021,0.5454340872193021,0.0,ok
870,oz4,0.6485991223417081,0.6485991223417081,0.0,ok
870,oz5,0.5468486280561315,0.5468486280561315,0.0,ok
873,oz1,0.5738132498695879,0.5738132498695879,0.0,ok
873,oz10,0.42546948356807507,0.42546948356807507,0.0,ok
873,oz11,0.5662819509650495,0.5662819509650495,0.0,ok
873,oz12,0.5673252477829943,0.5673252477829943,0.0,ok
873,oz13,0.5323095983307251,0.5323095983307251,0.0,ok
873,oz14,0.5338745435576422,0.5338745435576422,0.0,ok
873,oz15,0.4782863849765258,0.4782863849765258,0.0,ok
873,oz16,0.4757759520083463,0.4757759520083463,0.0,ok
873,oz17,0.46739697443922795,0.46739697443922795,0.0,ok
873,oz18,0.5272235263432447,0.5272235263432447,0.0,ok
873,oz19,0.522593896713615,0.522593896713615,0.0,ok
873,oz2,0.5794861763171624,0.5794861763171624,0.0,ok
873,oz20,0.5420252999478351,0.5420252999478351,0.0,ok
873,oz21,0.4634846113719353,0.4634846113719353,0.0,ok
873,oz22,0.47306990088680234,0.47306990088680234,0.0,ok
873,oz23,0.5276147626499739,0.5276147626499739,0.0,ok
873,oz24,0.5168231611893584,0.5168231611893584,0.0,ok
873,oz25,0.4729394887845592,0.4729394887845592,0.0,ok
873,oz26,0.5545774647887325,0.5545774647887325,0.0,ok
873,oz27,0.542905581637976,0.542905581637976,0.0,ok
873,oz28,0.4572574334898279,0.4572574334898279,0.0,ok
873,oz29,0.5775952008346374,0.5775952008346374,0.0,ok
873,oz3,0.526473656755347,0.526473656755347,0.0,ok
873,oz30,0.43091418883672405,0.43091418883672405,0.0,ok
873,oz31,0.5435250391236306,0.5435250391236306,0.0,ok
873,oz32,0.4404016692749087,0.4404016692749087,0.0,ok
873,oz33,0.5402321335419926,0.5402321335419926,0.0,ok
873,oz34,0.47388497652582157,0.47388497652582157,0.0,ok
873,oz35,0.5453182055294732,0.5453182055294732,0.0,ok
873,oz36,0.46700573813249874,0.46700573813249874,0.0,ok
873,oz37,0.5416992696922275,0.5416992696922275,0.0,ok
873,oz38,0.42550208659363586,0.42550208659363586,0.0,ok
873,oz39,0.5609350547730829,0.5609350547730829,0.0,ok
873,oz4,0.672633020344288,0.672633020344288,0.0,ok
873,oz40,0.4536384976525822,0.4536384976525822,0.0,ok
873,oz41,0.5249739175795514,0.5249739175795514,0.0,ok
873,oz42,0.5479916536254564,0.5479916536254564,0.0,ok
873,oz43,0.4523995826812729,0.4523995826812729,0.0,ok
873,oz44,0.5566640584246219,0.5566640584246219,0.0,ok
873,oz45,0.5478286384976525,0.5478286384976525,0.0,ok
873,oz46,0.46941836202399584,0.46941836202399584,0.0,ok
873,oz47,0.5301251956181534,0.5301251956181534,0.0,ok
873,oz48,0.47104851330203446,0.47104851330203446,0.0,ok
873,oz49,0.47730829420970267,0.47730829420970267,0.0,ok
873,oz5,0.4364241001564945,0.4364241001564945,0.0,ok
873,oz50,0.40176708398539385,0.40176708398539385,0.0,ok
873,oz6,0.5184859154929577,0.5184859154929577,0.0,ok
873,oz7,0.5864306207616067,0.5864306207616067,0.0,ok
873,oz8,0.5216810119979134,0.5216810119979134,0.0,ok
873,oz9,0.5555881585811163,0.5555881585811163,0.0,ok
877,oz1,0.686292875137265,0.686292875137265,0.0,ok
877,oz10,0.5977327046056456,0.5977327046056456,0.0,ok
877,oz11,0.40420515470576834,0.40420515470576834,0.0,ok
877,oz12,0.5832310574252311,0.5832310574252311,0.0,ok
877,oz13,0.4207092565079776,0.4207092565079776,0.0,ok
877,oz14,0.4708352173632195,0.4708352173632195,0.0,ok
877,oz15,0.5243524320134358,0.5243524320134358,0.0,ok
877,oz16,0.43498482010206063,0.43498482010206063,0.0,ok
877,oz17,0.5807118403203927,0.5807118403203927,0.0,ok
877,oz18,0.4701569666042245,0.4701569666042245,0.0,ok
877,oz19,0.566888443898973,0.566888443898973,0.0,ok
877,oz2,0.7001162715586848,0.7001162715586848,0.0,ok
877,oz20,0.4629222918416123,0.4629222918416123,0.0,ok
877,oz21,0.5802596731477294,0.5802596731477294,0.0,ok
877,oz22,0.528389638912215,0.528389638912215,0.0,ok
877,oz23,0.5754473225243848,0.5754473225243848,0.0,ok
877,oz24,0.5212841547703637,0.5212841547703637,0.0,ok
877,oz25,0.5991215037788257,0.5991215037788257,0.0,ok
877,oz26,0.5609456753439701,0.5609456753439701,0.0,ok
877,oz27,0.47865124991925595,0.47865124991925595,0.0,ok
877,oz28,0.45888508494283314,0.45888508494283314,0.0,ok
877,oz29,0.4751954008139009,0.4751954008139009,0.0,ok
877,oz3,0.5870744783928686,0.5870744783928686,0.0,ok
877,oz30,0.6026742458497513,0.6026742458497513,0.0,ok
877,oz31,0.5282281506362638,0.5282281506362638,0.0,ok
877,oz32,0.4798462631612944,0.4798462631612944,0.0,ok
877,oz33,0.5554227763064401,0.5554227763064401,0.0,ok
877,oz34,0.39664750339125376,0.39664750339125376,0.0,ok
877,oz35,0.463019184807183,0.463019184807183,0.0,ok
877,oz36,0.591143982946838,0.591143982946838,0.0,ok
877,oz37,0.45978941928815964,0.45978941928815964,0.0,ok
877,oz38,0.5300045216717266,0.5300045216717266,0.0,ok
877,oz39,0.5455396938182288,0.5455396938182288,0.0,ok
877,oz4,0.6133647697177185,0.6133647697177185,0.0,ok
877,oz40,0.530876558361863,0.530876558361863,0.0,ok
877,oz41,0.5477036367159744,0.5477036367159744,0.0,ok
877,oz42,0.5573283379626639,0.5573283379626639,0.0,ok
877,oz43,0.45998320521930103,0.45998320521930103,0.0,ok
877,oz44,0.4890187972353206,0.4890187972353206,0.0,ok
877,oz45,0.44202570893353144,0.44202570893353144,0.0,ok
877,oz46,0.4753245914346619,0.4753245914346619,0.0,ok
877,oz47,0.5313610231897165,0.5313610231897165,0.0,ok
877,oz48,0.380337187520186,0.380337187520186,0.0,ok
877,oz49,0.39948969704799436,0.39948969704799436,0.0,ok
877,oz5,0.5812609004586267,0.5812609004586267,0.0,ok
877,oz50,0.44338221045152126,0.44338221045152126,0.0,ok
877,oz6,0.4687681674310445,0.4687681674310445,0.0,ok
877,oz7,0.4600155028744913,0.4600155028744913,0.0,ok
877,oz8,0.577837349008462,0.577837349008462,0.0,ok
877,oz9,0.5682126477617725,0.5682126477617725,0.0,ok
879,oz1,0.6709015843179377,0.6709015843179377,0.0,ok
879,oz10,0.47449818743286787,0.47449818743286787,0.0,ok
879,oz11,0.47567299946294306,0.47567299946294306,0.0,ok
879,oz12,0.4826547395273899,0.4826547395273899,0.0,ok
879,oz13,0.5402708780880773,0.5402708780880773,0.0,ok
879,oz14,0.5214151450053706,0.5214151450053706,0.0,ok
879,oz15,0.5259801288936627,0.5259801288936627,0.0,ok
879,oz16,0.5429729457572503,0.5429729457572503,0.0,ok
879,oz17,0.4795079215896886,0.4795079215896886,0.0,ok
879,oz18,0.47605061761546724,0.47605061761546724,0.0,ok
879,oz19,0.473172328141783,0.473172328141783,0.0,ok
879,oz2,0.6703225698174007,0.6703225698174007,0.0,ok
879,oz20,0.5397757787325457,0.5397757787325457,0.0,ok
879,oz21,0.5190487379162191,0.5190487379162191,0.0,ok
879,oz22,0.5663852712137487,0.5663852712137487,0.0,ok
879,oz23,0.45281451396348005,0.45281451396348005,0.0,ok
879,oz24,0.5191830021482277,0.5191830021482277,0.0,ok
879,oz25,0.5257283834586466,0.5257283834586466,0.0,ok
879,oz3,0.6281552094522018,0.6281552094522018,0.0,ok
879,oz4,0.5635908968850698,0.5635908968850698,0.0,ok
879,oz5,0.5276080827067668,0.5276080827067668,0.0,ok
879,oz6,0.4569095730397422,0.4569095730397422,0.0,ok
879,oz7,0.4782995435016112,0.4782995435016112,0.0,ok
879,oz8,0.4811190923737916,0.4811190923737916,0.0,ok
879,oz9,0.46843112244897955,0.46843112244897955,0.0,ok
880,CS82,0.8053957548105535,0.8053957548105535,0.0,ok
880,LABEL,0.9998760166633605,0.9998760166633605,0.0,ok
880,ME84,0.6303808768101566,0.6303808768101566,0.0,ok
880,P75,0.6422336837928984,0.6422336837928984,0.0,ok
880,P85,0.6572604641936124,0.6572604641936124,0.0,ok
880,REG,0.8651557230708192,0.8651557230708192,0.0,ok
880,REV84,0.6503669906764531,0.6503669906764531,0.0,ok
880,RMT85,0.6437958738345566,0.6437958738345566,0.0,ok
880,S82,0.6185032731600872,0.6185032731600872,0.0,ok
880,SS82,0.5423775044634,0.5423775044634,0.0,ok
884,oz1,0.7037712603401655,0.7037712603401655,0.0,ok
884,oz2,0.6563385014160227,0.6563385014160227,0.0,ok
884,oz3,0.5231043696699147,0.5231043696699147,0.0,ok
884,oz4,0.7863245811932991,0.7863245811932991,0.0,ok
884,oz5,0.5808412934606954,0.5808412934606954,0.0,ok
888,oz1,0.687259861680328,0.687259861680328,0.0,ok
888,oz10,0.4750656378073771,0.4750656378073771,0.0,ok
888,oz11,0.5173379866803278,0.5173379866803278,0.0,ok
888,oz12,0.454405737704918,0.454405737704918,0.0,ok
888,oz13,0.4602330942622951,0.4602330942622951,0.0,ok
888,oz14,0.47645043545081966,0.47645043545081966,0.0,ok
888,oz15,0.5173139728483607,0.5173139728483607,0.0,ok
888,oz16,0.5129914830942622,0.5129914830942622,0.0,ok
888,oz17,0.539582799692623,0.539582799692623,0.0,ok
888,oz18,0.4605852971311476,0.4605852971311476,0.0,ok
888,oz19,0.5330110143442623,0.5330110143442623,0.0,ok
888,oz2,0.6881163550204917,0.6881163550204917,0.0,ok
888,oz20,0.5477635117827869,0.5477635117827869,0.0,ok
888,oz21,0.47436923668032793,0.47436923668032793,0.0,ok
888,oz22,0.5399430071721312,0.5399430071721312,0.0,ok
888,oz23,0.4699827100409836,0.4699827100409836,0.0,ok
888,oz24,0.47560194672131145,0.47560194672131145,0.0,ok
888,oz25,0.48170946465163933,0.48170946465163933,0.0,ok
888,oz26,0.5345398949795082,0.5345398949795082,0.0,ok
888,oz27,0.48044473616803274,0.48044473616803274,0.0,ok
888,oz28,0.517241931352459,0.517241931352459,0.0,ok
888,oz29,0.5433529713114754,0.5433529713114754,0.0,ok
888,oz3,0.44648917776639346,0.44648917776639346,0.0,ok
888,oz30,0.44646516393442626,0.44646516393442626,0.0,ok
888,oz31,0.5454341700819672,0.5454341700819672,0.0,ok
888,oz32,0.5302334144467213,0.5302334144467213,0.0,ok
888,oz33,0.5363009093237705,0.5363009093237705,0.0,ok
888,oz34,0.4605852971311476,0.4605852971311476,0.0,ok
888,oz35,0.4687580046106557,0.4687580046106557,0.0,ok
888,oz36,0.5196513191598361,0.5196513191598361,0.0,ok
888,oz37,0.4748014856557377,0.4748014856557377,0.0,ok
888,oz38,0.48143730788934425,0.48143730788934425,0.0,ok
888,oz39,0.5306576588114754,0.5306576588114754,0.0,ok
888,oz4,0.7741339011270493,0.7741339011270493,0.0,ok
888,oz40,0.5295850409836065,0.5295850409836065,0.0,ok
888,oz41,0.4774350025614754,0.4774350025614754,0.0,ok
888,oz42,0.5122870773565573,0.5122870773565573,0.0,ok
888,oz43,0.472840356045082,0.472840356045082,0.0,ok
888,oz44,0.529080750512295,0.529080750512295,0.0,ok
888,oz45,0.5616915343237705,0.5616915343237705,0.0,ok
888,oz46,0.5361488217213115,0.5361488217213115,0.0,ok
888,oz47,0.5789094518442622,0.5789094518442622,0.0,ok
888,oz48,0.42403624487704916,0.42403624487704916,0.0,ok
888,oz49,0.5296971055327869,0.5296971055327869,0.0,ok
888,oz5,0.6416575947745902,0.6416575947745902,0.0,ok
888,oz50,0.519715356045082,0.519715356045082,0.0,ok
888,oz6,0.5695840804303278,0.5695840804303278,0.0,ok
888,oz7,0.4671490778688525,0.4671490778688525,0.0,ok
888,oz8,0.5361328125,0.5361328125,0.0,ok
888,oz9,0.5576331967213114,0.5576331967213114,0.0,ok
896,oz1,0.6321915584415585,0.6321915584415585,0.0,ok
896,oz10,0.527775974025974,0.527775974025974,0.0,ok
896,oz11,0.4619237012987012,0.4619237012987012,0.0,ok
896,oz12,0.4689853896103896,0.4689853896103896,0.0,ok
896,oz13,0.5473051948051948,0.5473051948051948,0.0,ok
896,oz14,0.46734577922077913,0.46734577922077913,0.0,ok
896,oz15,0.4638717532467532,0.4638717532467532,0.0,ok
896,oz16,0.4615422077922078,0.4615422077922078,0.0,ok
896,oz17,0.5207954545454545,0.5207954545454545,0.0,ok
896,oz18,0.5162256493506494,0.5162256493506494,0.0,ok
896,oz19,0.4743587662337662,0.4743587662337662,0.0,ok
896,oz2,0.635357142857143,0.635357142857143,0.0,ok
896,oz20,0.4654626623376623,0.4654626623376623,0.0,ok
896,oz21,0.5216964285714285,0.5216964285714285,0.0,ok
896,oz22,0.5213717532467532,0.5213717532467532,0.0,ok
896,oz23,0.46788149350649355,0.46788149350649355,0.0,ok
896,oz24,0.5484577922077921,0.5484577922077921,0.0,ok
896,oz25,0.5086201298701298,0.5086201298701298,0.0,ok
896,oz3,0.5231087662337662,0.5231087662337662,0.0,ok
896,oz4,0.6811525974025974,0.6811525974025974,0.0,ok
896,oz5,0.4855275974025973,0.4855275974025973,0.0,ok
896,oz6,0.5121428571428571,0.5121428571428571,0.0,ok
896,oz7,0.4409983766233766,0.4409983766233766,0.0,ok
896,oz8,0.47309253246753247,0.47309253246753247,0.0,ok
896,oz9,0.47017857142857145,0.47017857142857145,0.0,ok
897,Average_compensation-all_ranks,0.8177814536766057,0.8177814536766057,0.0,ok
897,Average_compensation-assistant_professors,0.8286253552190694,0.8286253552190694,0.0,ok
897,Average_compensation-associate_professors,0.7992711823669961,0.7992711823669961,0.0,ok
897,Average_compensation-full_professors,0.8103978453577638,0.8103978453577638,0.0,ok
897,Average_salary-all_ranks,0.8316562044930793,0.8316562044930793,0.0,ok
897,Average_salary-assistant_professors,0.8388295089847451,0.8388295089847451,0.0,ok
897,Average_salary-associate_professors,0.8175852879218447,0.8175852879218447,0.0,ok
897,Average_salary-full_professors,0.8295178210402794,0.8295178210402794,0.0,ok
897,FICE,0.527115055633315,0.527115055633315,0.0,ok
897,Number_of_assistant_professors,0.9871202160297465,0.9871202160297465,0.0,ok
897,Number_of_associate_professors,0.9917893144448686,0.9917893144448686,0.0,ok
897,Number_of_full_professors,0.9871926736508745,0.9871926736508745,0.0,ok
897,Number_of_instructors,0.743385149368735,0.743385149368735,0.0,ok
897,State,0.5542583874114604,0.5542583874114604,0.0,ok
897,Type,0.9154684650294778,0.9154684650294778,0.0,ok
903,oz1,0.7082765992903333,0.7082765992903333,0.0,ok
903,oz10,0.5373855327174217,0.5373855327174217,0.0,ok
903,oz11,0.5188553474968602,0.5188553474968602,0.0,ok
903,oz12,0.5153192077421138,0.5153192077421138,0.0,ok
903,oz13,0.45022781681983165,0.45022781681983165,0.0,ok
903,oz14,0.4582227442883214,0.4582227442883214,0.0,ok
903,oz15,0.5369790798720486,0.5369790798720486,0.0,ok
903,oz16,0.5129516199178152,0.5129516199178152,0.0,ok
903,oz17,0.5295145733667709,0.5295145733667709,0.0,ok
903,oz18,0.4702090386983754,0.4702090386983754,0.0,ok
903,oz19,0.5110677109795106,0.5110677109795106,0.0,ok
903,oz2,0.7210636058057724,0.7210636058057724,0.0,ok
903,oz20,0.5107161292682629,0.5107161292682629,0.0,ok
903,oz21,0.5304026728339111,0.5304026728339111,0.0,ok
903,oz22,0.5416878360856965,0.5416878360856965,0.0,ok
903,oz23,0.463874471103235,0.463874471103235,0.0,ok
903,oz24,0.5154655307664482,0.5154655307664482,0.0,ok
903,oz25,0.5154817888802631,0.5154817888802631,0.0,ok
903,oz3,0.6268905137970419,0.6268905137970419,0.0,ok
903,oz4,0.6031048932858054,0.6031048932858054,0.0,ok
903,oz5,0.5683734976486702,0.5683734976486702,0.0,ok
903,oz6,0.4625392735061842,0.4625392735061842,0.0,ok
903,oz7,0.47852709617893685,0.47852709617893685,0.0,ok
903,oz8,0.47353585523775465,0.47353585523775465,0.0,ok
903,oz9,0.4807991675845727,0.4807991675845727,0.0,ok
904,oz1,0.6950780312124849,0.6950780312124849,0.0,ok
904,oz10,0.5098519407763105,0.5098519407763105,0.0,ok
904,oz11,0.4759283713485394,0.4759283713485394,0.0,ok
904,oz12,0.4568547418967587,0.4568547418967587,0.0,ok
904,oz13,0.4653321328531413,0.4653321328531413,0.0,ok
904,oz14,0.4626510604241697,0.4626510604241697,0.0,ok
904,oz15,0.5162364945978392,0.5162364945978392,0.0,ok
904,oz16,0.45433373349339734,0.45433373349339734,0.0,ok
904,oz17,0.5159243697478991,0.5159243697478991,0.0,ok
904,oz18,0.5103781512605042,0.5103781512605042,0.0,ok
904,oz19,0.48396358543417367,0.48396358543417367,0.0,ok
904,oz2,0.7142476990796318,0.7142476990796318,0.0,ok
904,oz20,0.44899959983993604,0.44899959983993604,0.0,ok
904,oz21,0.4906282513005202,0.4906282513005202,0.0,ok
904,oz22,0.5295698279311725,0.5295698279311725,0.0,ok
904,oz23,0.48625250100040013,0.48625250100040013,0.0,ok
904,oz24,0.532280912364946,0.532280912364946,0.0,ok
904,oz25,0.4628951580632253,0.4628951580632253,0.0,ok
904,oz26,0.4809403761504602,0.4809403761504602,0.0,ok
904,oz27,0.4674189675870348,0.4674189675870348,0.0,ok
904,oz28,0.46375950380152065,0.46375950380152065,0.0,ok
904,oz29,0.44971588635454185,0.44971588635454185,0.0,ok
904,oz3,0.5138095238095238,0.5138095238095238,0.0,ok
904,oz30,0.5625570228091237,0.5625570228091237,0.0,ok
904,oz31,0.524467787114846,0.524467787114846,0.0,ok
904,oz32,0.5261484593837535,0.5261484593837535,0.0,ok
904,oz33,0.5199579831932774,0.5199579831932774,0.0,ok
904,oz34,0.47577230892356936,0.47577230892356936,0.0,ok
904,oz35,0.5119967987194878,0.5119967987194878,0.0,ok
904,oz36,0.5261444577831133,0.5261444577831133,0.0,ok
904,oz37,0.47672468987595035,0.47672468987595035,0.0,ok
904,oz38,0.48031012404961987,0.48031012404961987,0.0,ok
904,oz39,0.53625050020008,0.53625050020008,0.0,ok
904,oz4,0.7597739095638256,0.7597739095638256,0.0,ok
904,oz40,0.5246998799519809,0.5246998799519809,0.0,ok
904,oz41,0.5100360144057623,0.5100360144057623,0.0,ok
904,oz42,0.465952380952381,0.465952380952381,0.0,ok
904,oz43,0.48985594237695085,0.48985594237695085,0.0,ok
904,oz44,0.5125790316126451,0.5125790316126451,0.0,ok
904,oz45,0.5160124049619849,0.5160124049619849,0.0,ok
904,oz46,0.5211244497799119,0.5211244497799119,0.0,ok
904,oz47,0.4814265706282513,0.4814265706282513,0.0,ok
904,oz48,0.5207362945178071,0.5207362945178071,0.0,ok
904,oz49,0.5206922769107643,0.5206922769107643,0.0,ok
904,oz5,0.5895558223289317,0.5895558223289317,0.0,ok
904,oz50,0.5519127651060424,0.5519127651060424,0.0,ok
904,oz6,0.5465266106442578,0.5465266106442578,0.0,ok
904,oz7,0.5264265706282513,0.5264265706282513,0.0,ok
904,oz8,0.4738855542216887,0.4738855542216887,0.0,ok
904,oz9,0.5048759503801521,0.5048759503801521,0.0,ok
908,col_1,0.5312249599358975,0.5312249599358975,0.0,ok
908,col_2,0.4416065705128205,0.4416065705128205,0.0,ok
908,col_3,0.5358323317307692,0.5358323317307692,0.0,ok
908,col_4,0.5483774038461539,0.5483774038461539,0.0,ok
908,col_5,0.45063351362179493,0.45063351362179493,0.0,ok
908,col_6,0.4902594150641026,0.4902594150641026,0.0,ok
908,col_7,0.5252904647435898,0.5252904647435898,0.0,ok
910,oz1,0.6553512752944238,0.6553512752944238,0.0,ok
910,oz10,0.46853853536339385,0.46853853536339385,0.0,ok
910,oz2,0.6622238759841239,0.6622238759841239,0.0,ok
910,oz3,0.5292756522870714,0.5292756522870714,0.0,ok
910,oz4,0.6729963725681567,0.6729963725681567,0.0,ok
910,oz5,0.5845512883076323,0.5845512883076323,0.0,ok
910,oz6,0.5432404515583318,0.5432404515583318,0.0,ok
910,oz7,0.5452534322337173,0.5452534322337173,0.0,ok
910,oz8,0.5155385841629254,0.5155385841629254,0.0,ok
910,oz9,0.47658029149586834,0.47658029149586834,0.0,ok
911,oz1,0.7101948051948053,0.7101948051948053,0.0,ok
911,oz2,0.730064935064935,0.730064935064935,0.0,ok
911,oz3,0.6360064935064935,0.6360064935064935,0.0,ok
911,oz4,0.6035064935064935,0.6035064935064935,0.0,ok
911,oz5,0.5698376623376624,0.5698376623376624,0.0,ok
912,oz1,0.7345005433350896,0.7345005433350896,0.0,ok
912,oz2,0.7491253128292941,0.7491253128292941,0.0,ok
912,oz3,0.6177370093519494,0.6177370093519494,0.0,ok
912,oz4,0.6228884022655425,0.6228884022655425,0.0,ok
912,oz5,0.5914943361433087,0.5914943361433087,0.0,ok
913,oz1,0.7076662561576355,0.7076662561576355,0.0,ok
913,oz10,0.5113136288998358,0.5113136288998358,0.0,ok
913,oz2,0.7147516420361248,0.7147516420361248,0.0,ok
913,oz3,0.6443596059113301,0.6443596059113301,0.0,ok
913,oz4,0.6027709359605911,0.6027709359605911,0.0,ok
913,oz5,0.5656013957307061,0.5656013957307061,0.0,ok
913,oz6,0.4732614942528736,0.4732614942528736,0.0,ok
913,oz7,0.4851662561576354,0.4851662561576354,0.0,ok
913,oz8,0.5110016420361247,0.5110016420361247,0.0,ok
913,oz9,0.4811884236453202,0.4811884236453202,0.0,ok
915,AGE,0.6004089895067339,0.6004089895067339,0.0,ok
915,ALCOHOL,0.5486243080228044,0.5486243080228044,0.0,ok
915,BETADIET,0.4761009667024705,0.4761009667024705,0.0,ok
915,BETAPLASMA,0.5742584483185987,0.5742584483185987,0.0,ok
915,CALORIES,0.46581426092704287,0.46581426092704287,0.0,ok
915,CHOLESTEROL,0.5194579856233992,0.5194579856233992,0.0,ok
915,FAT,0.5224324547632818,0.5224324547632818,0.0,ok
915,FIBER,0.45344129554655876,0.45344129554655876,0.0,ok
915,QUETELET,0.5632074692225068,0.5632074692225068,0.0,ok
915,RETDIET,0.46934644303065354,0.46934644303065354,0.0,ok
915,SEX,0.5390605634966537,0.5390605634966537,0.0,ok
915,SMOKSTAT,0.4753780054531935,0.4753780054531935,0.0,ok
915,VITUSE,0.4890523010823763,0.4890523010823763,0.0,ok
917,oz1,0.6176114634264415,0.6176114634264415,0.0,ok
917,oz10,0.5282733052556842,0.5282733052556842,0.0,ok
917,oz11,0.4782801633021898,0.4782801633021898,0.0,ok
917,oz12,0.47841530715980046,0.47841530715980046,0.0,ok
917,oz13,0.5175545819818947,0.5175545819818947,0.0,ok
917,oz14,0.5065696051378871,0.5065696051378871,0.0,ok
917,oz15,0.5508806538542221,0.5508806538542221,0.0,ok
917,oz16,0.47739063432896034,0.47739063432896034,0.0,ok
917,oz17,0.5463967016830453,0.5463967016830453,0.0,ok
917,oz18,0.5276742347226928,0.5276742347226928,0.0,ok
917,oz19,0.5290115537912895,0.5290115537912895,0.0,ok
917,oz2,0.6140412450985139,0.6140412450985139,0.0,ok
917,oz20,0.46838440560907524,0.46838440560907524,0.0,ok
917,oz21,0.5256208549160091,0.5256208549160091,0.0,ok
917,oz22,0.49392659469751976,0.49392659469751976,0.0,ok
917,oz23,0.5161789385357668,0.5161789385357668,0.0,ok
917,oz24,0.5233919898016814,0.5233919898016814,0.0,ok
917,oz25,0.5301411143922157,0.5301411143922157,0.0,ok
917,oz3,0.5155455777702473,0.5155455777702473,0.0,ok
917,oz4,0.6784483871488276,0.6784483871488276,0.0,ok
917,oz5,0.5836439624985881,0.5836439624985881,0.0,ok
917,oz6,0.49018492520695156,0.49018492520695156,0.0,ok
917,oz7,0.4586298429910765,0.4586298429910765,0.0,ok
917,oz8,0.521296251472463,0.521296251472463,0.0,ok
917,oz9,0.5351394200513143,0.5351394200513143,0.0,ok
918,oz1,0.6255072463768117,0.6255072463768117,0.0,ok
918,oz10,0.5399677938808374,0.5399677938808374,0.0,ok
918,oz11,0.4323349436392915,0.4323349436392915,0.0,ok
918,oz12,0.5088244766505636,0.5088244766505636,0.0,ok
918,oz13,0.5352334943639291,0.5352334943639291,0.0,ok
918,oz14,0.5676328502415459,0.5676328502415459,0.0,ok
918,oz15,0.4585507246376811,0.4585507246376811,0.0,ok
918,oz16,0.5430917874396135,0.5430917874396135,0.0,ok
918,oz17,0.5207085346215781,0.5207085346215781,0.0,ok
918,oz18,0.5413848631239935,0.5413848631239935,0.0,ok
918,oz19,0.38518518518518513,0.38518518518518513,0.0,ok
918,oz2,0.6319806763285024,0.6319806763285024,0.0,ok
918,oz20,0.5622222222222223,0.5622222222222223,0.0,ok
918,oz21,0.5418679549114332,0.5418679549114332,0.0,ok
918,oz22,0.531658615136876,0.531658615136876,0.0,ok
918,oz23,0.428438003220612,0.428438003220612,0.0,ok
918,oz24,0.4441545893719807,0.4441545893719807,0.0,ok
918,oz25,0.5424154589371981,0.5424154589371981,0.0,ok
918,oz26,0.533623188405797,0.533623188405797,0.0,ok
918,oz27,0.5420933977455716,0.5420933977455716,0.0,ok
918,oz28,0.5173268921095008,0.5173268921095008,0.0,ok
918,oz29,0.564830917874396,0.564830917874396,0.0,ok
918,oz3,0.5730756843800323,0.5730756843800323,0.0,ok
918,oz30,0.451658615136876,0.451658615136876,0.0,ok
918,oz31,0.43249597423510466,0.43249597423510466,0.0,ok
918,oz32,0.47008051529790656,0.47008051529790656,0.0,ok
918,oz33,0.5494041867954912,0.5494041867954912,0.0,ok
918,oz34,0.43227053140096616,0.43227053140096616,0.0,ok
918,oz35,0.5231884057971015,0.5231884057971015,0.0,ok
918,oz36,0.5198711755233494,0.5198711755233494,0.0,ok
918,oz37,0.5364895330112721,0.5364895330112721,0.0,ok
918,oz38,0.5178743961352658,0.5178743961352658,0.0,ok
918,oz39,0.5484057971014493,0.5484057971014493,0.0,ok
918,oz4,0.6215136876006441,0.6215136876006441,0.0,ok
918,oz40,0.5612238325281804,0.5612238325281804,0.0,ok
918,oz41,0.4616747181964574,0.4616747181964574,0.0,ok
918,oz42,0.4642512077294687,0.4642512077294687,0.0,ok
918,oz43,0.530950080515298,0.530950080515298,0.0,ok
918,oz44,0.429951690821256,0.429951690821256,0.0,ok
918,oz45,0.4792914653784219,0.4792914653784219,0.0,ok
918,oz46,0.5268599033816426,0.5268599033816426,0.0,ok
918,oz47,0.508438003220612,0.508438003220612,0.0,ok
918,oz48,0.5444766505636072,0.5444766505636072,0.0,ok
918,oz49,0.44737520128824476,0.44737520128824476,0.0,ok
918,oz5,0.5906924315619968,0.5906924315619968,0.0,ok
918,oz50,0.46537842190016104,0.46537842190016104,0.0,ok
918,oz6,0.5550080515297907,0.5550080515297907,0.0,ok
918,oz7,0.4604186795491143,0.4604186795491143,0.0,ok
918,oz8,0.4619323671497584,0.4619323671497584,0.0,ok
918,oz9,0.5320450885668276,0.5320450885668276,0.0,ok
920,oz1,0.752095907399752,0.752095907399752,0.0,ok
920,oz10,0.5141876808598594,0.5141876808598594,0.0,ok
920,oz11,0.4796362133112856,0.4796362133112856,0.0,ok
920,oz12,0.5221413807358413,0.5221413807358413,0.0,ok
920,oz13,0.5328317486564697,0.5328317486564697,0.0,ok
920,oz14,0.46824307565109546,0.46824307565109546,0.0,ok
920,oz15,0.48266225713104594,0.48266225713104594,0.0,ok
920,oz16,0.4773708143861099,0.4773708143861099,0.0,ok
920,oz17,0.46733360892930953,0.46733360892930953,0.0,ok
920,oz18,0.4757007027697395,0.4757007027697395,0.0,ok
920,oz19,0.5313931376601901,0.5313931376601901,0.0,ok
920,oz2,0.7693923108722612,0.7693923108722612,0.0,ok
920,oz20,0.47486564696155437,0.47486564696155437,0.0,ok
920,oz21,0.5109136006614303,0.5109136006614303,0.0,ok
920,oz22,0.5291938817693261,0.5291938817693261,0.0,ok
920,oz23,0.4717817279867714,0.4717817279867714,0.0,ok
920,oz24,0.5205704836709384,0.5205704836709384,0.0,ok
920,oz25,0.46080198429102937,0.46080198429102937,0.0,ok
920,oz26,0.5388342290202564,0.5388342290202564,0.0,ok
920,oz27,0.5265646961554361,0.5265646961554361,0.0,ok
920,oz28,0.4548821827201323,0.4548821827201323,0.0,ok
920,oz29,0.5291277387350144,0.5291277387350144,0.0,ok
920,oz3,0.6669615543613063,0.6669615543613063,0.0,ok
920,oz30,0.5471517155849525,0.5471517155849525,0.0,ok
920,oz31,0.5152790409260025,0.5152790409260025,0.0,ok
920,oz32,0.4620173625465068,0.4620173625465068,0.0,ok
920,oz33,0.5330549813972716,0.5330549813972716,0.0,ok
920,oz34,0.4508970649028524,0.4508970649028524,0.0,ok
920,oz35,0.5127738735014469,0.5127738735014469,0.0,ok
920,oz36,0.5192641587432824,0.5192641587432824,0.0,ok
920,oz37,0.5520463001240182,0.5520463001240182,0.0,ok
920,oz38,0.5410086812732534,0.5410086812732534,0.0,ok
920,oz39,0.47116163704009917,0.47116163704009917,0.0,ok
920,oz4,0.5934518396031417,0.5934518396031417,0.0,ok
920,oz40,0.5326994625878463,0.5326994625878463,0.0,ok
920,oz41,0.5397188921041753,0.5397188921041753,0.0,ok
920,oz42,0.47354278627532037,0.47354278627532037,0.0,ok
920,oz43,0.5183877635386523,0.5183877635386523,0.0,ok
920,oz44,0.5259115336916081,0.5259115336916081,0.0,ok
920,oz45,0.47980157089706493,0.47980157089706493,0.0,ok
920,oz46,0.525299710624225,0.525299710624225,0.0,ok
920,oz47,0.5583629599007854,0.5583629599007854,0.0,ok
920,oz48,0.5234394377842083,0.5234394377842083,0.0,ok
920,oz49,0.4636130632492766,0.4636130632492766,0.0,ok
920,oz5,0.5773542786275321,0.5773542786275321,0.0,ok
920,oz50,0.4716990491938818,0.4716990491938818,0.0,ok
920,oz6,0.5427532038032244,0.5427532038032244,0.0,ok
920,oz7,0.5204547333608929,0.5204547333608929,0.0,ok
920,oz8,0.4416618437370814,0.4416618437370814,0.0,ok
920,oz9,0.5417279867713931,0.5417279867713931,0.0,ok
926,oz1,0.6670508203281311,0.6670508203281311,0.0,ok
926,oz10,0.5153821528611444,0.5153821528611444,0.0,ok
926,oz11,0.4881952781112445,0.4881952781112445,0.0,ok
926,oz12,0.4670908363345338,0.4670908363345338,0.0,ok
926,oz13,0.484265706282513,0.484265706282513,0.0,ok
926,oz14,0.48668267306922763,0.48668267306922763,0.0,ok
926,oz15,0.4619287715086034,0.4619287715086034,0.0,ok
926,oz16,0.5525490196078431,0.5525490196078431,0.0,ok
926,oz17,0.5381992797118847,0.5381992797118847,0.0,ok
926,oz18,0.5353421368547419,0.5353421368547419,0.0,ok
926,oz19,0.4459463785514206,0.4459463785514206,0.0,ok
926,oz2,0.6766786714685875,0.6766786714685875,0.0,ok
926,oz20,0.422921168467387,0.422921168467387,0.0,ok
926,oz21,0.5528051220488195,0.5528051220488195,0.0,ok
926,oz22,0.46613045218087235,0.46613045218087235,0.0,ok
926,oz23,0.5256182472989196,0.5256182472989196,0.0,ok
926,oz24,0.4785754301720689,0.4785754301720689,0.0,ok
926,oz25,0.514077631052421,0.514077631052421,0.0,ok
926,oz3,0.5183033213285314,0.5183033213285314,0.0,ok
926,oz4,0.758343337334934,0.758343337334934,0.0,ok
926,oz5,0.609859943977591,0.609859943977591,0.0,ok
926,oz6,0.4728771508603442,0.4728771508603442,0.0,ok
926,oz7,0.456438575430172,0.456438575430172,0.0,ok
926,oz8,0.5330212084833934,0.5330212084833934,0.0,ok
926,oz9,0.4485634253701481,0.4485634253701481,0.0,ok
930,Additional_fees,0.5225006628285735,0.5225006628285735,0.0,ok
930,Estimated_book_costs,0.5143656257101735,0.5143656257101735,0.0,ok
930,Estimated_personal_spending,0.6176875804863268,0.6176875804863268,0.0,ok
930,FICE,0.5092346223770926,0.5092346223770926,0.0,ok
930,In-state_tuition,0.7727397545640482,0.7727397545640482,0.0,ok
930,Instructional_expenditure_per_student,0.712569123551246,0.712569123551246,0.0,ok
930,Number_of_applicants_accepted,0.5070259828800848,0.5070259828800848,0.0,ok
930,Number_of_applications_received,0.5253022971744565,0.5253022971744565,0.0,ok
930,Number_of_fulltime_undergraduates,0.553930573441406,0.553930573441406,0.0,ok
930,Number_of_new_students_enrolled,0.5359111052193015,0.5359111052193015,0.0,ok
930,Number_of_parttime_undergraduates,0.6411446102567987,0.6411446102567987,0.0,ok
930,Out-of-state_tuition,0.772397687675176,0.772397687675176,0.0,ok
930,Pct._new_students_from_top_10Perc_of_H.S._class,0.7006689834103477,0.7006689834103477,0.0,ok
930,Pct._new_students_from_top_25Perc_of_H.S._class,0.7049489621998334,0.7049489621998334,0.0,ok
930,Pct._of_faculty_with_Ph.D.s,0.6181373570184078,0.6181373570184078,0.0,ok
930,Pct._of_faculty_with_terminal_degree,0.626788453526248,0.626788453526248,0.0,ok
930,Pct.alumni_who_donate,0.6993776513142944,0.6993776513142944,0.0,ok
930,Public/private_indicator,0.6656858381940761,0.6656858381940761,0.0,ok
930,Room_and_board_costs,0.7078334501174154,0.7078334501174154,0.0,ok
930,Room_costs,0.6076658491780925,0.6076658491780925,0.0,ok
930,State,0.5278541871827892,0.5278541871827892,0.0,ok
930,Student/faculty_ratio,0.67481275092796,0.67481275092796,0.0,ok
933,oz1,0.6695691434468525,0.6695691434468525,0.0,ok
933,oz10,0.5413764189886481,0.5413764189886481,0.0,ok
933,oz11,0.580656604747162,0.580656604747162,0.0,ok
933,oz12,0.428953818369453,0.428953818369453,0.0,ok
933,oz13,0.4604940660474716,0.4604940660474716,0.0,ok
933,oz14,0.4136996904024768,0.4136996904024768,0.0,ok
933,oz15,0.5482456140350878,0.5482456140350878,0.0,ok
933,oz16,0.5265092879256966,0.5265092879256966,0.0,ok
933,oz17,0.5573077915376677,0.5573077915376677,0.0,ok
933,oz18,0.4498516511867905,0.4498516511867905,0.0,ok
933,oz19,0.4093459752321981,0.4093459752321981,0.0,ok
933,oz2,0.6711171310629515,0.6711171310629515,0.0,ok
933,oz20,0.4059275025799794,0.4059275025799794,0.0,ok
933,oz21,0.4584623323013416,0.4584623323013416,0.0,ok
933,oz22,0.5470523735810113,0.5470523735810113,0.0,ok
933,oz23,0.5379579463364292,0.5379579463364292,0.0,ok
933,oz24,0.46375128998968007,0.46375128998968007,0.0,ok
933,oz25,0.4388867389060887,0.4388867389060887,0.0,ok
933,oz3,0.5784636222910217,0.5784636222910217,0.0,ok
933,oz4,0.6665376676986584,0.6665376676986584,0.0,ok
933,oz5,0.6124871001031992,0.6124871001031992,0.0,ok
933,oz6,0.4677180082559339,0.4677180082559339,0.0,ok
933,oz7,0.43230779153766763,0.43230779153766763,0.0,ok
933,oz8,0.4209881320949433,0.4209881320949433,0.0,ok
933,oz9,0.4404024767801858,0.4404024767801858,0.0,ok
934,counts_for_sons_first_occupation,0.9643055555555554,0.9643055555555554,0.0,ok
934,family_structure,0.7196419270833333,0.7196419270833333,0.0,ok
934,fathers_occupation,0.4622960069444444,0.4622960069444444,0.0,ok
934,race,0.778537326388889,0.778537326388889,0.0,ok
934,sons_occupation,0.482068142361111,0.482068142361111,0.0,ok
935,oz1,0.6571103896103896,0.6571103896103896,0.0,ok
935,oz10,0.43389610389610384,0.43389610389610384,0.0,ok
935,oz2,0.6406818181818181,0.6406818181818181,0.0,ok
935,oz3,0.5602922077922078,0.5602922077922078,0.0,ok
935,oz4,0.7206168831168831,0.7206168831168831,0.0,ok
935,oz5,0.5935064935064935,0.5935064935064935,0.0,ok
935,oz6,0.4066558441558441,0.4066558441558441,0.0,ok
935,oz7,0.5616883116883117,0.5616883116883117,0.0,ok
935,oz8,0.587987012987013,0.587987012987013,0.0,ok
935,oz9,0.43766233766233764,0.43766233766233764,0.0,ok
936,oz1,0.591452205882353,0.591452205882353,0.0,ok
936,oz10,0.46796794375644996,0.46796794375644996,0.0,ok
936,oz2,0.5995710784313725,0.5995710784313725,0.0,ok
936,oz3,0.5254853586171311,0.5254853586171311,0.0,ok
936,oz4,0.6797116873065014,0.6797116873065014,0.0,ok
936,oz5,0.5111342234262125,0.5111342234262125,0.0,ok
936,oz6,0.48735810113519096,0.48735810113519096,0.0,ok
936,oz7,0.46761319659442724,0.46761319659442724,0.0,ok
936,oz8,0.4800374097007224,0.4800374097007224,0.0,ok
936,oz9,0.5245743034055728,0.5245743034055728,0.0,ok
937,oz1,0.47751154922246075,0.47751154922246075,0.0,ok
937,oz10,0.47055761598021995,0.47055761598021995,0.0,ok
937,oz11,0.5110612271455528,0.5110612271455528,0.0,ok
937,oz12,0.5201704730301255,0.5201704730301255,0.0,ok
937,oz13,0.5357781898627106,0.5357781898627106,0.0,ok
937,oz14,0.45122486824126495,0.45122486824126495,0.0,ok
937,oz15,0.5350705966556055,0.5350705966556055,0.0,ok
937,oz16,0.5402921465287267,0.5402921465287267,0.0,ok
937,oz17,0.5362173856464312,0.5362173856464312,0.0,ok
937,oz18,0.5183079575769406,0.5183079575769406,0.0,ok
937,oz19,0.5384865638623203,0.5384865638623203,0.0,ok
937,oz2,0.5274009369510052,0.5274009369510052,0.0,ok
937,oz20,0.5710033183681437,0.5710033183681437,0.0,ok
937,oz21,0.5321670245298978,0.5321670245298978,0.0,ok
937,oz22,0.5171611685861148,0.5171611685861148,0.0,ok
937,oz23,0.45868306330925895,0.45868306330925895,0.0,ok
937,oz24,0.5272057388249073,0.5272057388249073,0.0,ok
937,oz25,0.47093987897716183,0.47093987897716183,0.0,ok
937,oz26,0.4885809096232676,0.4885809096232676,0.0,ok
937,oz27,0.5513371071637712,0.5513371071637712,0.0,ok
937,oz28,0.4712814756978333,0.4712814756978333,0.0,ok
937,oz29,0.5246030971436008,0.5246030971436008,0.0,ok
937,oz3,0.5265794781703429,0.5265794781703429,0.0,ok
937,oz30,0.4719158696076517,0.4719158696076517,0.0,ok
937,oz31,0.4511679354544863,0.4511679354544863,0.0,ok
937,oz32,0.5148594573492095,0.5148594573492095,0.0,ok
937,oz33,0.5336472769861409,0.5336472769861409,0.0,ok
937,oz34,0.4669952501789316,0.4669952501789316,0.0,ok
937,oz35,0.4751366386882686,0.4751366386882686,0.0,ok
937,oz36,0.5518657687552866,0.5518657687552866,0.0,ok
937,oz37,0.5344199362352788,0.5344199362352788,0.0,ok
937,oz38,0.4302573361962392,0.4302573361962392,0.0,ok
937,oz39,0.516583707463075,0.516583707463075,0.0,ok
937,oz4,0.7090490597956927,0.7090490597956927,0.0,ok
937,oz40,0.5134198711692368,0.5134198711692368,0.0,ok
937,oz41,0.481358578957642,0.481358578957642,0.0,ok
937,oz42,0.5359977877545709,0.5359977877545709,0.0,ok
937,oz43,0.4501431452924719,0.4501431452924719,0.0,ok
937,oz44,0.5360547205413495,0.5360547205413495,0.0,ok
937,oz45,0.4569913462164096,0.4569913462164096,0.0,ok
937,oz46,0.48147244453119914,0.48147244453119914,0.0,ok
937,oz47,0.5250260264168131,0.5250260264168131,0.0,ok
937,oz48,0.48000032533021014,0.48000032533021014,0.0,ok
937,oz49,0.5255790877740907,0.5255790877740907,0.0,ok
937,oz5,0.5253025570954519,0.5253025570954519,0.0,ok
937,oz50,0.4844573492094476,0.4844573492094476,0.0,ok
937,oz6,0.47150107358969356,0.47150107358969356,0.0,ok
937,oz7,0.5516705706291886,0.5516705706291886,0.0,ok
937,oz8,0.4457105211789967,0.4457105211789967,0.0,ok
937,oz9,0.5491085952241525,0.5491085952241525,0.0,ok
939,col_10,0.5713405713405714,0.5713405713405714,0.0,ok
939,col_2,0.5334565334565334,0.5334565334565334,0.0,ok
939,col_3,0.53006853006853,0.53006853006853,0.0,ok
939,col_4,0.48021098021098024,0.48021098021098024,0.0,ok
939,col_6,0.9785939785939786,0.9785939785939786,0.0,ok
939,col_7,0.4015554015554016,0.4015554015554016,0.0,ok
939,col_8,0.5663740663740664,0.5663740663740664,0.0,ok
939,col_9,0.5705320705320706,0.5705320705320706,0.0,ok
943,oz1,0.7059469071917204,0.7059469071917204,0.0,ok
943,oz10,0.48475624409234364,0.48475624409234364,0.0,ok
943,oz2,0.7157676348547718,0.7157676348547718,0.0,ok
943,oz3,0.5152277351447477,0.5152277351447477,0.0,ok
943,oz4,0.754393694227719,0.754393694227719,0.0,ok
943,oz5,0.5939858056040629,0.5939858056040629,0.0,ok
943,oz6,0.5237828225380092,0.5237828225380092,0.0,ok
943,oz7,0.5329947612105288,0.5329947612105288,0.0,ok
943,oz8,0.47910091478556205,0.47910091478556205,0.0,ok
943,oz9,0.4654832663131418,0.4654832663131418,0.0,ok
957,Access_road,0.5460156563629065,0.5460156563629065,0.0,ok
957,Active,0.680800883179446,0.680800883179446,0.0,ok
957,Age,0.5952596012310987,0.5952596012310987,0.0,ok
957,Income,0.5358791649939783,0.5358791649939783,0.0,ok
957,Logged_income,0.5358791649939783,0.5358791649939783,0.0,ok
957,Passive,0.6246320085641643,0.6246320085641643,0.0,ok
957,Sex,0.5510671751639235,0.5510671751639235,0.0,ok
957,Travel_cost,0.576224407868326,0.576224407868326,0.0,ok
958,exblue-mean,0.6577196204468931,0.6577196204468931,0.0,ok
958,exgreen-mean,0.5903757269666361,0.5903757269666361,0.0,ok
958,exred-mean,0.9454400061218242,0.9454400061218242,0.0,ok
958,hedge-mean,0.5583991429445975,0.5583991429445975,0.0,ok
958,hedge-sd,0.5756129476584022,0.5756129476584022,0.0,ok
958,hue-mean,0.8048852157943067,0.8048852157943067,0.0,ok
958,intensity-mean,0.6627762473217019,0.6627762473217019,0.0,ok
958,rawblue-mean,0.6675589225589226,0.6675589225589226,0.0,ok
958,rawgreen-mean,0.7326216712580348,0.7326216712580348,0.0,ok
958,rawred-mean,0.6112618610345883,0.6112618610345883,0.0,ok
958,region-centroid-col,0.6570768288950107,0.6570768288950107,0.0,ok
958,region-centroid-row,0.6219253137434955,0.6219253137434955,0.0,ok
958,region-pixel-count,0.5,0.5,0.0,ok
958,saturation-mean,0.7049380165289256,0.7049380165289256,0.0,ok
958,short-line-density-2,0.513560606060606,0.513560606060606,0.0,ok
958,short-line-density-5,0.5301683501683502,0.5301683501683502,0.0,ok
958,value-mean,0.683647842056933,0.683647842056933,0.0,ok
958,vedge-mean,0.6228504744413835,0.6228504744413835,0.0,ok
958,vegde-sd,0.6149104683195592,0.6149104683195592,0.0,ok
961,Award,0.6719780777428195,0.6719780777428195,0.0,ok
961,DN_rating,0.5770577489089618,0.5770577489089618,0.0,ok
961,NYT_rating,0.5534608748604486,0.5534608748604486,0.0,ok
961,Revival,0.5380087283060997,0.5380087283060997,0.0,ok
961,Show,0.5463310666801989,0.5463310666801989,0.0,ok
961,Type,0.5507459656957272,0.5507459656957272,0.0,ok
961,Week_1_attendance,0.5517608850096418,0.5517608850096418,0.0,ok
962,att1,0.7744513888888889,0.7744513888888889,0.0,ok
962,att2,0.9343333333333332,0.9343333333333332,0.0,ok
962,att3,0.8160000000000001,0.8160000000000001,0.0,ok
962,att4,0.8969347222222221,0.8969347222222221,0.0,ok
962,att5,0.9076416666666665,0.9076416666666665,0.0,ok
962,att6,0.976025,0.976025,0.0,ok
966,At_bats,0.9138600823045269,0.9138600823045269,0.0,ok
966,Batting_average,0.8743506172839507,0.8743506172839507,0.0,ok
966,Doubles,0.9274600823045268,0.9274600823045268,0.0,ok
966,Fielding_ave,0.5189004115226338,0.5189004115226338,0.0,ok
966,Games_played,0.8941958847736625,0.8941958847736625,0.0,ok
966,Hits,0.9379127572016461,0.9379127572016461,0.0,ok
966,Home_runs,0.7590880658436214,0.7590880658436214,0.0,ok
966,Number_seasons,0.8482502057613168,0.8482502057613168,0.0,ok
966,On_base_pct,0.8682699588477366,0.8682699588477366,0.0,ok
966,Position,0.5184098765432098,0.5184098765432098,0.0,ok
966,RBIs,0.9282238683127573,0.9282238683127573,0.0,ok
966,Runs,0.9424427983539094,0.9424427983539094,0.0,ok
966,Slugging_pct,0.8354962962962963,0.8354962962962963,0.0,ok
966,Strikeouts,0.5978765432098765,0.5978765432098765,0.0,ok
966,Triples,0.878956378600823,0.878956378600823,0.0,ok
966,Walks,0.8768230452674897,0.8768230452674897,0.0,ok
967,acceleration,0.6459153543307086,0.6459153543307086,0.0,ok
967,cylinders,0.8341276419394944,0.8341276419394944,0.0,ok
967,displacement,0.9275150227932034,0.9275150227932034,0.0,ok
967,horsepower,0.8079543099875672,0.8079543099875672,0.0,ok
967,model.year,0.5843607542478243,0.5843607542478243,0.0,ok
967,mpg,0.8402403646912556,0.8402403646912556,0.0,ok
967,name,0.50322472026523,0.50322472026523,0.0,ok
967,weight,0.8728631371736428,0.8728631371736428,0.0,ok
975,aspiration,0.49691758598312785,0.49691758598312785,0.0,ok
975,body-style,0.7125784122863941,0.7125784122863941,0.0,ok
975,bore,0.6132922344797751,0.6132922344797751,0.0,ok
975,city-mpg,0.4816677482154445,0.4816677482154445,0.0,ok
975,compression-ratio,0.5626216742375082,0.5626216742375082,0.0,ok
975,curb-weight,0.6233506381137789,0.6233506381137789,0.0,ok
975,drive-wheels,0.522225827384815,0.522225827384815,0.0,ok
975,engine-location,0.5035691109669047,0.5035691109669047,0.0,ok
975,engine-size,0.5659203980099503,0.5659203980099503,0.0,ok
975,engine-type,0.4539800995024875,0.4539800995024875,0.0,ok
975,fuel-system,0.5512654120700844,0.5512654120700844,0.0,ok
975,fuel-type,0.5485615401254597,0.5485615401254597,0.0,ok
975,height,0.6805645684620375,0.6805645684620375,0.0,ok
975,highway-mpg,0.5391520657581657,0.5391520657581657,0.0,ok
975,horsepower,0.47669262383733507,0.47669262383733507,0.0,ok
975,length,0.6479017953709713,0.6479017953709713,0.0,ok
975,make,0.5414233181916505,0.5414233181916505,0.0,ok
975,normalized-losses,0.6098312783906554,0.6098312783906554,0.0,ok
975,num-of-cylinders,0.4687432403201385,0.4687432403201385,0.0,ok
975,num-of-doors,0.7183106208089984,0.7183106208089984,0.0,ok
975,peak-rpm,0.6431429807484319,0.6431429807484319,0.0,ok
975,price,0.572247458360372,0.572247458360372,0.0,ok
975,stroke,0.527146874324032,0.527146874324032,0.0,ok
975,wheel-base,0.6858641574735019,0.6858641574735019,0.0,ok
975,width,0.5752757949383518,0.5752757949383518,0.0,ok
979,x1,0.49575282787482744,0.49575282787482744,0.0,ok
979,x10,0.7905751262788683,0.7905751262788683,0.0,ok
979,x11,0.854489331686777,0.854489331686777,0.0,ok
979,x12,0.7932190677517931,0.7932190677517931,0.0,ok
979,x13,0.6815781321018464,0.6815781321018464,0.0,ok
979,x14,0.5568101257500264,0.5568101257500264,0.0,ok
979,x15,0.5742940675373978,0.5742940675373978,0.0,ok
979,x16,0.6087354318351385,0.6087354318351385,0.0,ok
979,x17,0.6732039385857338,0.6732039385857338,0.0,ok
979,x18,0.6506009502002452,0.6506009502002452,0.0,ok
979,x19,0.6099936646170471,0.6099936646170471,0.0,ok
979,x2,0.5646040224857856,0.5646040224857856,0.0,ok
979,x20,0.5612567748934455,0.5612567748934455,0.0,ok
979,x21,0.4877825016222582,0.4877825016222582,0.0,ok
979,x22,0.4788979578127099,0.4788979578127099,0.0,ok
979,x23,0.513016210433336,0.513016210433336,0.0,ok
979,x24,0.4922345106497322,0.4922345106497322,0.0,ok
979,x25,0.508526592886076,0.508526592886076,0.0,ok
979,x26,0.4932236772520803,0.4932236772520803,0.0,ok
979,x27,0.4852913168449007,0.4852913168449007,0.0,ok
979,x28,0.4975132817926883,0.4975132817926883,0.0,ok
979,x29,0.5160213187601659,0.5160213187601659,0.0,ok
979,x3,0.6298997380088674,0.6298997380088674,0.0,ok
979,x30,0.5131041125318376,0.5131041125318376,0.0,ok
979,x31,0.5077827303106446,0.5077827303106446,0.0,ok
979,x32,0.4799978953521944,0.4799978953521944,0.0,ok
979,x33,0.5082606533055477,0.5082606533055477,0.0,ok
979,x34,0.5086921239719742,0.5086921239719742,0.0,ok
979,x35,0.5076490012034727,0.5076490012034727,0.0,ok
979,x36,0.5120907371198413,0.5120907371198413,0.0,ok
979,x37,0.4865306113698148,0.4865306113698148,0.0,ok
979,x38,0.48734048985052353,0.48734048985052353,0.0,ok
979,x39,0.4860479538106632,0.4860479538106632,0.0,ok
979,x4,0.666041793517256,0.666041793517256,0.0,ok
979,x40,0.5102735577623985,0.5102735577623985,0.0,ok
979,x5,0.6982801561369959,0.6982801561369959,0.0,ok
979,x6,0.6451361017491802,0.6451361017491802,0.0,ok
979,x7,0.5883245466967393,0.5883245466967393,0.0,ok
979,x8,0.5187059953519085,0.5187059953519085,0.0,ok
979,x9,0.6743278169406639,0.6743278169406639,0.0,ok
983,Husbands_education,0.5730622593600012,0.5730622593600012,0.0,ok
983,Husbands_occupation,0.5307520023508315,0.5307520023508315,0.0,ok
983,Media_exposure,0.5389384715074707,0.5389384715074707,0.0,ok
983,Number_of_children_ever_born,0.6105455888003978,0.6105455888003978,0.0,ok
983,Wifes_age,0.5424929738771389,0.5424929738771389,0.0,ok
983,Wifes_education,0.6323604758926754,0.6323604758926754,0.0,ok
983,Wifes_now_working?,0.513991026153,0.513991026153,0.0,ok
983,Wifes_religion,0.5260710599085285,0.5260710599085285,0.0,ok
986,X1a,0.48056574122577267,0.48056574122577267,0.0,ok
986,X1b,0.4646760956870962,0.4646760956870962,0.0,ok
986,X1c,0.48222455037541473,0.48222455037541473,0.0,ok
986,X1d,0.5312205343111577,0.5312205343111577,0.0,ok
986,X1e,0.5411035446132356,0.5411035446132356,0.0,ok
986,X1f,0.5375589313776846,0.5375589313776846,0.0,ok
986,X1g,0.4614108608346429,0.4614108608346429,0.0,ok
986,X1h,0.5482626156801118,0.5482626156801118,0.0,ok
986,X1i,0.6003143006809848,0.6003143006809848,0.0,ok
986,X1j,0.4609917932599965,0.4609917932599965,0.0,ok
986,X1k,0.4765671381176881,0.4765671381176881,0.0,ok
986,X1l,0.4645014841976602,0.4645014841976602,0.0,ok
986,X1m,0.4519993015540422,0.4519993015540422,0.0,ok
986,X1n,0.5227344159245679,0.5227344159245679,0.0,ok
986,X1o,0.44538152610441767,0.44538152610441767,0.0,ok
986,X2a,0.5352016762702986,0.5352016762702986,0.0,ok
986,X2b,0.5410162388685176,0.5410162388685176,0.0,ok
986,X2c,0.46551423083638904,0.46551423083638904,0.0,ok
986,X2d,0.5316046795879169,0.5316046795879169,0.0,ok
986,X2e,0.5375763925266283,0.5375763925266283,0.0,ok
986,X2f,0.4760607647983237,0.4760607647983237,0.0,ok
986,X2g,0.5278679937139864,0.5278679937139864,0.0,ok
986,X2h,0.523729701414353,0.523729701414353,0.0,ok
986,X2i,0.48175309935393745,0.48175309935393745,0.0,ok
986,X2j,0.5249170595425179,0.5249170595425179,0.0,ok
986,X2k,0.5247948314999126,0.5247948314999126,0.0,ok
986,X2l,0.5478260869565218,0.5478260869565218,0.0,ok
986,X2m,0.5288108957569408,0.5288108957569408,0.0,ok
986,X3a,0.46376811594202894,0.46376811594202894,0.0,ok
986,X3b,0.48582154705779634,0.48582154705779634,0.0,ok
986,X3c,0.46727780687969267,0.46727780687969267,0.0,ok
986,X5,0.4871311332285664,0.4871311332285664,0.0,ok
987,Corpus,0.5,0.5,0.0,ok
987,Counter,0.6999404761904762,0.6999404761904762,0.0,ok
987,Direct_Activity,0.5534077380952381,0.5534077380952381,0.0,ok
987,FirstPerson,0.7221130952380953,0.7221130952380953,0.0,ok
987,Genre,1.0,1.0,0.0,ok
987,InnerThinking,0.5814434523809524,0.5814434523809524,0.0,ok
987,Interacting,0.7772767857142857,0.7772767857142857,0.0,ok
987,LinearGuidance,0.7744345238095239,0.7744345238095239,0.0,ok
987,Motion,0.7204166666666667,0.7204166666666667,0.0,ok
987,Notifying,0.7516369047619047,0.7516369047619047,0.0,ok
987,PastEvents,0.6469047619047619,0.6469047619047619,0.0,ok
987,Reasoning,0.5903125,0.5903125,0.0,ok
987,Share_SocTies,0.5466666666666666,0.5466666666666666,0.0,ok
987,ShiftingEvents,0.7483184523809523,0.7483184523809523,0.0,ok
987,SpaceInterval,0.6578720238095237,0.6578720238095237,0.0,ok
987,Text_Coverage,0.7798809523809523,0.7798809523809523,0.0,ok
987,ThinkAhead,0.5749702380952381,0.5749702380952381,0.0,ok
987,ThinkBack,0.6503125,0.6503125,0.0,ok
987,ThinkNegative,0.6093601190476191,0.6093601190476191,0.0,ok
987,ThinkPositive,0.6817410714285714,0.6817410714285714,0.0,ok
987,TimeInterval,0.5777083333333333,0.5777083333333333,0.0,ok
987,WordPicture,0.7287053571428572,0.7287053571428572,0.0,ok
989,bore,0.5058137946111384,0.5058137946111384,0.0,ok
989,carbon,0.5378443187407771,0.5378443187407771,0.0,ok
989,hardness,0.4959590370006012,0.4959590370006012,0.0,ok
989,len,0.5357743072634858,0.5357743072634858,0.0,ok
989,product-type,0.5,0.5,0.0,ok
989,shape,0.5716476744821555,0.5716476744821555,0.0,ok
989,steel,0.5327785975843035,0.5327785975843035,0.0,ok
989,strength,0.5308520522490026,0.5308520522490026,0.0,ok
989,surface-quality,0.5545410449800514,0.5545410449800514,0.0,ok
989,thick,0.6262775318358201,0.6262775318358201,0.0,ok
989,width,0.5301313056785266,0.5301313056785266,0.0,ok
990,Abbrev,0.48428492140222723,0.48428492140222723,0.0,ok
990,Altitude,0.455016650553228,0.455016650553228,0.0,ok
990,Brnch_Fm,0.536402943388119,0.536402943388119,0.0,ok
990,Crown_Fm,0.577948759265227,0.577948759265227,0.0,ok
990,DBH,0.6666353349804848,0.6666353349804848,0.0,ok
990,Frosts,0.5263588999892577,0.5263588999892577,0.0,ok
990,Ht,0.6901340996168581,0.6901340996168581,0.0,ok
990,Ins_res,0.6315035628603144,0.6315035628603144,0.0,ok
990,Latitude,0.485068213556773,0.485068213556773,0.0,ok
990,Locality,0.6647688616750815,0.6647688616750815,0.0,ok
990,Map_Ref,0.46642586027858346,0.46642586027858346,0.0,ok
990,PMCno,0.5198061016220862,0.5198061016220862,0.0,ok
990,Rainfall,0.6015325670498084,0.6015325670498084,0.0,ok
990,Rep,0.4740976474379633,0.4740976474379633,0.0,ok
990,Sp,0.47330092741791097,0.47330092741791097,0.0,ok
990,Stem_Fm,0.6170999391270097,0.6170999391270097,0.0,ok
990,Surv,0.5706037168331722,0.5706037168331722,0.0,ok
990,Vig,0.7518396175743903,0.7518396175743903,0.0,ok
990,Year,0.4818813334765639,0.4818813334765639,0.0,ok
991,buying,0.5443592648138103,0.5443592648138103,0.0,ok
991,doors,0.5372060372060372,0.5372060372060372,0.0,ok
991,lug_boot,0.5717699990427263,0.5717699990427263,0.0,ok
991,maint,0.5485632917451099,0.5485632917451099,0.0,ok
991,persons,0.731590829318102,0.731590829318102,0.0,ok
991,safety,0.5717492581128945,0.5717492581128945,0.0,ok
993,age,0.6889658882514625,0.6889658882514625,0.0,ok
993,bplg,0.5898278948812775,0.5898278948812775,0.0,ok
993,educrec,0.6598753751595381,0.6598753751595381,0.0,ok
993,eldch,0.6313359382146544,0.6313359382146544,0.0,ok
993,empstatg,0.7652304100292286,0.7652304100292286,0.0,ok
993,famsize,0.6202232444276012,0.6202232444276012,0.0,ok
993,famunit,0.5011640944552618,0.5011640944552618,0.0,ok
993,farm,0.5006378038846708,0.5006378038846708,0.0,ok
993,ftotinc,0.5969603909935575,0.5969603909935575,0.0,ok
993,gq,0.5019868971855956,0.5019868971855956,0.0,ok
993,gqtypeg,0.5044213286637133,0.5044213286637133,0.0,ok
993,incbus,0.6756520261882047,0.6756520261882047,0.0,ok
993,incfarm,0.69607573322182,0.69607573322182,0.0,ok
993,incother,0.687720554604498,0.687720554604498,0.0,ok
993,incss,0.7553127382181393,0.7553127382181393,0.0,ok
993,inctot,0.5121706763543858,0.5121706763543858,0.0,ok
993,incwage,0.5225724292042915,0.5225724292042915,0.0,ok
993,incwelfr,0.7145089275991097,0.7145089275991097,0.0,ok
993,labforce,0.747231638418079,0.747231638418079,0.0,ok
993,marst,0.6909898984619003,0.6909898984619003,0.0,ok
993,migrat5g,0.523366482408339,0.523366482408339,0.0,ok
993,momloc,0.6970895025025156,0.6970895025025156,0.0,ok
993,momrule,0.6995545130222286,0.6995545130222286,0.0,ok
993,movedin,0.487986705522087,0.487986705522087,0.0,ok
993,nchild,0.6312929446048899,0.6312929446048899,0.0,ok
993,nchlt5,0.5388384755781487,0.5388384755781487,0.0,ok
993,ncouples,0.4987608082972875,0.4987608082972875,0.0,ok
993,nfams,0.5064963475033651,0.5064963475033651,0.0,ok
993,nfathers,0.550301129507904,0.550301129507904,0.0,ok
993,nmothers,0.5779963322574041,0.5779963322574041,0.0,ok
993,nsibs,0.6890921683676803,0.6890921683676803,0.0,ok
993,occscore,0.8840721090391124,0.8840721090391124,0.0,ok
993,ownershg,0.516495781224817,0.516495781224817,0.0,ok
993,poploc,0.672435868954432,0.672435868954432,0.0,ok
993,poprule,0.6722796196350552,0.6722796196350552,0.0,ok
993,poverty,0.6746566391803771,0.6746566391803771,0.0,ok
993,raceg,0.5231485958470002,0.5231485958470002,0.0,ok
993,relateg,0.6422770931615331,0.6422770931615331,0.0,ok
993,rent,0.4981937456712361,0.4981937456712361,0.0,ok
993,schltype,0.6456046330297209,0.6456046330297209,0.0,ok
993,school,0.6437719814086397,0.6437719814086397,0.0,ok
993,sei,0.8737897102831829,0.8737897102831829,0.0,ok
993,sex,0.6231567415461147,0.6231567415461147,0.0,ok
993,sploc,0.7204779390945641,0.7204779390945641,0.0,ok
993,sprule,0.6800190792310808,0.6800190792310808,0.0,ok
993,stepmom,0.5056893134526003,0.5056893134526003,0.0,ok
993,steppop,0.49979396172828217,0.49979396172828217,0.0,ok
993,value,0.5072539846407834,0.5072539846407834,0.0,ok
993,workedyr,0.691940375224878,0.691940375224878,0.0,ok
993,year,0.5,0.5,0.0,ok
993,yngch,0.6297571100627698,0.6297571100627698,0.0,ok
994,CIRCULARITY,0.4739014199731198,0.4739014199731198,0.0,ok
994,COMPACTNESS,0.6096790451703384,0.6096790451703384,0.0,ok
994,DISTANCE CIRCULARITY,0.6462995967977561,0.6462995967977561,0.0,ok
994,ELONGATEDNESS,0.46534432887278676,0.46534432887278676,0.0,ok
994,HOLLOWS RATIO,0.7034929585695086,0.7034929585695086,0.0,ok
994,KURTOSIS ABOUT_MAJOR,0.5890843218605739,0.5890843218605739,0.0,ok
994,KURTOSIS ABOUT_MINOR,0.5767508619178402,0.5767508619178402,0.0,ok
994,MAX.LENGTH ASPECT RATIO,0.81494697013966,0.81494697013966,0.0,ok
994,MAX.LENGTH RECTANGULARITY,0.5254302284812715,0.5254302284812715,0.0,ok
994,PR.AXIS ASPECT RATIO,0.6066477239525507,0.6066477239525507,0.0,ok
994,PR.AXIS RECTANGULARITY,0.45328113130368725,0.45328113130368725,0.0,ok
994,RADIUS RATIO,0.5324899199439023,0.5324899199439023,0.0,ok
994,SCALED RADIUS OF GYRATION,0.5649615789166131,0.5649615789166131,0.0,ok
994,SCALED VARIANCE_MAJOR,0.5432492841699293,0.5432492841699293,0.0,ok
994,SCALED VARIANCE_MINOR,0.4605088237012797,0.4605088237012797,0.0,ok
994,SCATTER RATIO,0.4582371588850582,0.4582371588850582,0.0,ok
994,SKEWNESS ABOUT_MAJOR,0.7547040261789283,0.7547040261789283,0.0,ok
994,SKEWNESS ABOUT_MINOR,0.5980687196867879,0.5980687196867879,0.0,ok
995,att1,0.7097,0.7097,0.0,ok
995,att10,0.7903388888888889,0.7903388888888889,0.0,ok
995,att11,0.8440041666666667,0.8440041666666667,0.0,ok
995,att12,0.8620527777777778,0.8620527777777778,0.0,ok
995,att13,0.7972402777777778,0.7972402777777778,0.0,ok
995,att14,0.6448583333333333,0.6448583333333333,0.0,ok
995,att15,0.6837680555555555,0.6837680555555555,0.0,ok
995,att16,0.6505388888888889,0.6505388888888889,0.0,ok
995,att17,0.7944513888888889,0.7944513888888889,0.0,ok
995,att18,0.707626388888889,0.707626388888889,0.0,ok
995,att19,0.9829375,0.9829375,0.0,ok
995,att2,0.6399513888888889,0.6399513888888889,0.0,ok
995,att20,0.7365944444444444,0.7365944444444444,0.0,ok
995,att21,0.7935208333333332,0.7935208333333332,0.0,ok
995,att22,0.828275,0.828275,0.0,ok
995,att23,0.9018972222222222,0.9018972222222222,0.0,ok
995,att24,0.8416999999999999,0.8416999999999999,0.0,ok
995,att25,0.6931541666666667,0.6931541666666667,0.0,ok
995,att26,0.6768069444444444,0.6768069444444444,0.0,ok
995,att27,0.7155888888888888,0.7155888888888888,0.0,ok
995,att28,0.8748388888888889,0.8748388888888889,0.0,ok
995,att29,0.9758430555555555,0.9758430555555555,0.0,ok
995,att3,0.6690263888888889,0.6690263888888889,0.0,ok
995,att30,0.7943027777777778,0.7943027777777778,0.0,ok
995,att31,0.8174541666666666,0.8174541666666666,0.0,ok
995,att32,0.8325847222222222,0.8325847222222222,0.0,ok
995,att33,0.8902625000000001,0.8902625000000001,0.0,ok
995,att34,0.6895458333333333,0.6895458333333333,0.0,ok
995,att35,0.6473111111111111,0.6473111111111111,0.0,ok
995,att36,0.6875986111111111,0.6875986111111111,0.0,ok
995,att37,0.5822013888888888,0.5822013888888888,0.0,ok
995,att38,0.8096291666666666,0.8096291666666666,0.0,ok
995,att39,0.7664222222222222,0.7664222222222222,0.0,ok
995,att4,0.5935083333333333,0.5935083333333333,0.0,ok
995,att40,0.9330611111111111,0.9330611111111111,0.0,ok
995,att41,0.6046986111111111,0.6046986111111111,0.0,ok
995,att42,0.5840430555555556,0.5840430555555556,0.0,ok
995,att43,0.5245124999999999,0.5245124999999999,0.0,ok
995,att44,0.7370111111111111,0.7370111111111111,0.0,ok
995,att45,0.8989527777777777,0.8989527777777777,0.0,ok
995,att46,0.54355,0.54355,0.0,ok
995,att47,0.7306999999999999,0.7306999999999999,0.0,ok
995,att5,0.5544972222222222,0.5544972222222222,0.0,ok
995,att6,0.9236361111111111,0.9236361111111111,0.0,ok
995,att7,0.7208861111111111,0.7208861111111111,0.0,ok
995,att8,0.7320777777777778,0.7320777777777778,0.0,ok
995,att9,0.7322541666666667,0.7322541666666667,0.0,ok
996,Al,0.43745232646834475,0.43745232646834475,0.0,ok
996,Ba,0.5711289092295958,0.5711289092295958,0.0,ok
996,Ca,0.643640350877193,0.643640350877193,0.0,ok
996,Fe,0.5908180778032036,0.5908180778032036,0.0,ok
996,K,0.6650457665903892,0.6650457665903892,0.0,ok
996,Mg,0.5921529366895499,0.5921529366895499,0.0,ok
996,Na,0.6426392067124334,0.6426392067124334,0.0,ok
996,RI,0.5425247902364607,0.5425247902364607,0.0,ok
996,Si,0.5397597254004577,0.5397597254004577,0.0,ok
999,age_gt_60,0.8964497041420119,0.8964497041420119,0.0,ok
999,air,0.660126647980899,0.660126647980899,0.0,ok
999,airBoneGap,0.5619225578739748,0.5619225578739748,0.0,ok
999,ar_c,0.6724281116993667,0.6724281116993667,0.0,ok
999,ar_u,0.6127374649641856,0.6127374649641856,0.0,ok
999,boneAbnormal,0.5112114606041731,0.5112114606041731,0.0,ok
999,history_buzzing,0.5041523928163604,0.5041523928163604,0.0,ok
999,history_dizziness,0.5242914979757085,0.5242914979757085,0.0,ok
999,history_fluctuating,0.5067476383265856,0.5067476383265856,0.0,ok
999,history_fullness,0.5041523928163604,0.5041523928163604,0.0,ok
999,history_heredity,0.5116266998858092,0.5116266998858092,0.0,ok
999,history_nausea,0.5303124675594311,0.5303124675594311,0.0,ok
999,history_noise,0.6245717844908127,0.6245717844908127,0.0,ok
999,history_recruitment,0.5235129243226408,0.5235129243226408,0.0,ok
999,history_ringing,0.5030623897020657,0.5030623897020657,0.0,ok
999,history_roaring,0.523824353783868,0.523824353783868,0.0,ok
999,history_vomiting,0.5208657739022111,0.5208657739022111,0.0,ok
999,late_wave_poor,0.5094985985674244,0.5094985985674244,0.0,ok
999,m_at_2k,0.5182186234817814,0.5182186234817814,0.0,ok
999,m_cond_lt_1k,0.509965742759265,0.509965742759265,0.0,ok
999,m_gt_1k,0.509965742759265,0.509965742759265,0.0,ok
999,m_m_gt_2k,0.49652237101629815,0.49652237101629815,0.0,ok
999,m_m_sn,0.5357624831309041,0.5357624831309041,0.0,ok
999,m_m_sn_gt_1k,0.5111076507837642,0.5111076507837642,0.0,ok
999,m_m_sn_gt_2k,0.49922142634693245,0.49922142634693245,0.0,ok
999,m_m_sn_gt_500,0.5041523928163604,0.5041523928163604,0.0,ok
999,m_p_sn_gt_2k,0.5152600436001246,0.5152600436001246,0.0,ok
999,m_s_gt_500,0.509965742759265,0.509965742759265,0.0,ok
999,m_s_sn,0.5182186234817814,0.5182186234817814,0.0,ok
999,m_s_sn_gt_1k,0.47721374442022213,0.47721374442022213,0.0,ok
999,m_s_sn_gt_2k,0.5182186234817814,0.5182186234817814,0.0,ok
999,m_s_sn_gt_3k,0.4865047233468286,0.4865047233468286,0.0,ok
999,m_s_sn_gt_4k,0.47721374442022213,0.47721374442022213,0.0,ok
999,m_sn_2_3k,0.509965742759265,0.509965742759265,0.0,ok
999,m_sn_gt_1k,0.49527665317138997,0.49527665317138997,0.0,ok
999,m_sn_gt_2k,0.500311429461227,0.500311429461227,0.0,ok
999,m_sn_gt_3k,0.5221114917471192,0.5221114917471192,0.0,ok
999,m_sn_gt_4k,0.515311948510329,0.515311948510329,0.0,ok
999,m_sn_gt_500,0.5182186234817814,0.5182186234817814,0.0,ok
999,m_sn_gt_6k,0.47721374442022213,0.47721374442022213,0.0,ok
999,m_sn_lt_1k,0.5052423959306549,0.5052423959306549,0.0,ok
999,m_sn_lt_2k,0.509965742759265,0.509965742759265,0.0,ok
999,m_sn_lt_3k,0.5041523928163604,0.5041523928163604,0.0,ok
999,middle_wave_poor,0.5094985985674244,0.5094985985674244,0.0,ok
999,mod_gt_4k,0.5041523928163604,0.5041523928163604,0.0,ok
999,mod_mixed,0.5182186234817814,0.5182186234817814,0.0,ok
999,mod_s_mixed,0.5041523928163604,0.5041523928163604,0.0,ok
999,mod_s_sn_gt_500,0.5041523928163604,0.5041523928163604,0.0,ok
999,mod_sn,0.5094985985674244,0.5094985985674244,0.0,ok
999,mod_sn_gt_1k,0.5116266998858092,0.5116266998858092,0.0,ok
999,mod_sn_gt_2k,0.5064881137755631,0.5064881137755631,0.0,ok
999,mod_sn_gt_3k,0.5173362400083048,0.5173362400083048,0.0,ok
999,mod_sn_gt_4k,0.5076300218000622,0.5076300218000622,0.0,ok
999,mod_sn_gt_500,0.5122495588082633,0.5122495588082633,0.0,ok
999,notch_4k,0.5561092079310703,0.5561092079310703,0.0,ok
999,notch_at_4k,0.5181667185715768,0.5181667185715768,0.0,ok
999,o_ar_c,0.7115644139935637,0.7115644139935637,0.0,ok
999,o_ar_u,0.6005398110661269,0.6005398110661269,0.0,ok
999,s_sn_gt_1k,0.5094985985674244,0.5094985985674244,0.0,ok
999,s_sn_gt_2k,0.49698951520813867,0.49698951520813867,0.0,ok
999,s_sn_gt_4k,0.5023876258694072,0.5023876258694072,0.0,ok
999,speech,0.5944150316619953,0.5944150316619953,0.0,ok
999,static_normal,0.4866085331672376,0.4866085331672376,0.0,ok
999,tymp,0.5838783348904807,0.5838783348904807,0.0,ok
999,viith_nerve_signs,0.5182186234817814,0.5182186234817814,0.0,ok
999,wave_V_delayed,0.5035295338939063,0.5035295338939063,0.0,ok
999,waveform_ItoV_prolonged,0.5035295338939063,0.5035295338939063,0.0,ok
1000,FTI,0.7976240188514775,0.7976240188514775,0.0,ok
1000,FTI measured,0.5083645040183776,0.5083645040183776,0.0,ok
1000,I131 treatment,0.4958838900620057,0.4958838900620057,0.0,ok
1000,T3,0.6723015762544041,0.6723015762544041,0.0,ok
1000,T3 measured,0.5244908294511886,0.5244908294511886,0.0,ok
1000,T4U,0.551084384449308,0.551084384449308,0.0,ok
1000,T4U measured,0.5086512841927361,0.5086512841927361,0.0,ok
1000,TBG measured,0.5,0.5,0.0,ok
1000,TSH,0.9872661705024132,0.9872661705024132,0.0,ok
1000,TSH measured,0.5530020109164033,0.5530020109164033,0.0,ok
1000,TT4,0.7856098545762908,0.7856098545762908,0.0,ok
1000,TT4 measured,0.5240900282436515,0.5240900282436515,0.0,ok
1000,age,0.4541354096020518,0.4541354096020518,0.0,ok
1000,goitre,0.5038480864703925,0.5038480864703925,0.0,ok
1000,hypopituitary,0.5012305386827461,0.5012305386827461,0.0,ok
1000,lithium,0.5010864081992477,0.5010864081992477,0.0,ok
1000,on antithyroid medication,0.5026649331520843,0.5026649331520843,0.0,ok
1000,on thyroxine,0.5516263545550663,0.5516263545550663,0.0,ok
1000,pregnant,0.5056131912957034,0.5056131912957034,0.0,ok
1000,psych,0.5115896703854306,0.5115896703854306,0.0,ok
1000,query on thyroxine,0.4989822018596781,0.4989822018596781,0.0,ok
1000,referral source,0.5238688965429416,0.5238688965429416,0.0,ok
1000,sex,0.5363490169017672,0.5363490169017672,0.0,ok
1000,sick,0.4907450460082272,0.4907450460082272,0.0,ok
1000,thyroid surgery,0.5069330711343167,0.5069330711343167,0.0,ok
1000,tumor,0.4964505400450754,0.4964505400450754,0.0,ok
1002,age,0.5921083544823997,0.5921083544823997,0.0,ok
1002,educrec,0.5647981077833726,0.5647981077833726,0.0,ok
1002,eldch,0.5584192988267698,0.5584192988267698,0.0,ok
1002,empstatg,0.6641114351512779,0.6641114351512779,0.0,ok
1002,famsize,0.581609962994957,0.581609962994957,0.0,ok
1002,famunit,0.5260537674170542,0.5260537674170542,0.0,ok
1002,farm,0.5003193606592239,0.5003193606592239,0.0,ok
1002,ftotinc,0.5026097488287906,0.5026097488287906,0.0,ok
1002,gq,0.4991796907017511,0.4991796907017511,0.0,ok
1002,gqtypeg,0.5083336890178839,0.5083336890178839,0.0,ok
1002,incbus,0.6128564100840158,0.6128564100840158,0.0,ok
1002,incfarm,0.6312595916791722,0.6312595916791722,0.0,ok
1002,incother,0.6361110030417639,0.6361110030417639,0.0,ok
1002,incss,0.6603358593861249,0.6603358593861249,0.0,ok
1002,inctot,0.5521663644292283,0.5521663644292283,0.0,ok
1002,incwage,0.547082562001483,0.547082562001483,0.0,ok
1002,incwelfr,0.6402088667814679,0.6402088667814679,0.0,ok
1002,labforce,0.6483417986256349,0.6483417986256349,0.0,ok
1002,marst,0.5736619241640248,0.5736619241640248,0.0,ok
1002,momloc,0.6161586106319336,0.6161586106319336,0.0,ok
1002,momrule,0.6198291807634212,0.6198291807634212,0.0,ok
1002,movedin,0.6177345450026572,0.6177345450026572,0.0,ok
1002,nchild,0.553214626604877,0.553214626604877,0.0,ok
1002,nchlt5,0.5186442601767646,0.5186442601767646,0.0,ok
1002,ncouples,0.5314420106388082,0.5314420106388082,0.0,ok
1002,nfams,0.5416331284464416,0.5416331284464416,0.0,ok
1002,nfathers,0.5312550401759865,0.5312550401759865,0.0,ok
1002,nmothers,0.557058191629238,0.557058191629238,0.0,ok
1002,nsibs,0.5940110150154279,0.5940110150154279,0.0,ok
1002,occscore,0.7149436992276043,0.7149436992276043,0.0,ok
1002,ownershg,0.5227237101587663,0.5227237101587663,0.0,ok
1002,poploc,0.5933375436311628,0.5933375436311628,0.0,ok
1002,poprule,0.596321233385597,0.596321233385597,0.0,ok
1002,poverty,0.5257557478308594,0.5257557478308594,0.0,ok
1002,raceg,0.5123006734336124,0.5123006734336124,0.0,ok
1002,relateg,0.586206981212679,0.586206981212679,0.0,ok
1002,rent,0.5144127786568118,0.5144127786568118,0.0,ok
1002,school,0.5811263893888408,0.5811263893888408,0.0,ok
1002,sei,0.6942563618116419,0.6942563618116419,0.0,ok
1002,sex,0.580910712349909,0.580910712349909,0.0,ok
1002,sploc,0.567750069216843,0.567750069216843,0.0,ok
1002,sprule,0.5484510347020957,0.5484510347020957,0.0,ok
1002,stepmom,0.5045560358031439,0.5045560358031439,0.0,ok
1002,steppop,0.5006022715211501,0.5006022715211501,0.0,ok
1002,value,0.5240137119227098,0.5240137119227098,0.0,ok
1002,vetstat,0.5602169537261326,0.5602169537261326,0.0,ok
1002,workedyr,0.6092330547158672,0.6092330547158672,0.0,ok
1002,year,0.5,0.5,0.0,ok
1002,yngch,0.5581454531994046,0.5581454531994046,0.0,ok
1003,abdominal,0.5524976657329599,0.5524976657329599,0.0,ok
1003,age,0.5526610644257703,0.5526610644257703,0.0,ok
1003,axillar,0.5204481792717086,0.5204481792717086,0.0,ok
1003,bone,0.5765172735760971,0.5765172735760971,0.0,ok
1003,bone-marrow,0.5122549019607843,0.5122549019607843,0.0,ok
1003,brain,0.5466619981325864,0.5466619981325864,0.0,ok
1003,histologic-type,0.6025210084033614,0.6025210084033614,0.0,ok
1003,liver,0.5039915966386554,0.5039915966386554,0.0,ok
1003,lung,0.5092436974789916,0.5092436974789916,0.0,ok
1003,mediastinum,0.6977357609710552,0.6977357609710552,0.0,ok
1003,neck,0.5323529411764706,0.5323529411764706,0.0,ok
1003,peritoneum,0.5738795518207283,0.5738795518207283,0.0,ok
1003,pleura,0.5261671335200747,0.5261671335200747,0.0,ok
1003,sex,0.6040849673202614,0.6040849673202614,0.0,ok
1003,skin,0.5491129785247433,0.5491129785247433,0.0,ok
1003,supraclavicular,0.5862044817927171,0.5862044817927171,0.0,ok
1005,Al,0.5205949656750573,0.5205949656750573,0.0,ok
1005,Ba,0.584334477498093,0.584334477498093,0.0,ok
1005,Ca,0.6444031273836767,0.6444031273836767,0.0,ok
1005,Fe,0.5908180778032036,0.5908180778032036,0.0,ok
1005,K,0.6694317315026697,0.6694317315026697,0.0,ok
1005,Mg,0.5895785659801679,0.5895785659801679,0.0,ok
1005,Na,0.6429252479023646,0.6429252479023646,0.0,ok
1005,RI,0.5468630816170861,0.5468630816170861,0.0,ok
1005,Si,0.4546147978642258,0.4546147978642258,0.0,ok
1010,Age,0.57900379640045,0.57900379640045,0.0,ok
1010,PNL_infiltrate,0.7521794150731158,0.7521794150731158,0.0,ok
1010,acanthosis,0.5622363610798651,0.5622363610798651,0.0,ok
1010,band-like_infiltrate,0.6225217941507311,0.6225217941507311,0.0,ok
1010,clubbing_of_the_rete_ridges,0.9786979752530933,0.9786979752530933,0.0,ok
1010,definite_borders,0.7316507311586052,0.7316507311586052,0.0,ok
1010,disappearance_of_the_granular_layer,0.7450435883014623,0.7450435883014623,0.0,ok
1010,elongation_of_the_rete_ridges,0.9116282339707537,0.9116282339707537,0.0,ok
1010,eosinophils_in_the_infiltrate,0.5586157199100112,0.5586157199100112,0.0,ok
1010,erythema,0.6263357705286839,0.6263357705286839,0.0,ok
1010,exocytosis,0.8806770247469067,0.8806770247469067,0.0,ok
1010,family_history,0.6214145106861642,0.6214145106861642,0.0,ok
1010,fibrosis_of_the_papillary_dermis,0.5862802305961754,0.5862802305961754,0.0,ok
1010,focal_hypergranulosis,0.6204126827896512,0.6204126827896512,0.0,ok
1010,follicular_horn_plug,0.5274360236220472,0.5274360236220472,0.0,ok
1010,follicular_papules,0.5455040776152982,0.5455040776152982,0.0,ok
1010,hyperkeratosis,0.626265466816648,0.626265466816648,0.0,ok
1010,inflammatory_monoluclear_inflitrate,0.4581165635545556,0.4581165635545556,0.0,ok
1010,itching,0.6575506186726658,0.6575506186726658,0.0,ok
1010,knee_and_elbow_involvement,0.8514658323959505,0.8514658323959505,0.0,ok
1010,koebner_phenomenon,0.5336579021372329,0.5336579021372329,0.0,ok
1010,melanin_incontinence,0.6176884139482564,0.6176884139482564,0.0,ok
1010,munro_microabcess,0.8088969347581552,0.8088969347581552,0.0,ok
1010,oral_mucosal_involvement,0.6070901293588302,0.6070901293588302,0.0,ok
1010,parakeratosis,0.8049599268841395,0.8049599268841395,0.0,ok
1010,perifollicular_parakeratosis,0.5270317772778402,0.5270317772778402,0.0,ok
1010,polygonal_papules,0.6117477502812149,0.6117477502812149,0.0,ok
1010,saw-tooth_appearance_of_retes,0.6160714285714286,0.6160714285714286,0.0,ok
1010,scaling,0.7103838582677167,0.7103838582677167,0.0,ok
1010,scalp_involvement,0.8646829302587177,0.8646829302587177,0.0,ok
1010,spongiform_pustule,0.7259912823397076,0.7259912823397076,0.0,ok
1010,spongiosis,0.8162964004499438,0.8162964004499438,0.0,ok
1010,thinning_of_the_suprapapillary_epidermis,0.970384561304837,0.970384561304837,0.0,ok
1010,vacuolisation_and_damage_of_basal_layer,0.6151047525309336,0.6151047525309336,0.0,ok
1011,aac,0.7038841987028515,0.7038841987028515,0.0,ok
1011,alm1,0.9520634805608899,0.9520634805608899,0.0,ok
1011,alm2,0.6944092177252799,0.6944092177252799,0.0,ok
1011,chg,0.5038407188666256,0.5038407188666256,0.0,ok
1011,gvh,0.8144497989057575,0.8144497989057575,0.0,ok
1011,lip,0.5200188412623645,0.5200188412623645,0.0,ok
1011,mcg,0.8592702634153412,0.8592702634153412,0.0,ok
1016,Feature 0,0.5589259259259259,0.5589259259259259,0.0,ok
1016,Feature 1,0.9381172839506173,0.9381172839506173,0.0,ok
1016,Feature 2,0.5626172839506173,0.5626172839506173,0.0,ok
1016,Feature 3,0.8537345679012345,0.8537345679012345,0.0,ok
1016,Feature 4,0.7969506172839507,0.7969506172839507,0.0,ok
1016,Feature 5,0.7640370370370371,0.7640370370370371,0.0,ok
1016,Feature 6,0.43741358024691357,0.43741358024691357,0.0,ok
1016,Feature 7,0.6197037037037036,0.6197037037037036,0.0,ok
1016,Feature 8,0.6749691358024692,0.6749691358024692,0.0,ok
1016,Feature 9,0.5395061728395062,0.5395061728395062,0.0,ok
1016,Sex,0.44992592592592584,0.44992592592592584,0.0,ok
1016,Speaker Number,0.4693456790123457,0.4693456790123457,0.0,ok
1018,age,0.568496892422685,0.568496892422685,0.0,ok
1018,educrec,0.47849223786411077,0.47849223786411077,0.0,ok
1018,eldch,0.4846073024663204,0.4846073024663204,0.0,ok
1018,empstatg,0.6514697172887494,0.6514697172887494,0.0,ok
1018,famsize,0.6024370911306408,0.6024370911306408,0.0,ok
1018,famunit,0.5479344013573952,0.5479344013573952,0.0,ok
1018,farm,0.500120831319478,0.500120831319478,0.0,ok
1018,ftotinc,0.562305031858624,0.562305031858624,0.0,ok
1018,gq,0.5120556896234829,0.5120556896234829,0.0,ok
1018,gqtypeg,0.5213216223391582,0.5213216223391582,0.0,ok
1018,incbus,0.5970658411561685,0.5970658411561685,0.0,ok
1018,incfarm,0.62390783803838,0.62390783803838,0.0,ok
1018,incother,0.6181020845955385,0.6181020845955385,0.0,ok
1018,incss,0.649425051395857,0.649425051395857,0.0,ok
1018,inctot,0.6032365349662012,0.6032365349662012,0.0,ok
1018,incwage,0.6134163609010272,0.6134163609010272,0.0,ok
1018,incwelfr,0.6278234748024152,0.6278234748024152,0.0,ok
1018,labforce,0.6377477042049299,0.6377477042049299,0.0,ok
1018,marst,0.5155931966861584,0.5155931966861584,0.0,ok
1018,migrat5g,0.5337670355141969,0.5337670355141969,0.0,ok
1018,momloc,0.597174121335067,0.597174121335067,0.0,ok
1018,momrule,0.60105912480684,0.60105912480684,0.0,ok
1018,movedin,0.5364323446721898,0.5364323446721898,0.0,ok
1018,nchild,0.49518089384543124,0.49518089384543124,0.0,ok
1018,nchlt5,0.4935176549874403,0.4935176549874403,0.0,ok
1018,ncouples,0.5799040709943566,0.5799040709943566,0.0,ok
1018,nfams,0.5815126379349077,0.5815126379349077,0.0,ok
1018,nfathers,0.5662688522386129,0.5662688522386129,0.0,ok
1018,nmothers,0.5738362327177177,0.5738362327177177,0.0,ok
1018,nsibs,0.5729715867705022,0.5729715867705022,0.0,ok
1018,occscore,0.6429591930510079,0.6429591930510079,0.0,ok
1018,ownershg,0.6087850963927597,0.6087850963927597,0.0,ok
1018,poploc,0.5872489346421692,0.5872489346421692,0.0,ok
1018,poprule,0.586451299021777,0.586451299021777,0.0,ok
1018,poverty,0.5776154024193494,0.5776154024193494,0.0,ok
1018,raceg,0.5133610082437593,0.5133610082437593,0.0,ok
1018,relateg,0.5990732790897147,0.5990732790897147,0.0,ok
1018,rent,0.5831145038427763,0.5831145038427763,0.0,ok
1018,schltype,0.5538805573897713,0.5538805573897713,0.0,ok
1018,school,0.5536312364277497,0.5536312364277497,0.0,ok
1018,sei,0.6613173634606089,0.6613173634606089,0.0,ok
1018,sex,0.5166862095725634,0.5166862095725634,0.0,ok
1018,sploc,0.5200284293970688,0.5200284293970688,0.0,ok
1018,sprule,0.518792992974765,0.518792992974765,0.0,ok
1018,stepmom,0.4999657502774014,0.4999657502774014,0.0,ok
1018,steppop,0.503936484421269,0.503936484421269,0.0,ok
1018,value,0.6100798848188211,0.6100798848188211,0.0,ok
1018,vetstat,0.5041190077876636,0.5041190077876636,0.0,ok
1018,workedyr,0.5826702147393787,0.5826702147393787,0.0,ok
1018,year,0.5,0.5,0.0,ok
1018,yngch,0.4860717440214024,0.4860717440214024,0.0,ok
1021,area,0.6578908726120205,0.6578908726120205,0.0,ok
1021,blackand,0.6883061702189527,0.6883061702189527,0.0,ok
1021,blackpix,0.6130464729144253,0.6130464729144253,0.0,ok
1021,eccen,0.5599640894420052,0.5599640894420052,0.0,ok
1021,height,0.6375628798232096,0.6375628798232096,0.0,ok
1021,lenght,0.5334200808351022,0.5334200808351022,0.0,ok
1021,mean_tr,0.8863034660230874,0.8863034660230874,0.0,ok
1021,p_and,0.5476498211741444,0.5476498211741444,0.0,ok
1021,p_black,0.7185962533802448,0.7185962533802448,0.0,ok
1021,wb_trans,0.8169924544212149,0.8169924544212149,0.0,ok
1023,area-damaged,0.6778305009931582,0.6778305009931582,0.0,ok
1023,canker-lesion,0.5596998455087178,0.5596998455087178,0.0,ok
1023,crop-hist,0.45065474876774814,0.45065474876774814,0.0,ok
1023,date,0.5459151769293018,0.5459151769293018,0.0,ok
1023,external-decay,0.588887662767601,0.588887662767601,0.0,ok
1023,fruit-pods,0.6489921283013316,0.6489921283013316,0.0,ok
1023,fruit-spots,0.6603490767306702,0.6603490767306702,0.0,ok
1023,fruiting-bodies,0.6474012359302583,0.6474012359302583,0.0,ok
1023,germination,0.573732803648937,0.573732803648937,0.0,ok
1023,hail,0.5383837269182667,0.5383837269182667,0.0,ok
1023,int-discolor,0.5541455160744501,0.5541455160744501,0.0,ok
1023,leaf-malf,0.5311557419259914,0.5311557419259914,0.0,ok
1023,leaf-mild,0.5276796880747443,0.5276796880747443,0.0,ok
1023,leaf-shread,0.7000202310012507,0.7000202310012507,0.0,ok
1023,leafspot-size,0.6437688516148018,0.6437688516148018,0.0,ok
1023,leafspots-halo,0.6630618700801884,0.6630618700801884,0.0,ok
1023,leafspots-marg,0.7047377326565144,0.7047377326565144,0.0,ok
1023,leaves,0.5560950489222394,0.5560950489222394,0.0,ok
1023,lodging,0.5355329949238579,0.5355329949238579,0.0,ok
1023,mold-growth,0.5481773707055102,0.5481773707055102,0.0,ok
1023,mycelium,0.5045243875524167,0.5045243875524167,0.0,ok
1023,plant-growth,0.6309589494592804,0.6309589494592804,0.0,ok
1023,plant-stand,0.5345214448613257,0.5345214448613257,0.0,ok
1023,precip,0.5810711395571251,0.5810711395571251,0.0,ok
1023,roots,0.5478003384094755,0.5478003384094755,0.0,ok
1023,sclerotia,0.5103545942764658,0.5103545942764658,0.0,ok
1023,seed,0.5972927241962774,0.5972927241962774,0.0,ok
1023,seed-discolor,0.5494556021481645,0.5494556021481645,0.0,ok
1023,seed-size,0.5499153976311336,0.5499153976311336,0.0,ok
1023,seed-tmt,0.6052287942323255,0.6052287942323255,0.0,ok
1023,severity,0.6073070698153462,0.6073070698153462,0.0,ok
1023,shriveling,0.5258313102332083,0.5258313102332083,0.0,ok
1023,stem,0.6004837048480837,0.6004837048480837,0.0,ok
1023,stem-cankers,0.5350823953505481,0.5350823953505481,0.0,ok
1023,temp,0.6635860369307731,0.6635860369307731,0.0,ok
1024,BR,0.5177026576225954,0.5177026576225954,0.0,ok
1024,IN,0.5825951434449015,0.5825951434449015,0.0,ok
1024,INTERNODE_1,0.5247588402090515,0.5247588402090515,0.0,ok
1024,INTERNODE_2,0.6057183364839319,0.6057183364839319,0.0,ok
1024,INTERNODE_3,0.6271443761814744,0.6271443761814744,0.0,ok
1024,N,0.6748745552096075,0.6748745552096075,0.0,ok
1024,TL,0.5971769709774268,0.5971769709774268,0.0,ok
1024,TREE,0.5185018903591683,0.5185018903591683,0.0,ok
1025,Age,0.6132616487455197,0.6132616487455197,0.0,ok
1025,Political_system,0.6232437275985663,0.6232437275985663,0.0,ok
1025,Region,0.5684408602150537,0.5684408602150537,0.0,ok
1025,Schooling,0.6032437275985664,0.6032437275985664,0.0,ok
1025,Time_of_survey,0.42697132616487454,0.42697132616487454,0.0,ok
1037,age,0.6850007468913866,0.6850007468913866,0.0,ok
1037,capitalGain,0.5799307708949304,0.5799307708949304,0.0,ok
1037,capitalLoss,0.538252042361619,0.538252042361619,0.0,ok
1037,education,0.5193180881640895,0.5193180881640895,0.0,ok
1037,educationNum,0.7248414787419258,0.7248414787419258,0.0,ok
1037,fnlwgt,0.5091814843049789,0.5091814843049789,0.0,ok
1037,hoursPerWeek,0.6679806374846758,0.6679806374846758,0.0,ok
1037,maritalStatus,0.6394229877715851,0.6394229877715851,0.0,ok
1037,nativeCountry,0.5134236986061461,0.5134236986061461,0.0,ok
1037,occupation,0.5406002431260237,0.5406002431260237,0.0,ok
1037,race,0.5306678754288188,0.5306678754288188,0.0,ok
1037,relationship,0.7031447990604621,0.7031447990604621,0.0,ok
1037,sex,0.6079055877777664,0.6079055877777664,0.0,ok
1037,workclass,0.5086900812823867,0.5086900812823867,0.0,ok
1048,CBO,0.6488116458704695,0.6488116458704695,0.0,ok
1048,DIT,0.4086452762923352,0.4086452762923352,0.0,ok
1048,LCOM,0.6404040404040404,0.6404040404040404,0.0,ok
1048,LOC,0.6359922756981581,0.6359922756981581,0.0,ok
1048,NOC,0.48781937017231136,0.48781937017231136,0.0,ok
1048,NPM,0.6112002376708259,0.6112002376708259,0.0,ok
1048,RFC,0.5676619132501485,0.5676619132501485,0.0,ok
1048,WMC,0.6252228163992869,0.6252228163992869,0.0,ok
1049,BRANCH_COUNT,0.5927361306179776,0.5927361306179776,0.0,ok
1049,CALL_PAIRS,0.5696936446629214,0.5696936446629214,0.0,ok
1049,CONDITION_COUNT,0.7623397998595506,0.7623397998595506,0.0,ok
1049,CYCLOMATIC_COMPLEXITY,0.5954200316011236,0.5954200316011236,0.0,ok
1049,CYCLOMATIC_DENSITY,0.7581658181179776,0.7581658181179776,0.0,ok
1049,DECISION_COUNT,0.7621554599719101,0.7621554599719101,0.0,ok
1049,DECISION_DENSITY,0.7387662394662922,0.7387662394662922,0.0,ok
1049,DESIGN_COMPLEXITY,0.5651422050561797,0.5651422050561797,0.0,ok
1049,DESIGN_DENSITY,0.5759326720505618,0.5759326720505618,0.0,ok
1049,EDGE_COUNT,0.616114378511236,0.616114378511236,0.0,ok
1049,ESSENTIAL_COMPLEXITY,0.5276970681179776,0.5276970681179776,0.0,ok
1049,ESSENTIAL_DENSITY,0.5095066713483146,0.5095066713483146,0.0,ok
1049,HALSTEAD_CONTENT,0.6941976825842697,0.6941976825842697,0.0,ok
1049,HALSTEAD_DIFFICULTY,0.6560393258426966,0.6560393258426966,0.0,ok
1049,HALSTEAD_EFFORT,0.6839404845505617,0.6839404845505617,0.0,ok
1049,HALSTEAD_ERROR_EST,0.6964997366573035,0.6964997366573035,0.0,ok
1049,HALSTEAD_LENGTH,0.6960805828651686,0.6960805828651686,0.0,ok
1049,HALSTEAD_LEVEL,0.5715370435393259,0.5715370435393259,0.0,ok
1049,HALSTEAD_PROG_TIME,0.6839404845505617,0.6839404845505617,0.0,ok
1049,HALSTEAD_VOLUME,0.6978427844101123,0.6978427844101123,0.0,ok
1049,LOC_BLANK,0.7566845154494382,0.7566845154494382,0.0,ok
1049,LOC_CODE_AND_COMMENT,0.8688882549157303,0.8688882549157303,0.0,ok
1049,LOC_COMMENTS,0.7047972261235955,0.7047972261235955,0.0,ok
1049,LOC_EXECUTABLE,0.6888891327247191,0.6888891327247191,0.0,ok
1049,LOC_TOTAL,0.746262728230337,0.746262728230337,0.0,ok
1049,MAINTENANCE_SEVERITY,0.6592433286516853,0.6592433286516853,0.0,ok
1049,MODIFIED_CONDITION_COUNT,0.7605468750000001,0.7605468750000001,0.0,ok
1049,MULTIPLE_CONDITION_COUNT,0.762254213483146,0.762254213483146,0.0,ok
1049,NODE_COUNT,0.6195795294943821,0.6195795294943821,0.0,ok
1049,NORMALIZED_CYLOMATIC_COMPLEXITY,0.7133909761235955,0.7133909761235955,0.0,ok
1049,NUMBER_OF_LINES,0.7270365168539327,0.7270365168539327,0.0,ok
1049,NUM_OPERANDS,0.6920580231741573,0.6920580231741573,0.0,ok
1049,NUM_OPERATORS,0.6988785990168539,0.6988785990168539,0.0,ok
1049,NUM_UNIQUE_OPERANDS,0.6955846207865168,0.6955846207865168,0.0,ok
1049,NUM_UNIQUE_OPERATORS,0.649754213483146,0.649754213483146,0.0,ok
1049,PARAMETER_COUNT,0.5850772471910112,0.5850772471910112,0.0,ok
1049,PERCENT_COMMENTS,0.7798389220505617,0.7798389220505617,0.0,ok
1050,BRANCH_COUNT,0.6889589272986456,0.6889589272986456,0.0,ok
1050,CALL_PAIRS,0.6799848538845331,0.6799848538845331,0.0,ok
1050,CONDITION_COUNT,0.670527441197434,0.670527441197434,0.0,ok
1050,CYCLOMATIC_COMPLEXITY,0.6915983606557377,0.6915983606557377,0.0,ok
1050,CYCLOMATIC_DENSITY,0.6112571275837491,0.6112571275837491,0.0,ok
1050,DECISION_COUNT,0.663112526728439,0.663112526728439,0.0,ok
1050,DECISION_DENSITY,0.6162130256593015,0.6162130256593015,0.0,ok
1050,DESIGN_COMPLEXITY,0.6665961332858161,0.6665961332858161,0.0,ok
1050,DESIGN_DENSITY,0.5776216143977192,0.5776216143977192,0.0,ok
1050,EDGE_COUNT,0.7136805060584462,0.7136805060584462,0.0,ok
1050,ESSENTIAL_COMPLEXITY,0.5275770669992873,0.5275770669992873,0.0,ok
1050,ESSENTIAL_DENSITY,0.5099474340698503,0.5099474340698503,0.0,ok
1050,HALSTEAD_CONTENT,0.7866580541696364,0.7866580541696364,0.0,ok
1050,HALSTEAD_DIFFICULTY,0.6505390235210263,0.6505390235210263,0.0,ok
1050,HALSTEAD_EFFORT,0.7261738239486815,0.7261738239486815,0.0,ok
1050,HALSTEAD_ERROR_EST,0.7556842480399144,0.7556842480399144,0.0,ok
1050,HALSTEAD_LENGTH,0.7515101568068425,0.7515101568068425,0.0,ok
1050,HALSTEAD_LEVEL,0.6161751603706344,0.6161751603706344,0.0,ok
1050,HALSTEAD_PROG_TIME,0.7261738239486815,0.7261738239486815,0.0,ok
1050,HALSTEAD_VOLUME,0.7565573770491804,0.7565573770491804,0.0,ok
1050,LOC_BLANK,0.8144467213114754,0.8144467213114754,0.0,ok
1050,LOC_CODE_AND_COMMENT,0.7318692088382038,0.7318692088382038,0.0,ok
1050,LOC_COMMENTS,0.7172710263720599,0.7172710263720599,0.0,ok
1050,LOC_EXECUTABLE,0.7196988595866002,0.7196988595866002,0.0,ok
1050,LOC_TOTAL,0.7462713827512474,0.7462713827512474,0.0,ok
1050,MAINTENANCE_SEVERITY,0.6704071632216679,0.6704071632216679,0.0,ok
1050,MODIFIED_CONDITION_COUNT,0.6732626514611546,0.6732626514611546,0.0,ok
1050,MULTIPLE_CONDITION_COUNT,0.6720509622238062,0.6720509622238062,0.0,ok
1050,NODE_COUNT,0.714725142551675,0.714725142551675,0.0,ok
1050,NORMALIZED_CYLOMATIC_COMPLEXITY,0.6649501069137562,0.6649501069137562,0.0,ok
1050,NUMBER_OF_LINES,0.7812232715609408,0.7812232715609408,0.0,ok
1050,NUM_OPERANDS,0.7517017106200998,0.7517017106200998,0.0,ok
1050,NUM_OPERATORS,0.7509109942979331,0.7509109942979331,0.0,ok
1050,NUM_UNIQUE_OPERANDS,0.7854485923022096,0.7854485923022096,0.0,ok
1050,NUM_UNIQUE_OPERATORS,0.6900748396293656,0.6900748396293656,0.0,ok
1050,PARAMETER_COUNT,0.5256615288667142,0.5256615288667142,0.0,ok
1050,PERCENT_COMMENTS,0.7194048467569495,0.7194048467569495,0.0,ok
1063,b,0.8476973313816011,0.8476973313816011,0.0,ok
1063,branchCount,0.8150996509402094,0.8150996509402094,0.0,ok
1063,d,0.8272717036369779,0.8272717036369779,0.0,ok
1063,e,0.8388694966783019,0.8388694966783019,0.0,ok
1063,ev(g),0.6839995496002702,0.6839995496002702,0.0,ok
1063,i,0.8374732575160454,0.8374732575160454,0.0,ok
1063,iv(g),0.8091656345006193,0.8091656345006193,0.0,ok
1063,l,0.7799459520324288,0.7799459520324288,0.0,ok
1063,lOBlank,0.8183875689674587,0.8183875689674587,0.0,ok
1063,lOCode,0.8386330368201779,0.8386330368201779,0.0,ok
1063,lOCodeAndComment,0.5943474833915099,0.5943474833915099,0.0,ok
1063,lOComment,0.7396914761851143,0.7396914761851143,0.0,ok
1063,loc,0.8464474721315167,0.8464474721315167,0.0,ok
1063,n,0.8396576962053823,0.8396576962053823,0.0,ok
1063,t,0.8409638554216867,0.8409638554216867,0.0,ok
1063,total_Op,0.844217993469204,0.844217993469204,0.0,ok
1063,total_Opnd,0.8499831100101338,0.8499831100101338,0.0,ok
1063,uniq_Op,0.8291183425289944,0.8291183425289944,0.0,ok
1063,uniq_Opnd,0.8541943474833915,0.8541943474833915,0.0,ok
1063,v,0.8412678752392748,0.8412678752392748,0.0,ok
1063,v(g),0.82199076680554,0.82199076680554,0.0,ok
1065,BRANCH_COUNT,0.7843093303446342,0.7843093303446342,0.0,ok
1065,CALL_PAIRS,0.8257214906136171,0.8257214906136171,0.0,ok
1065,CONDITION_COUNT,0.755645839170636,0.755645839170636,0.0,ok
1065,CYCLOMATIC_COMPLEXITY,0.7873914261697954,0.7873914261697954,0.0,ok
1065,CYCLOMATIC_DENSITY,0.7160549173437938,0.7160549173437938,0.0,ok
1065,DECISION_COUNT,0.75561782011768,0.75561782011768,0.0,ok
1065,DECISION_DENSITY,0.7325581395348837,0.7325581395348837,0.0,ok
1065,DESIGN_COMPLEXITY,0.7927710843373494,0.7927710843373494,0.0,ok
1065,DESIGN_DENSITY,0.6288876435976465,0.6288876435976465,0.0,ok
1065,EDGE_COUNT,0.8131409358363687,0.8131409358363687,0.0,ok
1065,ESSENTIAL_COMPLEXITY,0.5995516951527039,0.5995516951527039,0.0,ok
1065,ESSENTIAL_DENSITY,0.5789576912300365,0.5789576912300365,0.0,ok
1065,GLOBAL_DATA_COMPLEXITY,0.8034183244606332,0.8034183244606332,0.0,ok
1065,GLOBAL_DATA_DENSITY,0.5594844494256095,0.5594844494256095,0.0,ok
1065,HALSTEAD_CONTENT,0.8160829363967498,0.8160829363967498,0.0,ok
1065,HALSTEAD_DIFFICULTY,0.7931353320257775,0.7931353320257775,0.0,ok
1065,HALSTEAD_EFFORT,0.8106472401232838,0.8106472401232838,0.0,ok
1065,HALSTEAD_ERROR_EST,0.8204819277108434,0.8204819277108434,0.0,ok
1065,HALSTEAD_LENGTH,0.8193891846455591,0.8193891846455591,0.0,ok
1065,HALSTEAD_LEVEL,0.7700756514429813,0.7700756514429813,0.0,ok
1065,HALSTEAD_PROG_TIME,0.8106472401232838,0.8106472401232838,0.0,ok
1065,HALSTEAD_VOLUME,0.8194452227514709,0.8194452227514709,0.0,ok
1065,LOC_BLANK,0.8073690109274307,0.8073690109274307,0.0,ok
1065,LOC_CODE_AND_COMMENT,0.6434855701877277,0.6434855701877277,0.0,ok
1065,LOC_COMMENTS,0.7174558699915943,0.7174558699915943,0.0,ok
1065,LOC_EXECUTABLE,0.8127486690949847,0.8127486690949847,0.0,ok
1065,LOC_TOTAL,0.8147660409078173,0.8147660409078173,0.0,ok
1065,MAINTENANCE_SEVERITY,0.735948444942561,0.735948444942561,0.0,ok
1065,MODIFIED_CONDITION_COUNT,0.7531521434575511,0.7531521434575511,0.0,ok
1065,MULTIPLE_CONDITION_COUNT,0.7555617820117679,0.7555617820117679,0.0,ok
1065,NODE_COUNT,0.8133650882600169,0.8133650882600169,0.0,ok
1065,NORMALIZED_CYLOMATIC_COMPLEXITY,0.7321378537405435,0.7321378537405435,0.0,ok
1065,NUMBER_OF_LINES,0.822219108994116,0.822219108994116,0.0,ok
1065,NUM_OPERANDS,0.8162510507144859,0.8162510507144859,0.0,ok
1065,NUM_OPERATORS,0.8180442701036705,0.8180442701036705,0.0,ok
1065,NUM_UNIQUE_OPERANDS,0.8205940039226673,0.8205940039226673,0.0,ok
1065,NUM_UNIQUE_OPERATORS,0.8024096385542168,0.8024096385542168,0.0,ok
1065,PARAMETER_COUNT,0.5251050714485851,0.5251050714485851,0.0,ok
1065,PERCENT_COMMENTS,0.7145699075371252,0.7145699075371252,0.0,ok
1067,b,0.7973189186213351,0.7973189186213351,0.0,ok
1067,branchCount,0.7282385790819224,0.7282385790819224,0.0,ok
1067,d,0.7839057698990809,0.7839057698990809,0.0,ok
1067,e,0.7918359833327024,0.7918359833327024,0.0,ok
1067,ev(g),0.6153317459716684,0.6153317459716684,0.0,ok
1067,i,0.7767523199680693,0.7767523199680693,0.0,ok
1067,iv(g),0.720249871829721,0.720249871829721,0.0,ok
1067,l,0.708790244607386,0.708790244607386,0.0,ok
1067,lOBlank,0.7435415942662293,0.7435415942662293,0.0,ok
1067,lOCode,0.7915237295658728,0.7915237295658728,0.0,ok
1067,lOComment,0.6357090999177646,0.6357090999177646,0.0,ok
1067,loc,0.7882936664957729,0.7882936664957729,0.0,ok
1067,locCodeAndComment,0.505329819116468,0.505329819116468,0.0,ok
1067,n,0.7934161766375689,0.7934161766375689,0.0,ok
1067,t,0.7927417773174734,0.7927417773174734,0.0,ok
1067,total_Op,0.7891504288973227,0.7891504288973227,0.0,ok
1067,total_Opnd,0.7950712076220888,0.7950712076220888,0.0,ok
1067,uniq_Op,0.7740925716291217,0.7740925716291217,0.0,ok
1067,uniq_Opnd,0.7888811852912132,0.7888811852912132,0.0,ok
1067,v,0.7928458619064167,0.7928458619064167,0.0,ok
1067,v(g),0.7237792856184345,0.7237792856184345,0.0,ok
1068,B,0.7026263465216953,0.7026263465216953,0.0,ok
1068,D,0.6139195107218363,0.6139195107218363,0.0,ok
1068,E,0.668944427665358,0.668944427665358,0.0,ok
1068,I,0.751453488372093,0.751453488372093,0.0,ok
1068,L,0.5760595993154133,0.5760595993154133,0.0,ok
1068,N,0.6860213429980871,0.6860213429980871,0.0,ok
1068,T,0.6692779120104702,0.6692779120104702,0.0,ok
1068,V,0.6922254102486661,0.6922254102486661,0.0,ok
1068,branchCount,0.6321667673411858,0.6321667673411858,0.0,ok
1068,ev(g),0.5542195207892883,0.5542195207892883,0.0,ok
1068,iv(G),0.6432283801469849,0.6432283801469849,0.0,ok
1068,lOBlank,0.7571227222390013,0.7571227222390013,0.0,ok
1068,lOCode,0.6988636363636364,0.6988636363636364,0.0,ok
1068,lOComment,0.6854865096144167,0.6854865096144167,0.0,ok
1068,loc,0.7062380449008356,0.7062380449008356,0.0,ok
1068,locCodeAndComment,0.6690199335548175,0.6690199335548175,0.0,ok
1068,total_Op,0.6863737038155643,0.6863737038155643,0.0,ok
1068,total_Opnd,0.6873175274338065,0.6873175274338065,0.0,ok
1068,uniq_Op,0.6811197523406826,0.6811197523406826,0.0,ok
1068,uniq_Opnd,0.7380386086781436,0.7380386086781436,0.0,ok
1068,v(g),0.6342431793013189,0.6342431793013189,0.0,ok
1071,BRANCH_COUNT,0.7185223725286161,0.7185223725286161,0.0,ok
1071,CALL_PAIRS,0.798820672910163,0.798820672910163,0.0,ok
1071,CONDITION_COUNT,0.7349982656954561,0.7349982656954561,0.0,ok
1071,CYCLOMATIC_COMPLEXITY,0.7025234131113423,0.7025234131113423,0.0,ok
1071,CYCLOMATIC_DENSITY,0.548777315296566,0.548777315296566,0.0,ok
1071,DECISION_COUNT,0.744103364550815,0.744103364550815,0.0,ok
1071,DECISION_DENSITY,0.6686611168921262,0.6686611168921262,0.0,ok
1071,DESIGN_COMPLEXITY,0.7381633714880333,0.7381633714880333,0.0,ok
1071,DESIGN_DENSITY,0.5356399583766909,0.5356399583766909,0.0,ok
1071,EDGE_COUNT,0.7725459590704128,0.7725459590704128,0.0,ok
1071,ESSENTIAL_COMPLEXITY,0.5861515782171349,0.5861515782171349,0.0,ok
1071,ESSENTIAL_DENSITY,0.5005636489767603,0.5005636489767603,0.0,ok
1071,HALSTEAD_CONTENT,0.7937911897329171,0.7937911897329171,0.0,ok
1071,HALSTEAD_DIFFICULTY,0.6706122095039888,0.6706122095039888,0.0,ok
1071,HALSTEAD_EFFORT,0.7493496357960459,0.7493496357960459,0.0,ok
1071,HALSTEAD_ERROR_EST,0.7842091571279918,0.7842091571279918,0.0,ok
1071,HALSTEAD_LENGTH,0.783168574401665,0.783168574401665,0.0,ok
1071,HALSTEAD_LEVEL,0.6670135275754423,0.6670135275754423,0.0,ok
1071,HALSTEAD_PROG_TIME,0.7493496357960456,0.7493496357960456,0.0,ok
1071,HALSTEAD_VOLUME,0.7830385015608741,0.7830385015608741,0.0,ok
1071,LOC_BLANK,0.7452306625043358,0.7452306625043358,0.0,ok
1071,LOC_CODE_AND_COMMENT,0.5279656607700312,0.5279656607700312,0.0,ok
1071,LOC_COMMENTS,0.7577610128338536,0.7577610128338536,0.0,ok
1071,LOC_EXECUTABLE,0.7538154699965314,0.7538154699965314,0.0,ok
1071,LOC_TOTAL,0.7683836281651057,0.7683836281651057,0.0,ok
1071,MAINTENANCE_SEVERITY,0.6112989941033646,0.6112989941033646,0.0,ok
1071,MODIFIED_CONDITION_COUNT,0.7339576829691293,0.7339576829691293,0.0,ok
1071,MULTIPLE_CONDITION_COUNT,0.734261186264308,0.734261186264308,0.0,ok
1071,NODE_COUNT,0.7878945542837321,0.7878945542837321,0.0,ok
1071,NORMALIZED_CYLOMATIC_COMPLEXITY,0.5510319112036073,0.5510319112036073,0.0,ok
1071,NUMBER_OF_LINES,0.7803936871314604,0.7803936871314604,0.0,ok
1071,NUM_OPERANDS,0.7862903225806451,0.7862903225806451,0.0,ok
1071,NUM_OPERATORS,0.7801768990634755,0.7801768990634755,0.0,ok
1071,NUM_UNIQUE_OPERANDS,0.7969562955254943,0.7969562955254943,0.0,ok
1071,NUM_UNIQUE_OPERATORS,0.669701699618453,0.669701699618453,0.0,ok
1071,PARAMETER_COUNT,0.4790149150190774,0.4790149150190774,0.0,ok
1071,PERCENT_COMMENTS,0.57613596947624,0.57613596947624,0.0,ok
1073,CBO,0.7433901918976545,0.7433901918976545,0.0,ok
1073,DIT,0.43512793176972286,0.43512793176972286,0.0,ok
1073,LCOM,0.6447228144989339,0.6447228144989339,0.0,ok
1073,LOC,0.7834221748400853,0.7834221748400853,0.0,ok
1073,NOC,0.5072494669509595,0.5072494669509595,0.0,ok
1073,NPM,0.6780117270788913,0.6780117270788913,0.0,ok
1073,RFC,0.6011194029850746,0.6011194029850746,0.0,ok
1073,WMC,0.6954157782515991,0.6954157782515991,0.0,ok
1121,consonants,0.5808673469387755,0.5808673469387755,0.0,ok
1121,dots,0.5297335600907029,0.5297335600907029,0.0,ok
1121,even_odd,0.5179421768707483,0.5179421768707483,0.0,ok
1121,first_char_vowel,0.6081065759637188,0.6081065759637188,0.0,ok
1121,length,0.5742063492063493,0.5742063492063493,0.0,ok
1121,second_char_vowel,1.0,1.0,0.0,ok
1121,spaces,0.5272108843537415,0.5272108843537415,0.0,ok
1121,vowel_consonant_ratio,0.5467403628117913,0.5467403628117913,0.0,ok
1121,vowels,0.5266439909297052,0.5266439909297052,0.0,ok
1121,words,0.5272108843537415,0.5272108843537415,0.0,ok
1167,ACTION,0.5855162125400376,0.5855162125400376,0.0,ok
1167,CONDITIONAL,0.5597165547803957,0.5597165547803957,0.0,ok
1167,CONTINUANCE,0.5898380939844675,0.5898380939844675,0.0,ok
1167,IMPERATIVE,0.47950945548681495,0.47950945548681495,0.0,ok
1167,OPTION,0.500043876968979,0.500043876968979,0.0,ok
1167,RISK_LEVEL,0.537361239085604,0.537361239085604,0.0,ok
1167,SOURCE,0.5257996577596419,0.5257996577596419,0.0,ok
1167,WEAK_PHRASE,0.5028081260146549,0.5028081260146549,0.0,ok
1412,OS_years,0.8400149588631265,0.8400149588631265,0.0,ok
1412,age,0.5636499626028421,0.5636499626028421,0.0,ok
1412,g_201938_at,0.6564697083021691,0.6564697083021691,0.0,ok
1412,g_202387_at,0.5647718773373224,0.5647718773373224,0.0,ok
1412,g_202454_s_at,0.4744203440538519,0.4744203440538519,0.0,ok
1412,g_203967_at,0.6870605833956619,0.6870605833956619,0.0,ok
1412,g_203968_s_at,0.7052356020942407,0.7052356020942407,0.0,ok
1412,g_204531_s_at,0.6429319371727749,0.6429319371727749,0.0,ok
1412,g_204890_s_at,0.41189229618548995,0.41189229618548995,0.0,ok
1412,g_204891_s_at,0.44106207928197455,0.44106207928197455,0.0,ok
1412,g_204979_s_at,0.5361256544502618,0.5361256544502618,0.0,ok
1412,g_206924_at,0.5445774121166791,0.5445774121166791,0.0,ok
1412,g_206926_s_at,0.6551982049364248,0.6551982049364248,0.0,ok
1412,g_211475_s_at,0.5277486910994764,0.5277486910994764,0.0,ok
1412,g_211851_x_at,0.6357516828721017,0.6357516828721017,0.0,ok
1412,g_212724_at,0.5486163051608077,0.5486163051608077,0.0,ok
1412,g_214088_s_at,0.62490650710546,0.62490650710546,0.0,ok
1412,g_215638_at,0.4646222887060583,0.4646222887060583,0.0,ok
1412,g_216010_x_at,0.6178758414360509,0.6178758414360509,0.0,ok
1412,g_AFFX.HUMGAPDH.M33197_5_at,0.6992520568436799,0.6992520568436799,0.0,ok
1412,g_AFFX.HUMGAPDH.M33197_M_at,0.7121914734480179,0.7121914734480179,0.0,ok
1412,histology,0.5,0.5,0.0,ok
1412,sex,0.5548242333582648,0.5548242333582648,0.0,ok
1442,a,0.70632579482137,0.70632579482137,0.0,ok
1442,aa,0.6043920026220911,0.6043920026220911,0.0,ok
1442,ab,0.698377581120944,0.698377581120944,0.0,ok
1442,ac,0.7344313339888562,0.7344313339888562,0.0,ok
1442,ad,0.5794001966568338,0.5794001966568338,0.0,ok
1442,ae,0.7100131104555885,0.7100131104555885,0.0,ok
1442,af,0.7146837102589316,0.7146837102589316,0.0,ok
1442,ag,0.7411504424778761,0.7411504424778761,0.0,ok
1442,ah,0.40126188135037694,0.40126188135037694,0.0,ok
1442,ai,0.7312356604392003,0.7312356604392003,0.0,ok
1442,aj,0.7361520812848246,0.7361520812848246,0.0,ok
1442,ak,0.771222549983612,0.771222549983612,0.0,ok
1442,al,0.6386430678466077,0.6386430678466077,0.0,ok
1442,am,0.7361520812848246,0.7361520812848246,0.0,ok
1442,an,0.5456407735168797,0.5456407735168797,0.0,ok
1442,ao,0.7393477548344805,0.7393477548344805,0.0,ok
1442,b,0.7041134054408391,0.7041134054408391,0.0,ok
1442,c,0.7652409046214356,0.7652409046214356,0.0,ok
1442,d,0.509013438216978,0.509013438216978,0.0,ok
1442,e,0.6937069813176007,0.6937069813176007,0.0,ok
1442,f,0.7164044575549,0.7164044575549,0.0,ok
1442,g,0.695018026876434,0.695018026876434,0.0,ok
1442,h,0.38790560471976404,0.38790560471976404,0.0,ok
1442,i,0.7009177318911832,0.7009177318911832,0.0,ok
1442,j,0.6095542445099967,0.6095542445099967,0.0,ok
1442,k,0.7329564077351687,0.7329564077351687,0.0,ok
1442,l,0.44296951819075714,0.44296951819075714,0.0,ok
1442,m,0.737708947885939,0.737708947885939,0.0,ok
1442,n,0.5758767617174696,0.5758767617174696,0.0,ok
1442,o,0.4992625368731563,0.4992625368731563,0.0,ok
1442,p,0.7431170108161258,0.7431170108161258,0.0,ok
1442,r,0.4816453621763356,0.4816453621763356,0.0,ok
1442,s,0.7602425434283842,0.7602425434283842,0.0,ok
1442,t,0.6105375286791216,0.6105375286791216,0.0,ok
1442,u,0.698377581120944,0.698377581120944,0.0,ok
1442,v,0.7335299901671583,0.7335299901671583,0.0,ok
1442,z,0.7314814814814815,0.7314814814814815,0.0,ok
1443,a,0.8317544524441076,0.8317544524441076,0.0,ok
1443,aa,0.6260736390046735,0.6260736390046735,0.0,ok
1443,ab,0.7190223569533913,0.7190223569533913,0.0,ok
1443,ac,0.7570891751926234,0.7570891751926234,0.0,ok
1443,ad,0.6305576607300746,0.6305576607300746,0.0,ok
1443,ae,0.6386257420740179,0.6386257420740179,0.0,ok
1443,af,0.6461727927245168,0.6461727927245168,0.0,ok
1443,ag,0.6783503852469369,0.6783503852469369,0.0,ok
1443,ah,0.753931413414172,0.753931413414172,0.0,ok
1443,ai,0.7443476064165719,0.7443476064165719,0.0,ok
1443,aj,0.7533945939118353,0.7533945939118353,0.0,ok
1443,ak,0.8061923708475431,0.8061923708475431,0.0,ok
1443,al,0.734100669445497,0.734100669445497,0.0,ok
1443,am,0.8078659845901225,0.8078659845901225,0.0,ok
1443,an,0.6977864089933055,0.6977864089933055,0.0,ok
1443,ao,0.7832985979537703,0.7832985979537703,0.0,ok
1443,b,0.6567197170645446,0.6567197170645446,0.0,ok
1443,c,0.6801503094606542,0.6801503094606542,0.0,ok
1443,d,0.7096280156624984,0.7096280156624984,0.0,ok
1443,e,0.751105216622458,0.751105216622458,0.0,ok
1443,f,0.6465833017557155,0.6465833017557155,0.0,ok
1443,g,0.6649930529240874,0.6649930529240874,0.0,ok
1443,h,0.7394372868510799,0.7394372868510799,0.0,ok
1443,i,0.6528356700770495,0.6528356700770495,0.0,ok
1443,j,0.5029840848806366,0.5029840848806366,0.0,ok
1443,k,0.6942655046103322,0.6942655046103322,0.0,ok
1443,l,0.525356827080965,0.525356827080965,0.0,ok
1443,m,0.6794556018693949,0.6794556018693949,0.0,ok
1443,n,0.5380194518125552,0.5380194518125552,0.0,ok
1443,o,0.49712643678160917,0.49712643678160917,0.0,ok
1443,p,0.7729095617026651,0.7729095617026651,0.0,ok
1443,r,0.5741126689402551,0.5741126689402551,0.0,ok
1443,s,0.8134236453201971,0.8134236453201971,0.0,ok
1443,t,0.62402109384868,0.62402109384868,0.0,ok
1443,u,0.7190223569533913,0.7190223569533913,0.0,ok
1443,v,0.7568997094859163,0.7568997094859163,0.0,ok
1443,z,0.7500157888088922,0.7500157888088922,0.0,ok
1444,a,0.8104304920400234,0.8104304920400234,0.0,ok
1444,aa,0.5947073891964377,0.5947073891964377,0.0,ok
1444,ab,0.704621256404085,0.704621256404085,0.0,ok
1444,ac,0.749522917168105,0.749522917168105,0.0,ok
1444,ad,0.6221761854004058,0.6221761854004058,0.0,ok
1444,ae,0.6377608912423065,0.6377608912423065,0.0,ok
1444,af,0.6355173125193412,0.6355173125193412,0.0,ok
1444,ag,0.679636729360795,0.679636729360795,0.0,ok
1444,ah,0.706907815562356,0.706907815562356,0.0,ok
1444,ai,0.7464240277825533,0.7464240277825533,0.0,ok
1444,aj,0.7423451844720284,0.7423451844720284,0.0,ok
1444,ak,0.7841866382422722,0.7841866382422722,0.0,ok
1444,al,0.6438684110992676,0.6438684110992676,0.0,ok
1444,am,0.7808083760272323,0.7808083760272323,0.0,ok
1444,an,0.750124643262387,0.750124643262387,0.0,ok
1444,ao,0.7308006395488773,0.7308006395488773,0.0,ok
1444,b,0.635912732524155,0.635912732524155,0.0,ok
1444,c,0.6582926451879105,0.6582926451879105,0.0,ok
1444,d,0.7473867895334044,0.7473867895334044,0.0,ok
1444,e,0.7435572327476533,0.7435572327476533,0.0,ok
1444,f,0.6328181411821339,0.6328181411821339,0.0,ok
1444,g,0.6357966853488292,0.6357966853488292,0.0,ok
1444,h,0.6513942853213217,0.6513942853213217,0.0,ok
1444,i,0.6246647526046144,0.6246647526046144,0.0,ok
1444,j,0.5398772478767665,0.5398772478767665,0.0,ok
1444,k,0.6362007014407042,0.6362007014407042,0.0,ok
1444,l,0.4845442354640167,0.4845442354640167,0.0,ok
1444,m,0.6759146236633085,0.6759146236633085,0.0,ok
1444,n,0.47890950039542,0.47890950039542,0.0,ok
1444,o,0.5194443489323659,0.5194443489323659,0.0,ok
1444,p,0.6987415328542447,0.6987415328542447,0.0,ok
1444,r,0.5650680810095245,0.5650680810095245,0.0,ok
1444,s,0.7960062579513805,0.7960062579513805,0.0,ok
1444,t,0.592541175257023,0.592541175257023,0.0,ok
1444,u,0.704621256404085,0.704621256404085,0.0,ok
1444,v,0.7484956847642953,0.7484956847642953,0.0,ok
1444,z,0.7449712890692157,0.7449712890692157,0.0,ok
1446,a,0.6366789065687475,0.6366789065687475,0.0,ok
1446,aa,0.6423398612811098,0.6423398612811098,0.0,ok
1446,ab,0.692625458996328,0.692625458996328,0.0,ok
1446,ac,0.7047633618931048,0.7047633618931048,0.0,ok
1446,ad,0.5713484292125662,0.5713484292125662,0.0,ok
1446,ae,0.6423398612811098,0.6423398612811098,0.0,ok
1446,af,0.6399428804569562,0.6399428804569562,0.0,ok
1446,ag,0.6457058343533252,0.6457058343533252,0.0,ok
1446,ah,0.6943594451244389,0.6943594451244389,0.0,ok
1446,ai,0.6867605059159527,0.6867605059159527,0.0,ok
1446,aj,0.7043043655650755,0.7043043655650755,0.0,ok
1446,ak,0.728172174622603,0.728172174622603,0.0,ok
1446,al,0.7380660954712362,0.7380660954712362,0.0,ok
1446,am,0.7464810281517748,0.7464810281517748,0.0,ok
1446,an,0.6617197062423501,0.6617197062423501,0.0,ok
1446,ap,0.7037943696450428,0.7037943696450428,0.0,ok
1446,b,0.6447878416972663,0.6447878416972663,0.0,ok
1446,c,0.6525397796817625,0.6525397796817625,0.0,ok
1446,d,0.6135760913912689,0.6135760913912689,0.0,ok
1446,e,0.788249694002448,0.788249694002448,0.0,ok
1446,f,0.6415238678090575,0.6415238678090575,0.0,ok
1446,g,0.6430028559771521,0.6430028559771521,0.0,ok
1446,h,0.6434618523051816,0.6434618523051816,0.0,ok
1446,i,0.6317319461444307,0.6317319461444307,0.0,ok
1446,j,0.5272337821297429,0.5272337821297429,0.0,ok
1446,k,0.6697266421868624,0.6697266421868624,0.0,ok
1446,l,0.5583945328437373,0.5583945328437373,0.0,ok
1446,m,0.6467258261933905,0.6467258261933905,0.0,ok
1446,n,0.544420644634843,0.544420644634843,0.0,ok
1446,o,0.5082109343125256,0.5082109343125256,0.0,ok
1446,p,0.7211342309261526,0.7211342309261526,0.0,ok
1446,r,0.4422174622603019,0.4422174622603019,0.0,ok
1446,s,0.6949714402284781,0.6949714402284781,0.0,ok
1446,t,0.6510607915136679,0.6510607915136679,0.0,ok
1446,u,0.692625458996328,0.692625458996328,0.0,ok
1446,v,0.7043553651570787,0.7043553651570787,0.0,ok
1446,z,0.6992554059567524,0.6992554059567524,0.0,ok
1447,a,0.6245614035087719,0.6245614035087719,0.0,ok
1447,aa,0.6389306599832916,0.6389306599832916,0.0,ok
1447,ab,0.6910609857978278,0.6910609857978278,0.0,ok
1447,ac,0.7048454469507102,0.7048454469507102,0.0,ok
1447,ad,0.5779030910609858,0.5779030910609858,0.0,ok
1447,ae,0.6344611528822055,0.6344611528822055,0.0,ok
1447,af,0.6324143692564745,0.6324143692564745,0.0,ok
1447,ag,0.6406015037593985,0.6406015037593985,0.0,ok
1447,ah,0.6774436090225564,0.6774436090225564,0.0,ok
1447,ai,0.6880952380952381,0.6880952380952381,0.0,ok
1447,aj,0.7060568086883876,0.7060568086883876,0.0,ok
1447,ak,0.7254803675856308,0.7254803675856308,0.0,ok
1447,al,0.7273182957393483,0.7273182957393483,0.0,ok
1447,am,0.7335839598997493,0.7335839598997493,0.0,ok
1447,an,0.6355889724310777,0.6355889724310777,0.0,ok
1447,ao,0.7060985797827902,0.7060985797827902,0.0,ok
1447,b,0.6402673350041771,0.6402673350041771,0.0,ok
1447,c,0.6672096908939015,0.6672096908939015,0.0,ok
1447,d,0.6130743525480367,0.6130743525480367,0.0,ok
1447,e,0.7758563074352548,0.7758563074352548,0.0,ok
1447,f,0.6335839598997494,0.6335839598997494,0.0,ok
1447,g,0.6383458646616541,0.6383458646616541,0.0,ok
1447,h,0.6515873015873016,0.6515873015873016,0.0,ok
1447,i,0.629156223893066,0.629156223893066,0.0,ok
1447,j,0.5008354218880535,0.5008354218880535,0.0,ok
1447,k,0.6712614870509607,0.6712614870509607,0.0,ok
1447,l,0.5760233918128655,0.5760233918128655,0.0,ok
1447,m,0.6402255639097745,0.6402255639097745,0.0,ok
1447,n,0.4950292397660818,0.4950292397660818,0.0,ok
1447,o,0.48738512949039264,0.48738512949039264,0.0,ok
1447,p,0.7219715956558062,0.7219715956558062,0.0,ok
1447,r,0.48350041771094404,0.48350041771094404,0.0,ok
1447,s,0.6974519632414369,0.6974519632414369,0.0,ok
1447,t,0.6429824561403509,0.6429824561403509,0.0,ok
1447,u,0.6910609857978278,0.6910609857978278,0.0,ok
1447,v,0.704469507101086,0.704469507101086,0.0,ok
1447,z,0.6998329156223895,0.6998329156223895,0.0,ok
1449,a,0.70632579482137,0.70632579482137,0.0,ok
1449,aa,0.6043920026220911,0.6043920026220911,0.0,ok
1449,ab,0.698377581120944,0.698377581120944,0.0,ok
1449,ac,0.7344313339888562,0.7344313339888562,0.0,ok
1449,ad,0.5794001966568338,0.5794001966568338,0.0,ok
1449,ae,0.7100131104555885,0.7100131104555885,0.0,ok
1449,af,0.7146837102589316,0.7146837102589316,0.0,ok
1449,ag,0.7411504424778761,0.7411504424778761,0.0,ok
1449,ah,0.40126188135037694,0.40126188135037694,0.0,ok
1449,ai,0.7312356604392003,0.7312356604392003,0.0,ok
1449,aj,0.7361520812848246,0.7361520812848246,0.0,ok
1449,ak,0.771222549983612,0.771222549983612,0.0,ok
1449,al,0.6386430678466077,0.6386430678466077,0.0,ok
1449,am,0.7361520812848246,0.7361520812848246,0.0,ok
1449,an,0.5456407735168797,0.5456407735168797,0.0,ok
1449,ao,0.7393477548344805,0.7393477548344805,0.0,ok
1449,b,0.7041134054408391,0.7041134054408391,0.0,ok
1449,c,0.7652409046214356,0.7652409046214356,0.0,ok
1449,d,0.509013438216978,0.509013438216978,0.0,ok
1449,e,0.6937069813176007,0.6937069813176007,0.0,ok
1449,f,0.7164044575549,0.7164044575549,0.0,ok
1449,g,0.695018026876434,0.695018026876434,0.0,ok
1449,h,0.38790560471976404,0.38790560471976404,0.0,ok
1449,i,0.7009177318911832,0.7009177318911832,0.0,ok
1449,j,0.6095542445099967,0.6095542445099967,0.0,ok
1449,k,0.7329564077351687,0.7329564077351687,0.0,ok
1449,l,0.44296951819075714,0.44296951819075714,0.0,ok
1449,m,0.737708947885939,0.737708947885939,0.0,ok
1449,n,0.5758767617174696,0.5758767617174696,0.0,ok
1449,o,0.4992625368731563,0.4992625368731563,0.0,ok
1449,p,0.7431170108161258,0.7431170108161258,0.0,ok
1449,r,0.4816453621763356,0.4816453621763356,0.0,ok
1449,s,0.7602425434283842,0.7602425434283842,0.0,ok
1449,t,0.6105375286791216,0.6105375286791216,0.0,ok
1449,u,0.698377581120944,0.698377581120944,0.0,ok
1449,v,0.7335299901671583,0.7335299901671583,0.0,ok
1449,z,0.7314814814814815,0.7314814814814815,0.0,ok
1451,a,0.8283779655839527,0.8283779655839527,0.0,ok
1451,aa,0.6076901537521637,0.6076901537521637,0.0,ok
1451,ab,0.7072599531615925,0.7072599531615925,0.0,ok
1451,ac,0.7450870583443641,0.7450870583443641,0.0,ok
1451,ad,0.6019499032685063,0.6019499032685063,0.0,ok
1451,ae,0.617872416250891,0.617872416250891,0.0,ok
1451,af,0.6234726606251909,0.6234726606251909,0.0,ok
1451,ag,0.6517411668872823,0.6517411668872823,0.0,ok
1451,ah,0.7773393748090824,0.7773393748090824,0.0,ok
1451,ai,0.7342938600957133,0.7342938600957133,0.0,ok
1451,aj,0.7408486915792689,0.7408486915792689,0.0,ok
1451,ak,0.7914927196823134,0.7914927196823134,0.0,ok
1451,al,0.7207132674880359,0.7207132674880359,0.0,ok
1451,am,0.8078988901333876,0.8078988901333876,0.0,ok
1451,an,0.7179767844415028,0.7179767844415028,0.0,ok
1451,ao,0.7639242439670095,0.7639242439670095,0.0,ok
1451,b,0.6353859077487017,0.6353859077487017,0.0,ok
1451,c,0.6810660828836167,0.6810660828836167,0.0,ok
1451,d,0.6920883820384889,0.6920883820384889,0.0,ok
1451,e,0.7477344465940332,0.7477344465940332,0.0,ok
1451,f,0.6239181346095102,0.6239181346095102,0.0,ok
1451,g,0.6425771306384278,0.6425771306384278,0.0,ok
1451,h,0.7431651562977293,0.7431651562977293,0.0,ok
1451,i,0.618686997250789,0.618686997250789,0.0,ok
1451,j,0.551064046431117,0.551064046431117,0.0,ok
1451,k,0.6698274106506465,0.6698274106506465,0.0,ok
1451,l,0.5296431116994196,0.5296431116994196,0.0,ok
1451,m,0.6532303227777212,0.6532303227777212,0.0,ok
1451,n,0.5409454230730069,0.5409454230730069,0.0,ok
1451,o,0.49670349251603707,0.49670349251603707,0.0,ok
1451,p,0.7533474187964566,0.7533474187964566,0.0,ok
1451,r,0.5764051522248244,0.5764051522248244,0.0,ok
1451,s,0.7988366765095204,0.7988366765095204,0.0,ok
1451,t,0.6136340494857957,0.6136340494857957,0.0,ok
1451,u,0.7072599531615925,0.7072599531615925,0.0,ok
1451,v,0.743776092047653,0.743776092047653,0.0,ok
1451,z,0.7377812850015273,0.7377812850015273,0.0,ok
1453,a,0.8060532438549564,0.8060532438549564,0.0,ok
1453,aa,0.5984829299947769,0.5984829299947769,0.0,ok
1453,ab,0.7021414665801429,0.7021414665801429,0.0,ok
1453,ac,0.7460193729127428,0.7460193729127428,0.0,ok
1453,ad,0.6118374194773746,0.6118374194773746,0.0,ok
1453,ae,0.6434450230290751,0.6434450230290751,0.0,ok
1453,af,0.6400816701223468,0.6400816701223468,0.0,ok
1453,ag,0.6770152419239961,0.6770152419239961,0.0,ok
1453,ah,0.703811272376189,0.703811272376189,0.0,ok
1453,ai,0.7432970355011792,0.7432970355011792,0.0,ok
1453,aj,0.7391185641252909,0.7391185641252909,0.0,ok
1453,ak,0.7804878048780489,0.7804878048780489,0.0,ok
1453,al,0.6422777417261519,0.6422777417261519,0.0,ok
1453,am,0.7739945553251768,0.7739945553251768,0.0,ok
1453,an,0.7472539212738006,0.7472539212738006,0.0,ok
1453,ao,0.7279205773887719,0.7279205773887719,0.0,ok
1453,b,0.642412275842421,0.642412275842421,0.0,ok
1453,c,0.6608909324005635,0.6608909324005635,0.0,ok
1453,d,0.7452596508443994,0.7452596508443994,0.0,ok
1453,e,0.7347501622323167,0.7347501622323167,0.0,ok
1453,f,0.6378143745746347,0.6378143745746347,0.0,ok
1453,g,0.6419295357781611,0.6419295357781611,0.0,ok
1453,h,0.6522174387869771,0.6522174387869771,0.0,ok
1453,i,0.627190136275146,0.627190136275146,0.0,ok
1453,j,0.5680149095455912,0.5680149095455912,0.0,ok
1453,k,0.6328128709580412,0.6328128709580412,0.0,ok
1453,l,0.5063824567512385,0.5063824567512385,0.0,ok
1453,m,0.6736598027888131,0.6736598027888131,0.0,ok
1453,n,0.5179998733796553,0.5179998733796553,0.0,ok
1453,o,0.49250565834665483,0.49250565834665483,0.0,ok
1453,p,0.6962180085785284,0.6962180085785284,0.0,ok
1453,r,0.5659138032003291,0.5659138032003291,0.0,ok
1453,s,0.7930509172061221,0.7930509172061221,0.0,ok
1453,t,0.5936555293521787,0.5936555293521787,0.0,ok
1453,u,0.7021414665801429,0.7021414665801429,0.0,ok
1453,v,0.7452556939586268,0.7452556939586268,0.0,ok
1453,z,0.7413819027872303,0.7413819027872303,0.0,ok
1467,V1,0.5429501848266151,0.5429501848266151,0.0,ok
1467,V10,0.44345185706741774,0.44345185706741774,0.0,ok
1467,V11,0.549771167048055,0.549771167048055,0.0,ok
1467,V12,0.452869213166696,0.452869213166696,0.0,ok
1467,V13,0.47788681570146097,0.47788681570146097,0.0,ok
1467,V14,0.547482837528604,0.547482837528604,0.0,ok
1467,V15,0.6985565921492695,0.6985565921492695,0.0,ok
1467,V16,0.689469283576835,0.689469283576835,0.0,ok
1467,V17,0.5292202077099103,0.5292202077099103,0.0,ok
1467,V18,0.579827495159303,0.579827495159303,0.0,ok
1467,V19,0.5576042950184826,0.5576042950184826,0.0,ok
1467,V2,0.39108431614152434,0.39108431614152434,0.0,ok
1467,V20,0.4669072346417884,0.4669072346417884,0.0,ok
1467,V3,0.8100246435486711,0.8100246435486711,0.0,ok
1467,V4,0.8100246435486711,0.8100246435486711,0.0,ok
1467,V5,0.4047262805844042,0.4047262805844042,0.0,ok
1467,V6,0.5743046998767822,0.5743046998767822,0.0,ok
1467,V7,0.5562400985741948,0.5562400985741948,0.0,ok
1467,V8,0.3983233585636332,0.3983233585636332,0.0,ok
1467,V9,0.5152922020770991,0.5152922020770991,0.0,ok
1480,V1,0.582551243666513,0.582551243666513,0.0,ok
1480,V10,0.617241478581299,0.617241478581299,0.0,ok
1480,V2,0.5405271188392445,0.5405271188392445,0.0,ok
1480,V3,0.6944740327038231,0.6944740327038231,0.0,ok
1480,V4,0.6859454168585906,0.6859454168585906,0.0,ok
1480,V5,0.6752936434822663,0.6752936434822663,0.0,ok
1480,V6,0.6851753224320589,0.6851753224320589,0.0,ok
1480,V7,0.6973241017964071,0.6973241017964071,0.0,ok
1480,V8,0.520195186549977,0.520195186549977,0.0,ok
1480,V9,0.6056180907415938,0.6056180907415938,0.0,ok
1489,V1,0.6501250630021593,0.6501250630021593,0.0,ok
1489,V2,0.646343860006064,0.646343860006064,0.0,ok
1489,V3,0.7035945745810149,0.7035945745810149,0.0,ok
1489,V4,0.7058458077058495,0.7058458077058495,0.0,ok
1489,V5,0.5317453266104607,0.5317453266104607,0.0,ok
1494,V1,0.7663777306264165,0.7663777306264165,0.0,ok
1494,V10,0.6285102313095754,0.6285102313095754,0.0,ok
1494,V11,0.6529472279821896,0.6529472279821896,0.0,ok
1494,V12,0.6150278889585442,0.6150278889585442,0.0,ok
1494,V13,0.7132279661153172,0.7132279661153172,0.0,ok
1494,V14,0.6671328221697127,0.6671328221697127,0.0,ok
1494,V15,0.7292661265692562,0.7292661265692562,0.0,ok
1494,V16,0.5421147385510601,0.5421147385510601,0.0,ok
1494,V17,0.5266934304222726,0.5266934304222726,0.0,ok
1494,V18,0.6589389336291009,0.6589389336291009,0.0,ok
1494,V19,0.50285922103808,0.50285922103808,0.0,ok
1494,V2,0.5270952886145537,0.5270952886145537,0.0,ok
1494,V20,0.5373748211731044,0.5373748211731044,0.0,ok
1494,V21,0.5150073941907379,0.5150073941907379,0.0,ok
1494,V22,0.7603659320698912,0.7603659320698912,0.0,ok
1494,V23,0.6963539406214334,0.6963539406214334,0.0,ok
1494,V24,0.5218711321148993,0.5218711321148993,0.0,ok
1494,V25,0.5830239025252768,0.5830239025252768,0.0,ok
1494,V26,0.5111817042002218,0.5111817042002218,0.0,ok
1494,V27,0.7639243863625402,0.7639243863625402,0.0,ok
1494,V28,0.4780866727749111,0.4780866727749111,0.0,ok
1494,V29,0.5162792753693077,0.5162792753693077,0.0,ok
1494,V3,0.6659875263217117,0.6659875263217117,0.0,ok
1494,V30,0.564345533748051,0.564345533748051,0.0,ok
1494,V31,0.5751032775554162,0.5751032775554162,0.0,ok
1494,V32,0.5241818167205157,0.5241818167205157,0.0,ok
1494,V33,0.6845533748050987,0.6845533748050987,0.0,ok
1494,V34,0.6498549291925866,0.6498549291925866,0.0,ok
1494,V35,0.48683110703894816,0.48683110703894816,0.0,ok
1494,V36,0.7982571410200768,0.7982571410200768,0.0,ok
1494,V37,0.5811753548407839,0.5811753548407839,0.0,ok
1494,V38,0.65727925929498,0.65727925929498,0.0,ok
1494,V39,0.7737156612174696,0.7737156612174696,0.0,ok
1494,V4,0.5195122245262092,0.5195122245262092,0.0,ok
1494,V40,0.5238100978926555,0.5238100978926555,0.0,ok
1494,V41,0.6277728215267396,0.6277728215267396,0.0,ok
1494,V5,0.6465295526514603,0.6465295526514603,0.0,ok
1494,V6,0.582053414990918,0.582053414990918,0.0,ok
1494,V7,0.7007141020076835,0.7007141020076835,0.0,ok
1494,V8,0.6273106846056162,0.6273106846056162,0.0,ok
1494,V9,0.5286022568356079,0.5286022568356079,0.0,ok
1495,V1,0.47657015881314957,0.47657015881314957,0.0,ok
1495,V2,0.5487549833344225,0.5487549833344225,0.0,ok
1495,V3,0.5389517025031044,0.5389517025031044,0.0,ok
1495,V4,0.5846676687798182,0.5846676687798182,0.0,ok
1495,V5,0.6411999215737534,0.6411999215737534,0.0,ok
1495,V6,0.5800928043918699,0.5800928043918699,0.0,ok
1496,V1,0.5848310037239464,0.5848310037239464,0.0,ok
1496,V10,0.5887862357166902,0.5887862357166902,0.0,ok
1496,V11,0.5798815578158458,0.5798815578158458,0.0,ok
1496,V12,0.5816990417792657,0.5816990417792657,0.0,ok
1496,V13,0.5880573865867799,0.5880573865867799,0.0,ok
1496,V14,0.5866209102045015,0.5866209102045015,0.0,ok
1496,V15,0.5856563557806496,0.5856563557806496,0.0,ok
1496,V16,0.5784759462984954,0.5784759462984954,0.0,ok
1496,V17,0.567473151585424,0.567473151585424,0.0,ok
1496,V18,0.5878301189068009,0.5878301189068009,0.0,ok
1496,V19,0.5931684255865274,0.5931684255865274,0.0,ok
1496,V2,0.5756987294049166,0.5756987294049166,0.0,ok
1496,V20,0.5822512489129723,0.5822512489129723,0.0,ok
1496,V3,0.5829610312269152,0.5829610312269152,0.0,ok
1496,V4,0.5778928377733933,0.5778928377733933,0.0,ok
1496,V5,0.5808716807668571,0.5808716807668571,0.0,ok
1496,V6,0.5789135333775937,0.5789135333775937,0.0,ok
1496,V7,0.5793124389277465,0.5793124389277465,0.0,ok
1496,V8,0.5849474866283908,0.5849474866283908,0.0,ok
1496,V9,0.5912990009865069,0.5912990009865069,0.0,ok
1498,V1,0.6048220198675497,0.6048220198675497,0.0,ok
1498,V2,0.6954366721854304,0.6954366721854304,0.0,ok
1498,V3,0.6641349337748343,0.6641349337748343,0.0,ok
1498,V4,0.6482098509933774,0.6482098509933774,0.0,ok
1498,V5,0.6373240894039736,0.6373240894039736,0.0,ok
1498,V6,0.5551324503311258,0.5551324503311258,0.0,ok
1498,V7,0.5653042218543047,0.5653042218543047,0.0,ok
1498,V8,0.5348923841059603,0.5348923841059603,0.0,ok
1498,V9,0.7230132450331126,0.7230132450331126,0.0,ok
1504,V1,0.6050870437468654,0.6050870437468654,0.0,ok
1504,V10,0.48640673850783495,0.48640673850783495,0.0,ok
1504,V11,0.5617532494925962,0.5617532494925962,0.0,ok
1504,V12,0.49387541541475855,0.49387541541475855,0.0,ok
1504,V13,0.4827301128240703,0.4827301128240703,0.0,ok
1504,V14,0.6403398784106196,0.6403398784106196,0.0,ok
1504,V15,0.5658628674282018,0.5658628674282018,0.0,ok
1504,V16,0.5304278127504793,0.5304278127504793,0.0,ok
1504,V17,0.552873685789417,0.552873685789417,0.0,ok
1504,V18,0.5427642834710628,0.5427642834710628,0.0,ok
1504,V19,0.5446620668319733,0.5446620668319733,0.0,ok
1504,V2,0.5770351221752967,0.5770351221752967,0.0,ok
1504,V20,0.5092563079764321,0.5092563079764321,0.0,ok
1504,V21,0.5158062678997474,0.5158062678997474,0.0,ok
1504,V22,0.587150969574531,0.587150969574531,0.0,ok
1504,V23,0.5362535799494705,0.5362535799494705,0.0,ok
1504,V24,0.5934109008582504,0.5934109008582504,0.0,ok
1504,V25,0.5327310502903801,0.5327310502903801,0.0,ok
1504,V26,0.5393812019255558,0.5393812019255558,0.0,ok
1504,V27,0.5664077697207757,0.5664077697207757,0.0,ok
1504,V28,0.5579401052774666,0.5579401052774666,0.0,ok
1504,V29,0.5676305773386269,0.5676305773386269,0.0,ok
1504,V3,0.6014578772950347,0.6014578772950347,0.0,ok
1504,V30,0.647717738268781,0.647717738268781,0.0,ok
1504,V31,0.524633685039444,0.524633685039444,0.0,ok
1504,V32,0.5195742965487178,0.5195742965487178,0.0,ok
1504,V33,0.6481261220299896,0.6481261220299896,0.0,ok
1504,V4,0.6014672519581328,0.6014672519581328,0.0,ok
1504,V5,0.5871503836580874,0.5871503836580874,0.0,ok
1504,V6,0.5554991773733132,0.5554991773733132,0.0,ok
1504,V7,0.5726782475004805,0.5726782475004805,0.0,ok
1504,V8,0.5835352792009038,0.5835352792009038,0.0,ok
1504,V9,0.6352347884372905,0.6352347884372905,0.0,ok
1506,V1,0.4573392857142857,0.4573392857142857,0.0,ok
1506,V10,0.6045,0.6045,0.0,ok
1506,V11,0.5402857142857143,0.5402857142857143,0.0,ok
1506,V12,0.501,0.501,0.0,ok
1506,V13,0.49128571428571427,0.49128571428571427,0.0,ok
1506,V14,0.5460892857142857,0.5460892857142857,0.0,ok
1506,V15,0.501,0.501,0.0,ok
1506,V16,0.5250357142857143,0.5250357142857143,0.0,ok
1506,V2,0.5343928571428571,0.5343928571428571,0.0,ok
1506,V3,0.5550714285714287,0.5550714285714287,0.0,ok
1506,V4,0.5405,0.5405,0.0,ok
1506,V5,0.5191071428571429,0.5191071428571429,0.0,ok
1506,V6,0.5251607142857143,0.5251607142857143,0.0,ok
1506,V7,0.5149107142857143,0.5149107142857143,0.0,ok
1506,V8,0.5511964285714286,0.5511964285714286,0.0,ok
1506,V9,0.5570178571428572,0.5570178571428572,0.0,ok
1507,V1,0.7454705777381446,0.7454705777381446,0.0,ok
1507,V10,0.7314861638696475,0.7314861638696475,0.0,ok
1507,V11,0.7418126498403103,0.7418126498403103,0.0,ok
1507,V12,0.7272857958781711,0.7272857958781711,0.0,ok
1507,V13,0.7404480032163643,0.7404480032163643,0.0,ok
1507,V14,0.7394995730822613,0.7394995730822613,0.0,ok
1507,V15,0.7334383565336164,0.7334383565336164,0.0,ok
1507,V16,0.7380041739983613,0.7380041739983613,0.0,ok
1507,V17,0.7447677284813409,0.7447677284813409,0.0,ok
1507,V18,0.7302993844188794,0.7302993844188794,0.0,ok
1507,V19,0.7353507025680294,0.7353507025680294,0.0,ok
1507,V2,0.7312936874830669,0.7312936874830669,0.0,ok
1507,V20,0.7336260484028075,0.7336260484028075,0.0,ok
1507,V3,0.7251149763356308,0.7251149763356308,0.0,ok
1507,V4,0.7452990290497635,0.7452990290497635,0.0,ok
1507,V5,0.7344148363574527,0.7344148363574527,0.0,ok
1507,V6,0.731637697935667,0.731637697935667,0.0,ok
1507,V7,0.7347955889817605,0.7347955889817605,0.0,ok
1507,V8,0.7314685962905307,0.7314685962905307,0.0,ok
1507,V9,0.7448462530033803,0.7448462530033803,0.0,ok
1510,V1,0.9363141483008297,0.9363141483008297,0.0,ok
1510,V10,0.44030442365625494,0.44030442365625494,0.0,ok
1510,V11,0.8680500502087627,0.8680500502087627,0.0,ok
1510,V12,0.5116933565879181,0.5116933565879181,0.0,ok
1510,V13,0.8759777495904022,0.8759777495904022,0.0,ok
1510,V14,0.9254664129802865,0.9254664129802865,0.0,ok
1510,V15,0.5309840917499075,0.5309840917499075,0.0,ok
1510,V16,0.7265670419111041,0.7265670419111041,0.0,ok
1510,V17,0.7801516833148354,0.7801516833148354,0.0,ok
1510,V18,0.7915279319274879,0.7915279319274879,0.0,ok
1510,V19,0.5547671898948259,0.5547671898948259,0.0,ok
1510,V2,0.7756857459965119,0.7756857459965119,0.0,ok
1510,V20,0.6200782199672321,0.6200782199672321,0.0,ok
1510,V21,0.9688309285978544,0.9688309285978544,0.0,ok
1510,V22,0.7849545478568785,0.7849545478568785,0.0,ok
1510,V23,0.973316685164632,0.973316685164632,0.0,ok
1510,V24,0.9687450451878865,0.9687450451878865,0.0,ok
1510,V25,0.7536863802124624,0.7536863802124624,0.0,ok
1510,V26,0.8615625495481212,0.8615625495481212,0.0,ok
1510,V27,0.9201614608107394,0.9201614608107394,0.0,ok
1510,V28,0.9658778605781936,0.9658778605781936,0.0,ok
1510,V29,0.7372958617409229,0.7372958617409229,0.0,ok
1510,V3,0.945246022937477,0.945246022937477,0.0,ok
1510,V30,0.6858649120025369,0.6858649120025369,0.0,ok
1510,V4,0.9372456529781723,0.9372456529781723,0.0,ok
1510,V5,0.7207864277786586,0.7207864277786586,0.0,ok
1510,V6,0.8629895354368162,0.8629895354368162,0.0,ok
1510,V7,0.9373117171396861,0.9373117171396861,0.0,ok
1510,V8,0.9635986470059723,0.9635986470059723,0.0,ok
1510,V9,0.6984171026901327,0.6984171026901327,0.0,ok
1511,Region,0.5250023631723225,0.5250023631723225,0.0,ok
1511,V1,0.5250023631723225,0.5250023631723225,0.0,ok
1511,V2,0.6098993288590604,0.6098993288590604,0.0,ok
1511,V3,0.8782375460818602,0.8782375460818602,0.0,ok
1511,V4,0.9368442196804991,0.9368442196804991,0.0,ok
1511,V5,0.6451933074959826,0.6451933074959826,0.0,ok
1511,V6,0.9599324132715757,0.9599324132715757,0.0,ok
1511,V7,0.6013328291899045,0.6013328291899045,0.0,ok
1524,V1,0.7224285714285714,0.7224285714285714,0.0,ok
1524,V2,0.6974761904761905,0.6974761904761905,0.0,ok
1524,V3,0.6925238095238095,0.6925238095238095,0.0,ok
1524,V4,0.6341428571428571,0.6341428571428571,0.0,ok
1524,V5,0.721095238095238,0.721095238095238,0.0,ok
1524,V6,0.8657857142857144,0.8657857142857144,0.0,ok
1547,V1,0.4914000177158072,0.4914000177158072,0.0,ok
1547,V10,0.4762399762399762,0.4762399762399762,0.0,ok
1547,V11,0.5120233014969857,0.5120233014969857,0.0,ok
1547,V12,0.5137193295088032,0.5137193295088032,0.0,ok
1547,V13,0.49372912530807267,0.49372912530807267,0.0,ok
1547,V14,0.5468895732053627,0.5468895732053627,0.0,ok
1547,V15,0.5064115590431381,0.5064115590431381,0.0,ok
1547,V16,0.587458771669298,0.587458771669298,0.0,ok
1547,V17,0.5504405504405504,0.5504405504405504,0.0,ok
1547,V18,0.5231347599768652,0.5231347599768652,0.0,ok
1547,V19,0.5663587242534611,0.5663587242534611,0.0,ok
1547,V2,0.5718323876218613,0.5718323876218613,0.0,ok
1547,V20,0.5059217690796638,0.5059217690796638,0.0,ok
1547,V3,0.4766437924332661,0.4766437924332661,0.0,ok
1547,V4,0.56682767209083,0.56682767209083,0.0,ok
1547,V5,0.477469661680188,0.477469661680188,0.0,ok
1547,V6,0.5387090387090387,0.5387090387090387,0.0,ok
1547,V7,0.5190470979944665,0.5190470979944665,0.0,ok
1547,V8,0.52366623419255,0.52366623419255,0.0,ok
1547,V9,0.5189376768324137,0.5189376768324137,0.0,ok
1558,V1,0.5139558541266794,0.5139558541266794,0.0,ok
1558,V10,0.5112627159309021,0.5112627159309021,0.0,ok
1558,V11,0.5277096928982725,0.5277096928982725,0.0,ok
1558,V12,0.815057821497121,0.815057821497121,0.0,ok
1558,V13,0.5531101247600768,0.5531101247600768,0.0,ok
1558,V14,0.5930623800383877,0.5930623800383877,0.0,ok
1558,V15,0.6047365642994242,0.6047365642994242,0.0,ok
1558,V16,0.5858510076775432,0.5858510076775432,0.0,ok
1558,V2,0.5261312380038389,0.5261312380038389,0.0,ok
1558,V3,0.5101609884836852,0.5101609884836852,0.0,ok
1558,V4,0.5375765355086373,0.5375765355086373,0.0,ok
1558,V5,0.49805614203454884,0.49805614203454884,0.0,ok
1558,V6,0.5719505758157389,0.5719505758157389,0.0,ok
1558,V7,0.5757365642994242,0.5757365642994242,0.0,ok
1558,V8,0.5397787907869481,0.5397787907869481,0.0,ok
1558,V9,0.5950014395393475,0.5950014395393475,0.0,ok
1600,F10R,0.5657804459691252,0.5657804459691252,0.0,ok
1600,F10S,0.598713550600343,0.598713550600343,0.0,ok
1600,F11R,0.45120068610634645,0.45120068610634645,0.0,ok
1600,F11S,0.632590051457976,0.632590051457976,0.0,ok
1600,F12R,0.615008576329331,0.615008576329331,0.0,ok
1600,F12S,0.6823756432246999,0.6823756432246999,0.0,ok
1600,F13R,0.7023584905660377,0.7023584905660377,0.0,ok
1600,F13S,0.745197255574614,0.745197255574614,0.0,ok
1600,F14R,0.4271440823327616,0.4271440823327616,0.0,ok
1600,F14S,0.5696397941680961,0.5696397941680961,0.0,ok
1600,F15R,0.6838336192109777,0.6838336192109777,0.0,ok
1600,F15S,0.7418096054888508,0.7418096054888508,0.0,ok
1600,F16R,0.6089622641509433,0.6089622641509433,0.0,ok
1600,F16S,0.7089193825042881,0.7089193825042881,0.0,ok
1600,F17R,0.633876500857633,0.633876500857633,0.0,ok
1600,F17S,0.6812607204116637,0.6812607204116637,0.0,ok
1600,F18R,0.557204116638079,0.557204116638079,0.0,ok
1600,F18S,0.6080188679245282,0.6080188679245282,0.0,ok
1600,F19R,0.4371783876500858,0.4371783876500858,0.0,ok
1600,F19S,0.5946397941680961,0.5946397941680961,0.0,ok
1600,F1R,0.5323756432246998,0.5323756432246998,0.0,ok
1600,F1S,0.6055746140651801,0.6055746140651801,0.0,ok
1600,F20R,0.7093481989708404,0.7093481989708404,0.0,ok
1600,F20S,0.7919811320754716,0.7919811320754716,0.0,ok
1600,F21R,0.7049313893653516,0.7049313893653516,0.0,ok
1600,F21S,0.7634648370497427,0.7634648370497427,0.0,ok
1600,F22R,0.7469125214408233,0.7469125214408233,0.0,ok
1600,F22S,0.7288593481989708,0.7288593481989708,0.0,ok
1600,F2R,0.6029588336192109,0.6029588336192109,0.0,ok
1600,F2S,0.6482418524871355,0.6482418524871355,0.0,ok
1600,F3R,0.6323756432246999,0.6323756432246999,0.0,ok
1600,F3S,0.7456689536878216,0.7456689536878216,0.0,ok
1600,F4R,0.5574614065180103,0.5574614065180103,0.0,ok
1600,F4S,0.6132933104631219,0.6132933104631219,0.0,ok
1600,F5R,0.4792881646655232,0.4792881646655232,0.0,ok
1600,F5S,0.6034305317324186,0.6034305317324186,0.0,ok
1600,F6R,0.41299313893653516,0.41299313893653516,0.0,ok
1600,F6S,0.5698542024013722,0.5698542024013722,0.0,ok
1600,F7R,0.5921955403087478,0.5921955403087478,0.0,ok
1600,F7S,0.7009862778730703,0.7009862778730703,0.0,ok
1600,F8R,0.6745711835334477,0.6745711835334477,0.0,ok
1600,F8S,0.6732847341337908,0.6732847341337908,0.0,ok
1600,F9R,0.4403945111492281,0.4403945111492281,0.0,ok
1600,F9S,0.40849056603773587,0.40849056603773587,0.0,ok
4329,AGE,0.5250357142857143,0.5250357142857143,0.0,ok
4329,DGN,0.45733928571428567,0.45733928571428567,0.0,ok
4329,PRE10,0.5511964285714285,0.5511964285714285,0.0,ok
4329,PRE11,0.5570178571428571,0.5570178571428571,0.0,ok
4329,PRE14,0.6045,0.6045,0.0,ok
4329,PRE17,0.5402857142857143,0.5402857142857143,0.0,ok
4329,PRE19,0.5010000000000001,0.5010000000000001,0.0,ok
4329,PRE25,0.49128571428571427,0.49128571428571427,0.0,ok
4329,PRE30,0.5460892857142858,0.5460892857142858,0.0,ok
4329,PRE32,0.5010000000000001,0.5010000000000001,0.0,ok
4329,PRE4,0.5343928571428571,0.5343928571428571,0.0,ok
4329,PRE5,0.5550714285714285,0.5550714285714285,0.0,ok
4329,PRE6,0.5405,0.5405,0.0,ok
4329,PRE7,0.5191071428571428,0.5191071428571428,0.0,ok
4329,PRE8,0.5251607142857143,0.5251607142857143,0.0,ok
4329,PRE9,0.5149107142857143,0.5149107142857143,0.0,ok
6332,ESA_Amperage,0.5013424988753936,0.5013424988753936,0.0,ok
6332,ESA_Voltage,0.5678418803418803,0.5678418803418803,0.0,ok
6332,anode_space_ratio,0.43889170040485836,0.43889170040485836,0.0,ok
6332,blade_mfg,0.49938849527665313,0.49938849527665313,0.0,ok
6332,blade_pressure,0.46353463787674315,0.46353463787674315,0.0,ok
6332,caliper,0.515625,0.515625,0.0,ok
6332,chrome_content,0.5323394624381467,0.5323394624381467,0.0,ok
6332,current_density,0.5605178812415655,0.5605178812415655,0.0,ok
6332,customer,0.446426563202879,0.446426563202879,0.0,ok
6332,cylinder_division,0.5,0.5,0.0,ok
6332,cylinder_size,0.46824392712550605,0.46824392712550605,0.0,ok
6332,direct_steam,0.4982568600989654,0.4982568600989654,0.0,ok
6332,grain_screened,0.5373931623931624,0.5373931623931624,0.0,ok
6332,hardener,0.5590066914080072,0.5590066914080072,0.0,ok
6332,humifity,0.5579945456590193,0.5579945456590193,0.0,ok
6332,ink_color,0.5,0.5,0.0,ok
6332,ink_pct,0.5623313090418353,0.5623313090418353,0.0,ok
6332,ink_temperature,0.4549313990103464,0.4549313990103464,0.0,ok
6332,ink_type,0.5975877192982455,0.5975877192982455,0.0,ok
6332,job_number,0.4523377755285651,0.4523377755285651,0.0,ok
6332,paper_mill_location,0.5881410256410257,0.5881410256410257,0.0,ok
6332,paper_type,0.5536437246963564,0.5536437246963564,0.0,ok
6332,plating_tank,0.498917566351777,0.498917566351777,0.0,ok
6332,press,0.5426788124156545,0.5426788124156545,0.0,ok
6332,press_speed,0.5964631129104814,0.5964631129104814,0.0,ok
6332,press_type,0.5824969073324336,0.5824969073324336,0.0,ok
6332,proof_cut,0.5347362798020693,0.5347362798020693,0.0,ok
6332,proof_on_ctd_ink,0.5164333108412057,0.5164333108412057,0.0,ok
6332,roller_durometer,0.5801563202878992,0.5801563202878992,0.0,ok
6332,roughness,0.5599907219973008,0.5599907219973008,0.0,ok
6332,solvent_pct,0.5014268443544758,0.5014268443544758,0.0,ok
6332,solvent_type,0.4968159581646424,0.4968159581646424,0.0,ok
6332,type_on_cylinder,0.5414206590193432,0.5414206590193432,0.0,ok
6332,unit_number,0.5490890688259109,0.5490890688259109,0.0,ok
6332,varnish_pct,0.5467695681511471,0.5467695681511471,0.0,ok
6332,viscosity,0.5346308479532164,0.5346308479532164,0.0,ok
6332,wax,0.4160762483130905,0.4160762483130905,0.0,ok
23381,V10,0.5245073891625616,0.5245073891625616,0.0,ok
23381,V13,0.5248850574712643,0.5248850574712643,0.0,ok
23381,V2,0.5594581280788179,0.5594581280788179,0.0,ok
23381,V3,0.5711001642036124,0.5711001642036124,0.0,ok
23381,V4,0.5404926108374384,0.5404926108374384,0.0,ok
23381,V5,0.49813628899835793,0.49813628899835793,0.0,ok
23381,V6,0.5250574712643679,0.5250574712643679,0.0,ok
23381,V7,0.4768555008210181,0.4768555008210181,0.0,ok
23381,V8,0.478456486042693,0.478456486042693,0.0,ok
23381,V9,0.524384236453202,0.524384236453202,0.0,ok
23499,age,0.5567523305618544,0.5567523305618544,0.0,ok
23499,breast,0.4783320735701688,0.4783320735701688,0.0,ok
23499,breast-quad,0.5207860922146635,0.5207860922146635,0.0,ok
23499,deg-malig,0.6785399344923154,0.6785399344923154,0.0,ok
23499,inv-nodes,0.6214096749811036,0.6214096749811036,0.0,ok
23499,irradiat,0.6264487276392039,0.6264487276392039,0.0,ok
23499,menopause,0.531084656084656,0.531084656084656,0.0,ok
23499,node-caps,0.6041509196271101,0.6041509196271101,0.0,ok
23499,tumor-size,0.6003716301335349,0.6003716301335349,0.0,ok
40648,N0,0.52704140625,0.52704140625,0.0,ok
40648,N1,0.48315234375,0.48315234375,0.0,ok
40648,N10,0.49078515625,0.49078515625,0.0,ok
40648,N11,0.49164218750000005,0.49164218750000005,0.0,ok
40648,N12,0.51135,0.51135,0.0,ok
40648,N13,0.49480859374999997,0.49480859374999997,0.0,ok
40648,N14,0.49365390624999994,0.49365390624999994,0.0,ok
40648,N15,0.51168359375,0.51168359375,0.0,ok
40648,N16,0.4890734375,0.4890734375,0.0,ok
40648,N2,0.50999375,0.50999375,0.0,ok
40648,N3,0.498203125,0.498203125,0.0,ok
40648,N4,0.49168828124999997,0.49168828124999997,0.0,ok
40648,N5,0.49379140625,0.49379140625,0.0,ok
40648,N6,0.5147195312499999,0.5147195312499999,0.0,ok
40648,N7,0.48916640624999996,0.48916640624999996,0.0,ok
40648,N8,0.5265703125000001,0.5265703125000001,0.0,ok
40648,N9,0.51847421875,0.51847421875,0.0,ok
40648,P1,0.5209070312499999,0.5209070312499999,0.0,ok
40648,P2,0.49744921875000003,0.49744921875000003,0.0,ok
40648,P3,0.5307398437499999,0.5307398437499999,0.0,ok
40680,Bit-0,0.4829148746947011,0.4829148746947011,0.0,ok
40680,Bit-1,0.49714280025485824,0.49714280025485824,0.0,ok
40680,Bit-2,0.6632121429329936,0.6632121429329936,0.0,ok
40680,Bit-3,0.6637115721567378,0.6637115721567378,0.0,ok
40680,Bit-4,0.6623178161834979,0.6623178161834979,0.0,ok
40680,Bit-5,0.6604661118190507,0.6604661118190507,0.0,ok
40680,Bit-6,0.6611165312732292,0.6611165312732292,0.0,ok
40680,Bit-7,0.6558899463735797,0.6558899463735797,0.0,ok
40680,Bit-8,0.6624787618137411,0.6624787618137411,0.0,ok
40680,Bit-9,0.5079543644472763,0.5079543644472763,0.0,ok
40690,F1,0.5399006317855609,0.5399006317855609,0.0,ok
40690,F2,0.5916549101392382,0.5916549101392382,0.0,ok
40690,F3,0.6559528921057474,0.6559528921057474,0.0,ok
40690,F4,0.6209056615346868,0.6209056615346868,0.0,ok
40690,F5,0.6232595227872171,0.6232595227872171,0.0,ok
40690,F6,0.6253066920198737,0.6253066920198737,0.0,ok
40690,F7,0.6409709869349199,0.6409709869349199,0.0,ok
40690,F8,0.5901827884438446,0.5901827884438446,0.0,ok
40690,F9,0.5442019873642888,0.5442019873642888,0.0,ok
40693,Attribute_1,0.607910906298003,0.607910906298003,0.0,ok
40693,Attribute_2,0.6009006688229289,0.6009006688229289,0.0,ok
40693,Attribute_3,0.6143462995296295,0.6143462995296295,0.0,ok
40693,Attribute_4,0.5987587180734847,0.5987587180734847,0.0,ok
40693,Attribute_5,0.6091369226512484,0.6091369226512484,0.0,ok
40693,Attribute_6,0.6041207506845655,0.6041207506845655,0.0,ok
40693,Attribute_7,0.6069902014101574,0.6069902014101574,0.0,ok
40693,Attribute_8,0.604375971987673,0.604375971987673,0.0,ok
40693,Attribute_9,0.6001803245842516,0.6001803245842516,0.0,ok
40701,account_length,0.5167579800807275,0.5167579800807275,0.0,ok
40701,area_code,0.5019600342783604,0.5019600342783604,0.0,ok
40701,international_plan,0.6092225724519142,0.6092225724519142,0.0,ok
40701,number_customer_service_calls,0.6119291923202503,0.6119291923202503,0.0,ok
40701,number_vmail_messages,0.5661606292405221,0.5661606292405221,0.0,ok
40701,phone_number,0.5102139893534127,0.5102139893534127,0.0,ok
40701,state,0.490144147688204,0.490144147688204,0.0,ok
40701,total_day_calls,0.5160598270069595,0.5160598270069595,0.0,ok
40701,total_day_charge,0.6401768808207565,0.6401768808207565,0.0,ok
40701,total_day_minutes,0.6401768808207565,0.6401768808207565,0.0,ok
40701,total_eve_calls,0.4879976317487993,0.4879976317487993,0.0,ok
40701,total_eve_charge,0.569993716951809,0.569993716951809,0.0,ok
40701,total_eve_minutes,0.5700095316509788,0.5700095316509788,0.0,ok
40701,total_intl_calls,0.5520460102314514,0.5520460102314514,0.0,ok
40701,total_intl_charge,0.5476921906027081,0.5476921906027081,0.0,ok
40701,total_intl_minutes,0.5476921906027081,0.5476921906027081,0.0,ok
40701,total_night_calls,0.48369175042691454,0.48369175042691454,0.0,ok
40701,total_night_charge,0.5368153017757601,0.5368153017757601,0.0,ok
40701,total_night_minutes,0.5367751060820368,0.5367751060820368,0.0,ok
40701,voice_mail_plan,0.5672218614493975,0.5672218614493975,0.0,ok
40702,Activity,0.6131998657451145,0.6131998657451145,0.0,ok
40702,Area,0.5297971259509721,0.5297971259509721,0.0,ok
40702,Area_of_the_largest_spot,0.5,0.5,0.0,ok
40702,Evolution,0.5527323355377654,0.5527323355377654,0.0,ok
40702,Historically-complex,0.6113134602953607,0.6113134602953607,0.0,ok
40702,Previous_24_hour_code,0.5250578041867635,0.5250578041867635,0.0,ok
40702,become_complex,0.5524899308835961,0.5524899308835961,0.0,ok
40702,class_code,0.4616752026254289,0.4616752026254289,0.0,ok
40702,largest_spot_code,0.6518571925811745,0.6518571925811745,0.0,ok
40702,spot_dist_code,0.7129835662075481,0.7129835662075481,0.0,ok
40705,cpu_avg_busy,0.9632787673622571,0.9632787673622571,0.0,ok
40705,cpu_avg_idle,0.933804184857943,0.933804184857943,0.0,ok
40705,cpu_avg_sys,0.9662679516072756,0.9662679516072756,0.0,ok
40705,cpu_avg_user,0.9257371592377108,0.9257371592377108,0.0,ok
40705,cpu_avg_wait,0.5120392460089205,0.5120392460089205,0.0,ok
40705,cpu_avg_waste,0.9585026732925346,0.9585026732925346,0.0,ok
40705,cpu_frac_busy,0.6508382917330668,0.6508382917330668,0.0,ok
40705,cpu_max_busy,0.9433634451998604,0.9433634451998604,0.0,ok
40705,cpu_max_idle,0.9253811917132647,0.9253811917132647,0.0,ok
40705,cpu_max_sys,0.9502942036228537,0.9502942036228537,0.0,ok
40705,cpu_max_user,0.8609911456025046,0.8609911456025046,0.0,ok
40705,cpu_max_wait,0.5700902413035484,0.5700902413035484,0.0,ok
40705,cpu_max_waste,0.9438561419721072,0.9438561419721072,0.0,ok
40705,disk_avg_active,0.7225527822044527,0.7225527822044527,0.0,ok
40705,disk_avg_read,0.6679388773114314,0.6679388773114314,0.0,ok
40705,disk_avg_total,0.7717635244085282,0.7717635244085282,0.0,ok
40705,disk_avg_write,0.8260167469754548,0.8260167469754548,0.0,ok
40705,disk_frac_active,0.8498359249026394,0.8498359249026394,0.0,ok
40705,disk_frac_busy,0.7183471791341739,0.7183471791341739,0.0,ok
40705,disk_max_active,0.6660340974455203,0.6660340974455203,0.0,ok
40705,disk_max_read,0.5351464888872126,0.5351464888872126,0.0,ok
40705,disk_max_total,0.646488887212515,0.646488887212515,0.0,ok
40705,disk_max_write,0.6818970475912077,0.6818970475912077,0.0,ok
40705,io_bread,0.8078388292204547,0.8078388292204547,0.0,ok
40705,io_bwrite,0.9484153551660082,0.9484153551660082,0.0,ok
40705,io_dirblk,0.8544422861130233,0.8544422861130233,0.0,ok
40705,io_iget,0.8888296919348604,0.8888296919348604,0.0,ok
40705,io_lread,0.8443620401889693,0.8443620401889693,0.0,ok
40705,io_lwrite,0.500577563201916,0.500577563201916,0.0,ok
40705,io_namei,0.5,0.5,0.0,ok
40705,io_phread,0.8286735377042689,0.8286735377042689,0.0,ok
40705,io_phwrite,0.831224245395996,0.831224245395996,0.0,ok
40705,io_wcancel,0.9610345217776688,0.9610345217776688,0.0,ok
40705,mem_fault,0.5071476392988148,0.5071476392988148,0.0,ok
40705,mem_swap,0.8463398994804289,0.8463398994804289,0.0,ok
40705,mem_tlbflush,0.9343581740516176,0.9343581740516176,0.0,ok
40705,net_avg_read,0.6578067685692464,0.6578067685692464,0.0,ok
40705,net_avg_total,0.711456496525191,0.711456496525191,0.0,ok
40705,net_avg_write,0.7214730926269932,0.7214730926269932,0.0,ok
40705,net_frac_busy,0.5,0.5,0.0,ok
40705,net_max_read,0.685338852794463,0.685338852794463,0.0,ok
40705,net_max_total,0.5656630425557998,0.5656630425557998,0.0,ok
40705,net_max_write,0.7269092589274768,0.7269092589274768,0.0,ok
40705,syscall_total,0.838628841384643,0.838628841384643,0.0,ok
40710,Age,0.63620992534036,0.63620992534036,0.0,ok
40710,Chest_pain_type,0.48058849363197187,0.48058849363197187,0.0,ok
40710,Cholesterol,0.5696091348265261,0.5696091348265261,0.0,ok
40710,Exercise_induced_angina,0.6896135265700483,0.6896135265700483,0.0,ok
40710,Fasting_blood_sugar_&lt;_120,0.5149099692577954,0.5149099692577954,0.0,ok
40710,Max_heart_rate,0.7474308300395257,0.7474308300395257,0.0,ok
40710,Number_of_vessels_colored,0.7276460254721124,0.7276460254721124,0.0,ok
40710,Oldpeak,0.7413263065436979,0.7413263065436979,0.0,ok
40710,Resting_ecg,0.5879666227492314,0.5879666227492314,0.0,ok
40710,Sex,0.6260649978041283,0.6260649978041283,0.0,ok
40710,Slope,0.6893719806763283,0.6893719806763283,0.0,ok
40710,Thal,0.7068072024593764,0.7068072024593764,0.0,ok
40710,Trestbps,0.5679841897233201,0.5679841897233201,0.0,ok
40945,age,0.5168306551297899,0.5168306551297899,0.0,ok
40945,embarked,0.5799962917181705,0.5799962917181705,0.0,ok
40945,fare,0.6737206427688505,0.6737206427688505,0.0,ok
40945,parch,0.5703065512978986,0.5703065512978986,0.0,ok
40945,pclass,0.6687552533992583,0.6687552533992583,0.0,ok
40945,sex,0.759053152039555,0.759053152039555,0.0,ok
40945,sibsp,0.5406316440049443,0.5406316440049443,0.0,ok
40945,ticket,0.6187317676143387,0.6187317676143387,0.0,ok
40981,A1,0.4617922963744142,0.4617922963744142,0.0,ok
40981,A10,0.7574225427577584,0.7574225427577584,0.0,ok
40981,A11,0.5170860938416921,0.5170860938416921,0.0,ok
40981,A12,0.5350524319405345,0.5350524319405345,0.0,ok
40981,A13,0.5750631479575782,0.5750631479575782,0.0,ok
40981,A14,0.6551781325214108,0.6551781325214108,0.0,ok
40981,A2,0.5866296425442887,0.5866296425442887,0.0,ok
40981,A3,0.6103622183856235,0.6103622183856235,0.0,ok
40981,A4,0.590167629123753,0.590167629123753,0.0,ok
40981,A5,0.4869111506110681,0.4869111506110681,0.0,ok
40981,A6,0.620627482331329,0.620627482331329,0.0,ok
40981,A7,0.7201461120419116,0.7201461120419116,0.0,ok
40981,A8,0.8614401986715541,0.8614401986715541,0.0,ok
40981,A9,0.7192318486830355,0.7192318486830355,0.0,ok
40983,GLCM_Pan,0.517341809654369,0.517341809654369,0.0,ok
40983,Mean_G,0.7090302780748842,0.7090302780748842,0.0,ok
40983,Mean_NIR,0.6681145374596815,0.6681145374596815,0.0,ok
40983,Mean_R,0.6754354910792747,0.6754354910792747,0.0,ok
40983,SD_Plan,0.6330907103605616,0.6330907103605616,0.0,ok
40999,black_piece0_advanced,0.6350645346019999,0.6350645346019999,0.0,ok
40999,black_piece0_at_d7,0.5019264936933762,0.5019264936933762,0.0,ok
40999,black_piece0_can_cross,0.5219582837760451,0.5219582837760451,0.0,ok
40999,black_piece0_can_cross_shortest,0.5412940692774181,0.5412940692774181,0.0,ok
40999,black_piece0_distanceto_black_den,0.580884836203985,0.580884836203985,0.0,ok
40999,black_piece0_distanceto_white_den,0.6626492225012115,0.6626492225012115,0.0,ok
40999,black_piece0_distanceto_white_piece0,0.525675447483958,0.525675447483958,0.0,ok
40999,black_piece0_distanceto_white_piece0_parity,0.7224659706620854,0.7224659706620854,0.0,ok
40999,black_piece0_file,0.47981293041422557,0.47981293041422557,0.0,ok
40999,black_piece0_in_trap,0.5509628797556642,0.5509628797556642,0.0,ok
40999,black_piece0_in_water,0.5,0.5,0.0,ok
40999,black_piece0_movesto_black_den,0.580884836203985,0.580884836203985,0.0,ok
40999,black_piece0_movesto_white_den,0.6626492225012115,0.6626492225012115,0.0,ok
40999,black_piece0_nextto_white_piece0,0.5485562310030394,0.5485562310030394,0.0,ok
40999,black_piece0_rank,0.6319284759849051,0.6319284759849051,0.0,ok
40999,black_piece0_strength,0.5,0.5,0.0,ok
40999,black_piece0_unopposed_to_bank,0.5113710115560254,0.5113710115560254,0.0,ok
40999,black_piece0_unopposedto_white_den_length,0.5121764092624408,0.5121764092624408,0.0,ok
40999,black_piece0_unopposedto_white_den_shortest,0.5,0.5,0.0,ok
40999,black_unopposed_to_den,0.5805276566377399,0.5805276566377399,0.0,ok
40999,black_unopposed_to_den_quick_detour,0.7132013274011425,0.7132013274011425,0.0,ok
40999,closest_to_den,0.7235019015315037,0.7235019015315037,0.0,ok
40999,closest_to_den_diff,0.5135632791506981,0.5135632791506981,0.0,ok
40999,fastest_to_den,0.7235019015315037,0.7235019015315037,0.0,ok
40999,fastest_to_den_diff,0.5135632791506981,0.5135632791506981,0.0,ok
40999,highest_strength,0.5,0.5,0.0,ok
40999,white_piece0_advanced,0.6740800698941309,0.6740800698941309,0.0,ok
40999,white_piece0_can_cross,0.5567757661189668,0.5567757661189668,0.0,ok
40999,white_piece0_can_cross_shortest,0.5733895716781934,0.5733895716781934,0.0,ok
40999,white_piece0_distanceto_black_den,0.7175517231252662,0.7175517231252662,0.0,ok
40999,white_piece0_distanceto_black_piece0,0.525675447483958,0.525675447483958,0.0,ok
40999,white_piece0_distanceto_black_piece0_parity,0.7224659706620854,0.7224659706620854,0.0,ok
40999,white_piece0_distanceto_white_den,0.6278658796235116,0.6278658796235116,0.0,ok
40999,white_piece0_file,0.48711914306271376,0.48711914306271376,0.0,ok
40999,white_piece0_in_trap,0.5510638297872341,0.5510638297872341,0.0,ok
40999,white_piece0_in_water,0.5,0.5,0.0,ok
40999,white_piece0_movesto_black_den,0.7175517231252662,0.7175517231252662,0.0,ok
40999,white_piece0_movesto_white_den,0.6278658796235116,0.6278658796235116,0.0,ok
40999,white_piece0_nextto_black_piece0,0.5485562310030394,0.5485562310030394,0.0,ok
40999,white_piece0_rank,0.6855880064020674,0.6855880064020674,0.0,ok
40999,white_piece0_strength,0.5,0.5,0.0,ok
40999,white_piece0_unopposed_to_bank,0.5056579739512209,0.5056579739512209,0.0,ok
40999,white_piece0_unopposedto_black_den_length,0.521654332408264,0.521654332408264,0.0,ok
40999,white_piece0_unopposedto_black_den_shortest,0.5,0.5,0.0,ok
40999,white_unopposed_to_den,0.6150555041628122,0.6150555041628122,0.0,ok
40999,white_unopposed_to_den_quick_detour,0.7464539007092199,0.7464539007092199,0.0,ok
41005,black_piece0_advanced,0.6448445020503142,0.6448445020503142,0.0,ok
41005,black_piece0_at_d7,0.5018497547960676,0.5018497547960676,0.0,ok
41005,black_piece0_can_cross,0.5221380873335305,0.5221380873335305,0.0,ok
41005,black_piece0_can_cross_shortest,0.5221380873335305,0.5221380873335305,0.0,ok
41005,black_piece0_distanceto_black_den,0.5849794210610091,0.5849794210610091,0.0,ok
41005,black_piece0_distanceto_white_den,0.6613734452099961,0.6613734452099961,0.0,ok
41005,black_piece0_distanceto_white_piece0,0.5247132213050761,0.5247132213050761,0.0,ok
41005,black_piece0_distanceto_white_piece0_parity,0.721785175584207,0.721785175584207,0.0,ok
41005,black_piece0_file,0.4812592946312846,0.4812592946312846,0.0,ok
41005,black_piece0_in_trap,0.5428367858956575,0.5428367858956575,0.0,ok
41005,black_piece0_in_water,0.5448657252654796,0.5448657252654796,0.0,ok
41005,black_piece0_movesto_black_den,0.5849794210610091,0.5849794210610091,0.0,ok
41005,black_piece0_movesto_white_den,0.6613734452099961,0.6613734452099961,0.0,ok
41005,black_piece0_nextto_white_piece0,0.547007299270073,0.547007299270073,0.0,ok
41005,black_piece0_rank,0.6319316915660459,0.6319316915660459,0.0,ok
41005,black_piece0_strength,0.5,0.5,0.0,ok
41005,black_piece0_unopposed_to_bank,0.494646898757684,0.494646898757684,0.0,ok
41005,black_piece0_unopposedto_white_den_length,0.5049779051170689,0.5049779051170689,0.0,ok
41005,black_piece0_unopposedto_white_den_shortest,0.5,0.5,0.0,ok
41005,black_unopposed_to_den,0.5765395547672647,0.5765395547672647,0.0,ok
41005,black_unopposed_to_den_quick_detour,0.717458671578325,0.717458671578325,0.0,ok
41005,closest_to_den,0.7282869075501588,0.7282869075501588,0.0,ok
41005,closest_to_den_diff,0.5231548309343521,0.5231548309343521,0.0,ok
41005,fastest_to_den,0.7282869075501588,0.7282869075501588,0.0,ok
41005,fastest_to_den_diff,0.5231548309343521,0.5231548309343521,0.0,ok
41005,highest_strength,0.5,0.5,0.0,ok
41005,white_piece0_advanced,0.6609732360097325,0.6609732360097325,0.0,ok
41005,white_piece0_can_cross,0.5660484647277744,0.5660484647277744,0.0,ok
41005,white_piece0_can_cross_shortest,0.5660484647277744,0.5660484647277744,0.0,ok
41005,white_piece0_distanceto_black_den,0.7075678953392301,0.7075678953392301,0.0,ok
41005,white_piece0_distanceto_black_piece0,0.5247132213050761,0.5247132213050761,0.0,ok
41005,white_piece0_distanceto_black_piece0_parity,0.721785175584207,0.721785175584207,0.0,ok
41005,white_piece0_distanceto_white_den,0.6258262273461128,0.6258262273461128,0.0,ok
41005,white_piece0_file,0.4798584108359673,0.4798584108359673,0.0,ok
41005,white_piece0_in_trap,0.541654501216545,0.541654501216545,0.0,ok
41005,white_piece0_in_water,0.532290667091131,0.532290667091131,0.0,ok
41005,white_piece0_movesto_black_den,0.7075678953392301,0.7075678953392301,0.0,ok
41005,white_piece0_movesto_white_den,0.6258262273461128,0.6258262273461128,0.0,ok
41005,white_piece0_nextto_black_piece0,0.547007299270073,0.547007299270073,0.0,ok
41005,white_piece0_rank,0.6779255823119662,0.6779255823119662,0.0,ok
41005,white_piece0_strength,0.5,0.5,0.0,ok
41005,white_piece0_unopposed_to_bank,0.504608469578795,0.504608469578795,0.0,ok
41005,white_piece0_unopposedto_black_den_length,0.5201840355943637,0.5201840355943637,0.0,ok
41005,white_piece0_unopposedto_black_den_shortest,0.5,0.5,0.0,ok
41005,white_unopposed_to_den,0.6133980641395881,0.6133980641395881,0.0,ok
41005,white_unopposed_to_den_quick_detour,0.76202060167815,0.76202060167815,0.0,ok
41007,black_piece0_advanced,0.6250049757894982,0.6250049757894982,0.0,ok
41007,black_piece0_at_d7,0.5025859084139287,0.5025859084139287,0.0,ok
41007,black_piece0_can_cross,0.6066223439611189,0.6066223439611189,0.0,ok
41007,black_piece0_can_cross_shortest,0.6066223439611189,0.6066223439611189,0.0,ok
41007,black_piece0_distanceto_black_den,0.6158262401732851,0.6158262401732851,0.0,ok
41007,black_piece0_distanceto_white_den,0.7299918810136641,0.7299918810136641,0.0,ok
41007,black_piece0_distanceto_white_piece0,0.5262090792949324,0.5262090792949324,0.0,ok
41007,black_piece0_distanceto_white_piece0_parity,0.6945094322192321,0.6945094322192321,0.0,ok
41007,black_piece0_file,0.47686839956828914,0.47686839956828914,0.0,ok
41007,black_piece0_in_trap,0.5556867828760739,0.5556867828760739,0.0,ok
41007,black_piece0_in_water,0.5,0.5,0.0,ok
41007,black_piece0_movesto_black_den,0.608325002797708,0.608325002797708,0.0,ok
41007,black_piece0_movesto_white_den,0.7298435461569255,0.7298435461569255,0.0,ok
41007,black_piece0_nextto_white_piece0,0.5536852011383104,0.5536852011383104,0.0,ok
41007,black_piece0_rank,0.6887746939983341,0.6887746939983341,0.0,ok
41007,black_piece0_strength,0.5,0.5,0.0,ok
41007,black_piece0_unopposed_to_bank,0.5136314100373502,0.5136314100373502,0.0,ok
41007,black_piece0_unopposedto_white_den_length,0.5886310157295033,0.5886310157295033,0.0,ok
41007,black_piece0_unopposedto_white_den_shortest,0.5000871232576287,0.5000871232576287,0.0,ok
41007,black_unopposed_to_den,0.6466558563728033,0.6466558563728033,0.0,ok
41007,black_unopposed_to_den_quick_detour,0.7286899140559107,0.7286899140559107,0.0,ok
41007,closest_to_den,0.8277637036998093,0.8277637036998093,0.0,ok
41007,closest_to_den_diff,0.544996158314976,0.544996158314976,0.0,ok
41007,fastest_to_den,0.8450858351853285,0.8450858351853285,0.0,ok
41007,fastest_to_den_diff,0.5595033073040083,0.5595033073040083,0.0,ok
41007,highest_strength,0.5,0.5,0.0,ok
41007,white_piece0_advanced,0.6206799820045409,0.6206799820045409,0.0,ok
41007,white_piece0_can_cross,0.5746698892257822,0.5746698892257822,0.0,ok
41007,white_piece0_can_cross_shortest,0.5746698892257822,0.5746698892257822,0.0,ok
41007,white_piece0_distanceto_black_den,0.7360266687295852,0.7360266687295852,0.0,ok
41007,white_piece0_distanceto_black_piece0,0.5262090792949324,0.5262090792949324,0.0,ok
41007,white_piece0_distanceto_black_piece0_parity,0.6945094322192321,0.6945094322192321,0.0,ok
41007,white_piece0_distanceto_white_den,0.6283389425189286,0.6283389425189286,0.0,ok
41007,white_piece0_file,0.4828156884952987,0.4828156884952987,0.0,ok
41007,white_piece0_in_trap,0.5456191647132781,0.5456191647132781,0.0,ok
41007,white_piece0_in_water,0.5,0.5,0.0,ok
41007,white_piece0_movesto_black_den,0.7389021117626162,0.7389021117626162,0.0,ok
41007,white_piece0_movesto_white_den,0.6228336539118717,0.6228336539118717,0.0,ok
41007,white_piece0_nextto_black_piece0,0.5536852011383104,0.5536852011383104,0.0,ok
41007,white_piece0_rank,0.699746215959028,0.699746215959028,0.0,ok
41007,white_piece0_strength,0.5,0.5,0.0,ok
41007,white_piece0_unopposed_to_bank,0.4973731586762372,0.4973731586762372,0.0,ok
41007,white_piece0_unopposedto_black_den_length,0.5334005033621316,0.5334005033621316,0.0,ok
41007,white_piece0_unopposedto_black_den_shortest,0.4996864313787932,0.4996864313787932,0.0,ok
41007,white_unopposed_to_den,0.6248453749942732,0.6248453749942732,0.0,ok
41007,white_unopposed_to_den_quick_detour,0.7303152134482258,0.7303152134482258,0.0,ok
41146,V1,0.5201674506584861,0.5201674506584861,0.0,ok
41146,V10,0.5672235659470273,0.5672235659470273,0.0,ok
41146,V11,0.5103066130151783,0.5103066130151783,0.0,ok
41146,V12,0.5126610260694799,0.5126610260694799,0.0,ok
41146,V13,0.5475693816001721,0.5475693816001721,0.0,ok
41146,V14,0.486977524145912,0.486977524145912,0.0,ok
41146,V15,0.5484586470976458,0.5484586470976458,0.0,ok
41146,V16,0.5742576301325869,0.5742576301325869,0.0,ok
41146,V17,0.517819207769106,0.517819207769106,0.0,ok
41146,V18,0.4821059885030784,0.4821059885030784,0.0,ok
41146,V19,0.5159715099871356,0.5159715099871356,0.0,ok
41146,V2,0.5047077596603453,0.5047077596603453,0.0,ok
41146,V20,0.5373835819376572,0.5373835819376572,0.0,ok
41146,V3,0.5042968723814887,0.5042968723814887,0.0,ok
41146,V4,0.48570357552677973,0.48570357552677973,0.0,ok
41146,V5,0.5142037958245199,0.5142037958245199,0.0,ok
41146,V6,0.49551985086787553,0.49551985086787553,0.0,ok
41146,V7,0.9616814476395233,0.9616814476395233,0.0,ok
41146,V8,0.4941404000460706,0.4941404000460706,0.0,ok
41146,V9,0.6084241947249203,0.6084241947249203,0.0,ok
41156,V1,0.5042622198700795,0.5042622198700795,0.0,ok
41156,V10,0.5283402557394259,0.5283402557394259,0.0,ok
41156,V11,0.4983189555488649,0.4983189555488649,0.0,ok
41156,V12,0.5029301008408495,0.5029301008408495,0.0,ok
41156,V13,0.5125705097396788,0.5125705097396788,0.0,ok
41156,V14,0.5,0.5,0.0,ok
41156,V15,0.7167833595455961,0.7167833595455961,0.0,ok
41156,V16,0.6186316824906449,0.6186316824906449,0.0,ok
41156,V17,0.5255119183199717,0.5255119183199717,0.0,ok
41156,V18,0.5280912236607279,0.5280912236607279,0.0,ok
41156,V19,0.5534614835579609,0.5534614835579609,0.0,ok
41156,V2,0.515158230432281,0.515158230432281,0.0,ok
41156,V20,0.5169647259618592,0.5169647259618592,0.0,ok
41156,V21,0.5,0.5,0.0,ok
41156,V22,0.5172418092133766,0.5172418092133766,0.0,ok
41156,V23,0.5169383890273787,0.5169383890273787,0.0,ok
41156,V24,0.525062632035312,0.525062632035312,0.0,ok
41156,V25,0.6866244527683703,0.6866244527683703,0.0,ok
41156,V26,0.4980149120034708,0.4980149120034708,0.0,ok
41156,V27,0.6784494059696635,0.6784494059696635,0.0,ok
41156,V28,0.49659380842046336,0.49659380842046336,0.0,ok
41156,V29,0.49831942306841187,0.49831942306841187,0.0,ok
41156,V3,0.5297732031509571,0.5297732031509571,0.0,ok
41156,V30,0.5505653558041929,0.5505653558041929,0.0,ok
41156,V31,0.7390569258034012,0.7390569258034012,0.0,ok
41156,V32,0.5798185213790455,0.5798185213790455,0.0,ok
41156,V33,0.5159790389169504,0.5159790389169504,0.0,ok
41156,V34,0.5092712242965545,0.5092712242965545,0.0,ok
41156,V35,0.5093171970520087,0.5093171970520087,0.0,ok
41156,V36,0.5248619103098033,0.5248619103098033,0.0,ok
41156,V37,0.5031465623911069,0.5031465623911069,0.0,ok
41156,V38,0.5030022546909353,0.5030022546909353,0.0,ok
41156,V39,0.5018579226797473,0.5018579226797473,0.0,ok
41156,V4,0.4903814086800303,0.4903814086800303,0.0,ok
41156,V40,0.6734941662910926,0.6734941662910926,0.0,ok
41156,V41,0.6132764019196976,0.6132764019196976,0.0,ok
41156,V42,0.5546856055718357,0.5546856055718357,0.0,ok
41156,V43,0.5004519355620926,0.5004519355620926,0.0,ok
41156,V44,0.7649302367331978,0.7649302367331978,0.0,ok
41156,V45,0.5006317747478355,0.5006317747478355,0.0,ok
41156,V46,0.577007949702377,0.577007949702377,0.0,ok
41156,V47,0.5003236793663677,0.5003236793663677,0.0,ok
41156,V48,0.5138418512277998,0.5138418512277998,0.0,ok
41156,V5,0.551950616221931,0.551950616221931,0.0,ok
41156,V6,0.5149585995857153,0.5149585995857153,0.0,ok
41156,V7,0.5827690372401136,0.5827690372401136,0.0,ok
41156,V8,0.5394143912490315,0.5394143912490315,0.0,ok
41156,V9,0.565472839919437,0.565472839919437,0.0,ok
41430,AGE,0.8356643356643357,0.8356643356643357,0.0,ok
41430,BMI,0.5725940725940726,0.5725940725940726,0.0,ok
41430,BRV,0.5546398046398047,0.5546398046398047,0.0,ok
41430,BWR,0.5122655122655123,0.5122655122655123,0.0,ok
41430,CCS,0.5133477633477634,0.5133477633477634,0.0,ok
41430,CDC,0.47668997668997665,0.47668997668997665,0.0,ok
41430,CFS,0.49284049284049286,0.49284049284049286,0.0,ok
41430,CFS_2,0.5027195027195026,0.5027195027195026,0.0,ok
41430,CFS_3,0.48484848484848486,0.48484848484848486,0.0,ok
41430,CIT,0.4958097458097458,0.4958097458097458,0.0,ok
41430,COM,0.5143467643467643,0.5143467643467643,0.0,ok
41430,CSS,0.5134310134310135,0.5134310134310135,0.0,ok
41430,CVS,0.4923409923409924,0.4923409923409924,0.0,ok
41430,DBP,0.6528471528471529,0.6528471528471529,0.0,ok
41430,DCD,0.5164002664002664,0.5164002664002664,0.0,ok
41430,DIS,0.485958485958486,0.485958485958486,0.0,ok
41430,DIT,0.4745809745809746,0.4745809745809746,0.0,ok
41430,DLB,0.4813797313797314,0.4813797313797314,0.0,ok
41430,DRB,0.5306082806082806,0.5306082806082806,0.0,ok
41430,DRN,0.5218392718392718,0.5218392718392718,0.0,ok
41430,DRN_2,0.5141802641802642,0.5141802641802642,0.0,ok
41430,DRV,0.5105727605727606,0.5105727605727606,0.0,ok
41430,DSV,0.514874014874015,0.514874014874015,0.0,ok
41430,DZN,0.4877067377067378,0.4877067377067378,0.0,ok
41430,ETN,0.5132645132645133,0.5132645132645133,0.0,ok
41430,EXP,0.5185370185370185,0.5185370185370185,0.0,ok
41430,EXT,0.44388944388944385,0.44388944388944385,0.0,ok
41430,EXT_2,0.4434454434454435,0.4434454434454435,0.0,ok
41430,EYP,0.5133755133755133,0.5133755133755133,0.0,ok
41430,FAW,0.49317349317349324,0.49317349317349324,0.0,ok
41430,FHB,0.5123765123765124,0.5123765123765124,0.0,ok
41430,FLS,0.5258075258075259,0.5258075258075259,0.0,ok
41430,FRO,0.5131535131535132,0.5131535131535132,0.0,ok
41430,FRU,0.46003996003996,0.46003996003996,0.0,ok
41430,FTG_2,0.5497557997557997,0.5497557997557997,0.0,ok
41430,FTG_3,0.5326617826617827,0.5326617826617827,0.0,ok
41430,FTG_4,0.4866799866799867,0.4866799866799867,0.0,ok
41430,FTG_5,0.531912531912532,0.531912531912532,0.0,ok
41430,FVR,0.4636474636474637,0.4636474636474637,0.0,ok
41430,GLU,0.9965312465312466,0.9965312465312466,0.0,ok
41430,GSV,0.5191197691197691,0.5191197691197691,0.0,ok
41430,HBP,0.6343378843378843,0.6343378843378843,0.0,ok
41430,HDC,0.54004329004329,0.54004329004329,0.0,ok
41430,HIT,0.5137085137085138,0.5137085137085138,0.0,ok
41430,HNG,0.40159840159840154,0.40159840159840154,0.0,ok
41430,IIU,0.4612609612609613,0.4612609612609613,0.0,ok
41430,IRT,0.4835442335442336,0.4835442335442336,0.0,ok
41430,IRT_2,0.5327172827172827,0.5327172827172827,0.0,ok
41430,LCR,0.6001498501498501,0.6001498501498501,0.0,ok
41430,LHN,0.5150960150960151,0.5150960150960151,0.0,ok
41430,LHV,0.5137640137640138,0.5137640137640138,0.0,ok
41430,LOA,0.5297202797202798,0.5297202797202798,0.0,ok
41430,LOA_2,0.4651182151182151,0.4651182151182151,0.0,ok
41430,LOE,0.5367410367410368,0.5367410367410368,0.0,ok
41430,MST,0.5253080253080252,0.5253080253080252,0.0,ok
41430,NRV,0.5341325341325341,0.5341325341325341,0.0,ok
41430,NRV_2,0.4804639804639805,0.4804639804639805,0.0,ok
41430,NSA,0.5136807636807637,0.5136807636807637,0.0,ok
41430,NSA_2,0.5014152514152515,0.5014152514152515,0.0,ok
41430,NSA_3,0.49975024975024973,0.49975024975024973,0.0,ok
41430,OCP,0.5354645354645355,0.5354645354645355,0.0,ok
41430,PCJ,0.5301642801642802,0.5301642801642802,0.0,ok
41430,PLH,0.5001942501942502,0.5001942501942502,0.0,ok
41430,PPT,0.5402930402930404,0.5402930402930404,0.0,ok
41430,PRE,0.501082251082251,0.501082251082251,0.0,ok
41430,RIG,0.5488955488955489,0.5488955488955489,0.0,ok
41430,RIH,0.5167610167610167,0.5167610167610167,0.0,ok
41430,RIV,0.5386835386835387,0.5386835386835387,0.0,ok
41430,RPP,0.5362692862692863,0.5362692862692863,0.0,ok
41430,RSB,0.42926517926517926,0.42926517926517926,0.0,ok
41430,SAD,0.5034410034410035,0.5034410034410035,0.0,ok
41430,SBF,0.5647963147963148,0.5647963147963148,0.0,ok
41430,SCE,0.482961482961483,0.482961482961483,0.0,ok
41430,SEX,0.5027750027750028,0.5027750027750028,0.0,ok
41430,SFH,0.519008769008769,0.519008769008769,0.0,ok
41430,SFS,0.5165112665112666,0.5165112665112666,0.0,ok
41430,SHC,0.5305527805527805,0.5305527805527805,0.0,ok
41430,SHK,0.48482073482073484,0.48482073482073484,0.0,ok
41430,SLS,0.5170662670662671,0.5170662670662671,0.0,ok
41430,SOB,0.5168165168165169,0.5168165168165169,0.0,ok
41430,SOB_2,0.4976967476967477,0.4976967476967477,0.0,ok
41430,STP,0.46692196692196697,0.46692196692196697,0.0,ok
41430,SWG,0.5374902874902876,0.5374902874902876,0.0,ok
41430,SWT,0.46853146853146854,0.46853146853146854,0.0,ok
41430,TLF,0.5420967920967921,0.5420967920967921,0.0,ok
41430,TRM,0.49725274725274726,0.49725274725274726,0.0,ok
41430,VDS,0.54007104007104,0.54007104007104,0.0,ok
41430,VLS,0.4898989898989899,0.4898989898989899,0.0,ok
41430,VMT,0.5067432567432567,0.5067432567432567,0.0,ok
41430,WGT,0.5523643023643023,0.5523643023643023,0.0,ok
41430,WKN,0.555028305028305,0.555028305028305,0.0,ok
41430,WKN_2,0.4701132201132201,0.4701132201132201,0.0,ok
41430,WKN_3,0.4553502053502054,0.4553502053502054,0.0,ok
41430,WLG,0.4576257076257076,0.4576257076257076,0.0,ok
41430,WTG,0.5156232656232655,0.5156232656232655,0.0,ok
41430,WTL,0.4490509490509491,0.4490509490509491,0.0,ok
41430,WTL_2,0.5527528027528028,0.5527528027528028,0.0,ok
41538,favSubject,0.4620405101275319,0.4620405101275319,0.0,ok
41538,participation,0.5805701425356339,0.5805701425356339,0.0,ok
41538,regDateCat,0.5614403600900225,0.5614403600900225,0.0,ok
41538,tshirtSize,0.454013503375844,0.454013503375844,0.0,ok
41538,uni,0.462490622655664,0.462490622655664,0.0,ok
41538,wegan,0.4838709677419355,0.4838709677419355,0.0,ok
41945,V1,0.582551243666513,0.582551243666513,0.0,ok
41945,V10,0.617241478581299,0.617241478581299,0.0,ok
41945,V2,0.5405271188392445,0.5405271188392445,0.0,ok
41945,V3,0.6944740327038231,0.6944740327038231,0.0,ok
41945,V4,0.6859454168585906,0.6859454168585906,0.0,ok
41945,V5,0.6752936434822663,0.6752936434822663,0.0,ok
41945,V6,0.6851753224320589,0.6851753224320589,0.0,ok
41945,V7,0.6973241017964071,0.6973241017964071,0.0,ok
41945,V8,0.520195186549977,0.520195186549977,0.0,ok
41945,V9,0.6056180907415938,0.6056180907415938,0.0,ok
41946,FTI,0.5326185158153528,0.5326185158153528,0.0,ok
41946,FTI_measured,0.5362011611658604,0.5362011611658604,0.0,ok
41946,I131_treatment,0.5025172041551595,0.5025172041551595,0.0,ok
41946,T3,0.9410315280126067,0.9410315280126067,0.0,ok
41946,T3_measured,0.6011398937126132,0.6011398937126132,0.0,ok
41946,T4U,0.778055701241242,0.778055701241242,0.0,ok
41946,T4U_measured,0.5364823447286029,0.5364823447286029,0.0,ok
41946,TBG,0.5,0.5,0.0,ok
41946,TBG_measured,0.5,0.5,0.0,ok
41946,TSH,0.5259514090352837,0.5259514090352837,0.0,ok
41946,TSH_measured,0.5474234416623571,0.5474234416623571,0.0,ok
41946,TT4,0.5317578496059151,0.5317578496059151,0.0,ok
41946,TT4_measured,0.5326179045467382,0.5326179045467382,0.0,ok
41946,age,0.7011165432515334,0.7011165432515334,0.0,ok
41946,goitre,0.4994192948160754,0.4994192948160754,0.0,ok
41946,hypopituitary,0.4987860205312903,0.4987860205312903,0.0,ok
41946,lithium,0.49805494326815986,0.49805494326815986,0.0,ok
41946,on_antithyroid_medication,0.5060185507799175,0.5060185507799175,0.0,ok
41946,on_thyroxine,0.5401230605975029,0.5401230605975029,0.0,ok
41946,pregnant,0.5064091514246838,0.5064091514246838,0.0,ok
41946,psych,0.5111507620685819,0.5111507620685819,0.0,ok
41946,query_on_thyroxine,0.5039072289848907,0.5039072289848907,0.0,ok
41946,referral_source,0.6796683501004314,0.6796683501004314,0.0,ok
41946,sex,0.5550557415849706,0.5550557415849706,0.0,ok
41946,sick,0.536940796189596,0.536940796189596,0.0,ok
41946,thyroid_surgery,0.5038601613015621,0.5038601613015621,0.0,ok
41946,tumor,0.5071964654003626,0.5071964654003626,0.0,ok
42172,Age,0.8859263747916982,0.8859263747916982,0.0,ok
42172,Origine_Ethnique,0.5422663232843509,0.5422663232843509,0.0,ok
42172,Poids,0.9484926526283896,0.9484926526283896,0.0,ok
42172,Sexe,0.5975609756097562,0.5975609756097562,0.0,ok
42172,Taille,0.7618542645053779,0.7618542645053779,0.0,ok
42172,biscuits_aperitif,0.621951219512195,0.621951219512195,0.0,ok
42172,boissons_alcoolisees,0.7117860930162097,0.7117860930162097,0.0,ok
42172,boissons_sucrees,0.6658839569762157,0.6658839569762157,0.0,ok
42172,complements_alimentaires,0.47735191637630664,0.47735191637630664,0.0,ok
42172,fruits,0.5712770792304196,0.5712770792304196,0.0,ok
42172,legumes,0.38766853507044385,0.38766853507044385,0.0,ok
42172,legumes_secs,0.7201939100136342,0.7201939100136342,0.0,ok
42172,pain_biscottes_cereales,0.46296015755188613,0.46296015755188613,0.0,ok
42172,plats_prets_a_consommer,0.5971064990153007,0.5971064990153007,0.0,ok
42172,poisson,0.5773367671564914,0.5773367671564914,0.0,ok
42172,produits_laitiers,0.47492804120587795,0.47492804120587795,0.0,ok
42172,produits_sucres,0.6755794576579306,0.6755794576579306,0.0,ok
42172,riz_pates_semoule_pommes_de_terre,0.5756703529768217,0.5756703529768217,0.0,ok
42172,viande_ou_oeufs,0.5424935615815786,0.5424935615815786,0.0,ok
42192,age,0.60843488854803,0.60843488854803,0.0,ok
42192,age_cat_25-45,0.5145947001326372,0.5145947001326372,0.0,ok
42192,age_cat_Greaterthan45,0.5561119368413621,0.5561119368413621,0.0,ok
42192,age_cat_Lessthan25,0.543113926038745,0.543113926038745,0.0,ok
42192,c_charge_degree_F,0.5542335466142939,0.5542335466142939,0.0,ok
42192,c_charge_degree_M,0.5494291414174526,0.5494291414174526,0.0,ok
42192,juv_fel_count,0.5154034915061054,0.5154034915061054,0.0,ok
42192,juv_misd_count,0.5307284525831107,0.5307284525831107,0.0,ok
42192,juv_other_count,0.5425263166995318,0.5425263166995318,0.0,ok
42192,priors_count,0.6770273999151295,0.6770273999151295,0.0,ok
42192,race_African-American,0.5622268636027311,0.5622268636027311,0.0,ok
42192,race_Caucasian,0.5646795346099451,0.5646795346099451,0.0,ok
42192,sex,0.5431523266981125,0.5431523266981125,0.0,ok
42638,age,0.5215037441813399,0.5215037441813399,0.0,ok
42638,embarked,0.5739515759648058,0.5739515759648058,0.0,ok
42638,fare,0.6913260686628533,0.6913260686628533,0.0,ok
42638,pclass,0.6791348437882806,0.6791348437882806,0.0,ok
42638,sex,0.7657463330457291,0.7657463330457291,0.0,ok
42638,sibsp,0.5418783753555108,0.5418783753555108,0.0,ok
43255,lunch,0.5094822890466044,0.5094822890466044,0.0,ok
43255,math score,0.5913764238453035,0.5913764238453035,0.0,ok
43255,parental level of education,0.4746391323154808,0.4746391323154808,0.0,ok
43255,race/ethnicity,0.4632083179801022,0.4632083179801022,0.0,ok
43255,reading score,0.6426548807254202,0.6426548807254202,0.0,ok
43255,test preparation course,0.4904336019481248,0.4904336019481248,0.0,ok
43255,writing score,0.6803757669940241,0.6803757669940241,0.0,ok
43595,ApplicantIncome,0.4490644747235387,0.4490644747235387,0.0,ok
43595,CoapplicantIncome,0.5174886453396524,0.5174886453396524,0.0,ok
43595,Credit_History,0.7053959320695101,0.7053959320695101,0.0,ok
43595,Dependents,0.5203149684044234,0.5203149684044234,0.0,ok
43595,LoanAmount,0.5196423281990521,0.5196423281990521,0.0,ok
43595,Loan_Amount_Term,0.4910273499210111,0.4910273499210111,0.0,ok
43892,afqt89,0.6704017813374694,0.6704017813374694,0.0,ok
43892,age,0.509007201132679,0.509007201132679,0.0,ok
43892,charged,0.51021840108887,0.51021840108887,0.0,ok
43892,famsize,0.5312141235118351,0.5312141235118351,0.0,ok
43892,gender,0.6279395645403614,0.6279395645403614,0.0,ok
43892,genhealth,0.5093358582490639,0.5093358582490639,0.0,ok
43892,grade90,0.60325786555707,0.60325786555707,0.0,ok
43892,height,0.6426663357425433,0.6426663357425433,0.0,ok
43892,illegalact,0.5246249943692849,0.5246249943692849,0.0,ok
43892,income96,0.9999907258808868,0.9999907258808868,0.0,ok
43892,jobsnum90,0.5276743247337223,0.5276743247337223,0.0,ok
43892,jobtrain90,0.5410827578227195,0.5410827578227195,0.0,ok
43892,partner,0.5102372143019283,0.5102372143019283,0.0,ok
43892,race,0.537475213812608,0.537475213812608,0.0,ok
43892,typejob90,0.48249629256047827,0.48249629256047827,0.0,ok
43892,weight,0.5942577304199056,0.5942577304199056,0.0,ok
43893,Age,0.6345779392993659,0.6345779392993659,0.0,ok
43893,DailyRate,0.544719578675044,0.544719578675044,0.0,ok
43893,DistanceFromHome,0.5620848604309752,0.5620848604309752,0.0,ok
43893,Education,0.5186690894904884,0.5186690894904884,0.0,ok
43893,EmployeeCount,0.5,0.5,0.0,ok
43893,EmployeeNumber,0.4845818746770424,0.4845818746770424,0.0,ok
43893,EnvironmentSatisfaction,0.5723099982547455,0.5723099982547455,0.0,ok
43893,HourlyRate,0.4550186331577813,0.4550186331577813,0.0,ok
43893,JobInvolvement,0.5808856995219371,0.5808856995219371,0.0,ok
43893,JobLevel,0.643738814116713,0.643738814116713,0.0,ok
43893,JobSatisfaction,0.5759647663925591,0.5759647663925591,0.0,ok
43893,MonthlyIncome,0.6555209926733534,0.6555209926733534,0.0,ok
43893,MonthlyRate,0.4845955629472215,0.4845955629472215,0.0,ok
43893,NumCompaniesWorked,0.5274860465195862,0.5274860465195862,0.0,ok
43893,PercentSalaryHike,0.4689567142676262,0.4689567142676262,0.0,ok
43893,PerformanceRating,0.4867052675885717,0.4867052675885717,0.0,ok
43893,RelationshipSatisfaction,0.53017236954223,0.53017236954223,0.0,ok
43893,StandardHours,0.5,0.5,0.0,ok
43893,StockOptionLevel,0.6257045181557793,0.6257045181557793,0.0,ok
43893,TotalWorkingYears,0.654082013270778,0.654082013270778,0.0,ok
43893,TrainingTimesLastYear,0.5364655517570606,0.5364655517570606,0.0,ok
43893,WorkLifeBalance,0.5373877989603759,0.5373877989603759,0.0,ok
43893,YearsAtCompany,0.6491388367023588,0.6491388367023588,0.0,ok
43893,YearsInCurrentRole,0.6398342350481313,0.6398342350481313,0.0,ok
43893,YearsSinceLastPromotion,0.5399577716864975,0.5399577716864975,0.0,ok
43893,YearsWithCurrManager,0.6317598666762484,0.6317598666762484,0.0,ok
43895,Age,0.4616637737244971,0.4616637737244971,0.0,ok
43895,DailyRate,0.4740969040776257,0.4740969040776257,0.0,ok
43895,DistanceFromHome,0.5083978317161312,0.5083978317161312,0.0,ok
43895,Education,0.5157161454628232,0.5157161454628232,0.0,ok
43895,EmployeeCount,0.5,0.5,0.0,ok
43895,EmployeeNumber,0.5167174117178386,0.5167174117178386,0.0,ok
43895,EnvironmentSatisfaction,0.5196287311840195,0.5196287311840195,0.0,ok
43895,HourlyRate,0.47211571294425636,0.47211571294425636,0.0,ok
43895,JobInvolvement,0.5170748797769115,0.5170748797769115,0.0,ok
43895,JobLevel,0.5173878866346072,0.5173878866346072,0.0,ok
43895,JobSatisfaction,0.45599052442876253,0.45599052442876253,0.0,ok
43895,MonthlyIncome,0.5220065162336739,0.5220065162336739,0.0,ok
43895,MonthlyRate,0.5077077938707566,0.5077077938707566,0.0,ok
43895,NumCompaniesWorked,0.453308624761688,0.453308624761688,0.0,ok
43895,PercentSalaryHike,1.0,1.0,0.0,ok
43895,RelationshipSatisfaction,0.5290900748370941,0.5290900748370941,0.0,ok
43895,StandardHours,0.5,0.5,0.0,ok
43895,StockOptionLevel,0.49625280994792703,0.49625280994792703,0.0,ok
43895,TotalWorkingYears,0.48657449563213157,0.48657449563213157,0.0,ok
43895,TrainingTimesLastYear,0.5120916683265515,0.5120916683265515,0.0,ok
43895,WorkLifeBalance,0.4650143698602851,0.4650143698602851,0.0,ok
43895,YearsAtCompany,0.5124473579375695,0.5124473579375695,0.0,ok
43895,YearsInCurrentRole,0.5271942492103691,0.5271942492103691,0.0,ok
43895,YearsSinceLastPromotion,0.47686950459550975,0.47686950459550975,0.0,ok
43895,YearsWithCurrManager,0.5221025524286487,0.5221025524286487,0.0,ok
43946,P1stFixation,0.5046020446129538,0.5046020446129538,0.0,ok
43946,P2stFixation,0.5163824592188642,0.5163824592188642,0.0,ok
43946,assgNo,0.5059177980785072,0.5059177980785072,0.0,ok
43946,firstPassFixDur,0.49161281887127506,0.49161281887127506,0.0,ok
43946,firstSaccLen,0.5262680423285688,0.5262680423285688,0.0,ok
43946,firstfixDur,0.5082581247145901,0.5082581247145901,0.0,ok
43946,landingPos,0.5329121498649382,0.5329121498649382,0.0,ok
43946,lastSaccLen,0.5092766165119234,0.5092766165119234,0.0,ok
43946,leavingPos,0.5283257233240565,0.5283257233240565,0.0,ok
43946,lineNo,0.5058545310653129,0.5058545310653129,0.0,ok
43946,meanFixDur,0.4935097581161454,0.4935097581161454,0.0,ok
43946,nextFixDur,0.49552829027168255,0.49552829027168255,0.0,ok
43946,nextWordRegress,0.5366911359009996,0.5366911359009996,0.0,ok
43946,prevFixDur,0.4893240111410757,0.4893240111410757,0.0,ok
43946,prevFixPos,0.5325195903144734,0.5325195903144734,0.0,ok
43946,pupilDiamLag,0.5166025289114009,0.5166025289114009,0.0,ok
43946,pupilDiamMax,0.5042642865277681,0.5042642865277681,0.0,ok
43946,regressDur,0.5415051992976567,0.5415051992976567,0.0,ok
43946,regressLen,0.5211078244053247,0.5211078244053247,0.0,ok
43946,timePrtctg,0.5045335600579831,0.5045335600579831,0.0,ok
43946,titleNo,0.5551890491607152,0.5551890491607152,0.0,ok
43946,totalFixDur,0.48707176075656705,0.48707176075656705,0.0,ok
43946,wordNo,0.5531346852778799,0.5531346852778799,0.0,ok
43947,Var109,0.5457122903086384,0.5457122903086384,0.0,ok
43947,Var112,0.5592526589761931,0.5592526589761931,0.0,ok
43947,Var113,0.5235887774522863,0.5235887774522863,0.0,ok
43947,Var119,0.5557759433425757,0.5557759433425757,0.0,ok
43947,Var123,0.5620331152484197,0.5620331152484197,0.0,ok
43947,Var125,0.5645863295260096,0.5645863295260096,0.0,ok
43947,Var126,0.7236098350524844,0.7236098350524844,0.0,ok
43947,Var13,0.557581557523108,0.557581557523108,0.0,ok
43947,Var132,0.5128708854744577,0.5128708854744577,0.0,ok
43947,Var133,0.5735129037435454,0.5735129037435454,0.0,ok
43947,Var134,0.5409907592994658,0.5409907592994658,0.0,ok
43947,Var140,0.5606277218488478,0.5606277218488478,0.0,ok
43947,Var144,0.5192992984801879,0.5192992984801879,0.0,ok
43947,Var149,0.5112941719892529,0.5112941719892529,0.0,ok
43947,Var153,0.6077766049271941,0.6077766049271941,0.0,ok
43947,Var160,0.5380836098887627,0.5380836098887627,0.0,ok
43947,Var163,0.5047982261696842,0.5047982261696842,0.0,ok
43947,Var196,0.5007558146147644,0.5007558146147644,0.0,ok
43947,Var203,0.5040667391650512,0.5040667391650512,0.0,ok
43947,Var205,0.5110471045720741,0.5110471045720741,0.0,ok
43947,Var207,0.5245193085398127,0.5245193085398127,0.0,ok
43947,Var208,0.5056100416791991,0.5056100416791991,0.0,ok
43947,Var21,0.5482046855608999,0.5482046855608999,0.0,ok
43947,Var210,0.5164837725362134,0.5164837725362134,0.0,ok
43947,Var211,0.6113008699806137,0.6113008699806137,0.0,ok
43947,Var218,0.5739692833907507,0.5739692833907507,0.0,ok
43947,Var22,0.5482046855608999,0.5482046855608999,0.0,ok
43947,Var221,0.4928695616733352,0.4928695616733352,0.0,ok
43947,Var223,0.5124525769573932,0.5124525769573932,0.0,ok
43947,Var227,0.516235520332827,0.516235520332827,0.0,ok
43947,Var24,0.5610232824707247,0.5610232824707247,0.0,ok
43947,Var25,0.5734462397729254,0.5734462397729254,0.0,ok
43947,Var28,0.6666209865762143,0.6666209865762143,0.0,ok
43947,Var35,0.5080028359042668,0.5080028359042668,0.0,ok
43947,Var38,0.5930157484942157,0.5930157484942157,0.0,ok
43947,Var57,0.48564734190844727,0.48564734190844727,0.0,ok
43947,Var6,0.5720455855181844,0.5720455855181844,0.0,ok
43947,Var65,0.5188209607952663,0.5188209607952663,0.0,ok
43947,Var73,0.5811310790590458,0.5811310790590458,0.0,ok
43947,Var74,0.5371187200012133,0.5371187200012133,0.0,ok
43947,Var76,0.5507204605943267,0.5507204605943267,0.0,ok
43947,Var78,0.5087118909567007,0.5087118909567007,0.0,ok
43947,Var81,0.6112022167823861,0.6112022167823861,0.0,ok
43947,Var83,0.5476521012736295,0.5476521012736295,0.0,ok
43947,Var85,0.5691775340523354,0.5691775340523354,0.0,ok
43949,V1,0.5477361553627601,0.5477361553627601,0.0,ok
43949,V14,0.5142531648644381,0.5142531648644381,0.0,ok
43949,V15,0.5,0.5,0.0,ok
43949,V17,0.4799795149164605,0.4799795149164605,0.0,ok
43949,V18,0.5216360537470295,0.5216360537470295,0.0,ok
43949,V19,0.4904765413405989,0.4904765413405989,0.0,ok
43949,V20,0.5778112538409532,0.5778112538409532,0.0,ok
43949,V21,0.6211922642494807,0.6211922642494807,0.0,ok
43949,V22,0.49897056382560967,0.49897056382560967,0.0,ok
43949,V5,0.5606821613787352,0.5606821613787352,0.0,ok
43949,V6,0.5090901950941059,0.5090901950941059,0.0,ok
43949,V8,0.4994210737260587,0.4994210737260587,0.0,ok
43958,age,0.6889748836202875,0.6889748836202875,0.0,ok
43958,eldch,0.6304967902323673,0.6304967902323673,0.0,ok
43958,famsize,0.6070562575756044,0.6070562575756044,0.0,ok
43958,ftotinc,0.5279081701500824,0.5279081701500824,0.0,ok
43958,incbus,0.675562013994694,0.675562013994694,0.0,ok
43958,incfarm,0.6953280626842444,0.6953280626842444,0.0,ok
43958,incother,0.6874251356401018,0.6874251356401018,0.0,ok
43958,incss,0.75126507764493,0.75126507764493,0.0,ok
43958,inctot,0.5157129702670714,0.5157129702670714,0.0,ok
43958,incwage,0.524742912444292,0.524742912444292,0.0,ok
43958,incwelfr,0.7157091508843432,0.7157091508843432,0.0,ok
43958,momloc,0.6943775268114724,0.6943775268114724,0.0,ok
43958,nchild,0.6263162752071829,0.6263162752071829,0.0,ok
43958,nsibs,0.6900186748495579,0.6900186748495579,0.0,ok
43958,occscore,0.884274263780541,0.884274263780541,0.0,ok
43958,poverty,0.6720985620692791,0.6720985620692791,0.0,ok
43958,rent,0.5121958686465237,0.5121958686465237,0.0,ok
43958,sei,0.871516931011545,0.871516931011545,0.0,ok
43958,value,0.5099436217497351,0.5099436217497351,0.0,ok
43958,yngch,0.6276136021148384,0.6276136021148384,0.0,ok
43973,V1,0.651334620870829,0.651334620870829,0.0,ok
43973,V2,0.6420752438184684,0.6420752438184684,0.0,ok
43973,V3,0.6989261333006811,0.6989261333006811,0.0,ok
43973,V4,0.7061212230599079,0.7061212230599079,0.0,ok
43973,V5,0.5384249637035281,0.5384249637035281,0.0,ok
43976,assgNo,0.5059177980785072,0.5059177980785072,0.0,ok
43976,firstPassFixDur,0.481673989192847,0.481673989192847,0.0,ok
43976,firstSaccLen,0.5262680423285688,0.5262680423285688,0.0,ok
43976,firstfixDur,0.5082581247145901,0.5082581247145901,0.0,ok
43976,landingPos,0.5329121498649382,0.5329121498649382,0.0,ok
43976,lastSaccLen,0.5092766165119234,0.5092766165119234,0.0,ok
43976,leavingPos,0.5283257233240565,0.5283257233240565,0.0,ok
43976,lineNo,0.5058545310653129,0.5058545310653129,0.0,ok
43976,meanFixDur,0.4935097581161454,0.4935097581161454,0.0,ok
43976,nextFixDur,0.5105912988265162,0.5105912988265162,0.0,ok
43976,prevFixDur,0.4893240111410757,0.4893240111410757,0.0,ok
43976,prevFixPos,0.5325195903144734,0.5325195903144734,0.0,ok
43976,pupilDiamLag,0.5166025289114009,0.5166025289114009,0.0,ok
43976,pupilDiamMax,0.5042642865277681,0.5042642865277681,0.0,ok
43976,regressDur,0.5415051992976567,0.5415051992976567,0.0,ok
43976,regressLen,0.5211078244053247,0.5211078244053247,0.0,ok
43976,timePrtctg,0.5045335600579831,0.5045335600579831,0.0,ok
43976,titleNo,0.5551890491607152,0.5551890491607152,0.0,ok
43976,totalFixDur,0.48707176075656705,0.48707176075656705,0.0,ok
43976,wordNo,0.5519366893114891,0.5519366893114891,0.0,ok
43980,alcohol,0.7632954341279268,0.7632954341279268,0.0,ok
43980,chlorides,0.6765676577775952,0.6765676577775952,0.0,ok
43980,density,0.6996217642539012,0.6996217642539012,0.0,ok
43980,fixed acidity,0.5453254342076458,0.5453254342076458,0.0,ok
43980,free sulfur dioxide,0.5315414149132075,0.5315414149132075,0.0,ok
43980,pH,0.5259212290944724,0.5259212290944724,0.0,ok
43980,residual sugar,0.5225828448503705,0.5225828448503705,0.0,ok
43980,sulphates,0.521900328012809,0.521900328012809,0.0,ok
43980,total sulfur dioxide,0.5390423546769574,0.5390423546769574,0.0,ok
43980,volatile acidity,0.5998216135237676,0.5998216135237676,0.0,ok
44095,capital_run_length_average,0.7881312709658683,0.7881312709658683,0.0,ok
44095,capital_run_length_longest,0.8040936216279524,0.8040936216279524,0.0,ok
44095,capital_run_length_total,0.7623213425119554,0.7623213425119554,0.0,ok
44095,char_freq_%21,0.8265392181922209,0.8265392181922209,0.0,ok
44095,char_freq_%23,0.5994676380769842,0.5994676380769842,0.0,ok
44095,char_freq_%24,0.7697406582936404,0.7697406582936404,0.0,ok
44095,char_freq_%28,0.5188030057111837,0.5188030057111837,0.0,ok
44095,char_freq_%3B,0.5210376833660293,0.5210376833660293,0.0,ok
44095,char_freq_%5B,0.5334014621009906,0.5334014621009906,0.0,ok
44095,word_freq_000,0.6522430659805122,0.6522430659805122,0.0,ok
44095,word_freq_1999,0.6007801934221283,0.6007801934221283,0.0,ok
44095,word_freq_3d,0.5073950806426724,0.5073950806426724,0.0,ok
44095,word_freq_415,0.5322195786686461,0.5322195786686461,0.0,ok
44095,word_freq_650,0.567752743813412,0.567752743813412,0.0,ok
44095,word_freq_85,0.5649716379630297,0.5649716379630297,0.0,ok
44095,word_freq_857,0.5331331939499596,0.5331331939499596,0.0,ok
44095,word_freq_address,0.6199112143209293,0.6199112143209293,0.0,ok
44095,word_freq_addresses,0.5670626853246242,0.5670626853246242,0.0,ok
44095,word_freq_all,0.6740641873097294,0.6740641873097294,0.0,ok
44095,word_freq_business,0.6477563998572402,0.6477563998572402,0.0,ok
44095,word_freq_conference,0.5271075470399103,0.5271075470399103,0.0,ok
44095,word_freq_credit,0.5891346650723571,0.5891346650723571,0.0,ok
44095,word_freq_cs,0.5236791156805505,0.5236791156805505,0.0,ok
44095,word_freq_data,0.5468180350584533,0.5468180350584533,0.0,ok
44095,word_freq_direct,0.5107620833435549,0.5107620833435549,0.0,ok
44095,word_freq_edu,0.563043707924831,0.563043707924831,0.0,ok
44095,word_freq_email,0.6278063301787425,0.6278063301787425,0.0,ok
44095,word_freq_font,0.5207786146759297,0.5207786146759297,0.0,ok
44095,word_freq_free,0.7288941614879307,0.7288941614879307,0.0,ok
44095,word_freq_george,0.6294830061226864,0.6294830061226864,0.0,ok
44095,word_freq_hp,0.6732483039359448,0.6732483039359448,0.0,ok
44095,word_freq_hpl,0.6303753538330297,0.6303753538330297,0.0,ok
44095,word_freq_internet,0.631901870834029,0.631901870834029,0.0,ok
44095,word_freq_lab,0.5577739005951754,0.5577739005951754,0.0,ok
44095,word_freq_labs,0.5720939001836728,0.5720939001836728,0.0,ok
44095,word_freq_mail,0.6388081930201218,0.6388081930201218,0.0,ok
44095,word_freq_make,0.6013870610867947,0.6013870610867947,0.0,ok
44095,word_freq_meeting,0.5505452016007458,0.5505452016007458,0.0,ok
44095,word_freq_money,0.6700026747679956,0.6700026747679956,0.0,ok
44095,word_freq_order,0.6153467979149472,0.6153467979149472,0.0,ok
44095,word_freq_original,0.5288933305688789,0.5288933305688789,0.0,ok
44095,word_freq_our,0.7102361709350846,0.7102361709350846,0.0,ok
44095,word_freq_over,0.6290761525440762,0.6290761525440762,0.0,ok
44095,word_freq_parts,0.4989597684822117,0.4989597684822117,0.0,ok
44095,word_freq_people,0.5839339031591542,0.5839339031591542,0.0,ok
44095,word_freq_pm,0.5394693473961767,0.5394693473961767,0.0,ok
44095,word_freq_project,0.5363308474345572,0.5363308474345572,0.0,ok
44095,word_freq_re,0.5350965369667973,0.5350965369667973,0.0,ok
44095,word_freq_receive,0.6264457002313121,0.6264457002313121,0.0,ok
44095,word_freq_remove,0.6916711641808998,0.6916711641808998,0.0,ok
44095,word_freq_report,0.5423819165108364,0.5423819165108364,0.0,ok
44095,word_freq_table,0.5028629118094172,0.5028629118094172,0.0,ok
44095,word_freq_technology,0.5565726290516206,0.5565726290516206,0.0,ok
44095,word_freq_telnet,0.5472964070268845,0.5472964070268845,0.0,ok
44095,word_freq_will,0.5801968447233871,0.5801968447233871,0.0,ok
44095,word_freq_you,0.7094716264884331,0.7094716264884331,0.0,ok
44095,word_freq_your,0.7815048893651066,0.7815048893651066,0.0,ok
44097,age,0.5697619047619048,0.5697619047619048,0.0,ok
44097,checking_status,0.6741142857142858,0.6741142857142858,0.0,ok
44097,credit_amount,0.5550499999999999,0.5550499999999999,0.0,ok
44097,credit_history,0.5617047619047619,0.5617047619047619,0.0,ok
44097,duration,0.6302285714285712,0.6302285714285712,0.0,ok
44097,employment,0.4751357142857142,0.4751357142857142,0.0,ok
44097,existing_credits,0.5190809523809523,0.5190809523809523,0.0,ok
44097,foreign_worker,0.517,0.517,0.0,ok
44097,housing,0.4839119047619047,0.4839119047619047,0.0,ok
44097,installment_commitment,0.5437833333333333,0.5437833333333333,0.0,ok
44097,job,0.5174357142857142,0.5174357142857142,0.0,ok
44097,num_dependents,0.4836404761904762,0.4836404761904762,0.0,ok
44097,other_parties,0.4874119047619047,0.4874119047619047,0.0,ok
44097,other_payment_plans,0.5298190476190476,0.5298190476190476,0.0,ok
44097,own_telephone,0.5096571428571429,0.5096571428571429,0.0,ok
44097,personal_status,0.5457023809523809,0.5457023809523809,0.0,ok
44097,property_magnitude,0.5255119047619048,0.5255119047619048,0.0,ok
44097,purpose,0.583404761904762,0.583404761904762,0.0,ok
44097,residence_since,0.4592785714285714,0.4592785714285714,0.0,ok
44097,savings_status,0.5471476190476191,0.5471476190476191,0.0,ok
44098,age,0.5697619047619048,0.5697619047619048,0.0,ok
44098,checking_status,0.6741142857142858,0.6741142857142858,0.0,ok
44098,credit_amount,0.5550499999999999,0.5550499999999999,0.0,ok
44098,credit_history,0.5617047619047619,0.5617047619047619,0.0,ok
44098,duration,0.6302285714285712,0.6302285714285712,0.0,ok
44098,employment,0.4751357142857142,0.4751357142857142,0.0,ok
44098,existing_credits,0.5190809523809523,0.5190809523809523,0.0,ok
44098,foreign_worker,0.517,0.517,0.0,ok
44098,housing,0.4839119047619047,0.4839119047619047,0.0,ok
44098,installment_commitment,0.5437833333333333,0.5437833333333333,0.0,ok
44098,job,0.5174357142857142,0.5174357142857142,0.0,ok
44098,num_dependents,0.4836404761904762,0.4836404761904762,0.0,ok
44098,other_parties,0.4874119047619047,0.4874119047619047,0.0,ok
44098,other_payment_plans,0.5298190476190476,0.5298190476190476,0.0,ok
44098,own_telephone,0.5096571428571429,0.5096571428571429,0.0,ok
44098,personal_status,0.5457023809523809,0.5457023809523809,0.0,ok
44098,property_magnitude,0.5255119047619048,0.5255119047619048,0.0,ok
44098,purpose,0.583404761904762,0.583404761904762,0.0,ok
44098,residence_since,0.4592785714285714,0.4592785714285714,0.0,ok
44098,savings_status,0.5471476190476191,0.5471476190476191,0.0,ok
44149,age,0.6394665564890052,0.6394665564890052,0.0,ok
44149,ca,0.7350456778221549,0.7350456778221549,0.0,ok
44149,chol,0.5672772345406969,0.5672772345406969,0.0,ok
44149,cp,0.7414727080751043,0.7414727080751043,0.0,ok
44149,exang,0.678602579993573,0.678602579993573,0.0,ok
44149,fbs,0.4876050130835974,0.4876050130835974,0.0,ok
44149,oldpeak,0.7406922829729605,0.7406922829729605,0.0,ok
44149,restecg,0.5811871643024377,0.5811871643024377,0.0,ok
44149,sex,0.6365514391957031,0.6365514391957031,0.0,ok
44149,slope,0.6827801496579902,0.6827801496579902,0.0,ok
44149,thal,0.7586191066427949,0.7586191066427949,0.0,ok
44149,thalach,0.7480604140843777,0.7480604140843777,0.0,ok
44149,trestpbs,0.57453059725474,0.57453059725474,0.0,ok
44155,A1,0.5151002287784592,0.5151002287784592,0.0,ok
44155,A10,0.7301562327246749,0.7301562327246749,0.0,ok
44155,A11,0.7691888995671069,0.7691888995671069,0.0,ok
44155,A12,0.5088194521223668,0.5088194521223668,0.0,ok
44155,A13,0.5231287367857052,0.5231287367857052,0.0,ok
44155,A14,0.5755053962800112,0.5755053962800112,0.0,ok
44155,A15,0.6642357183558568,0.6642357183558568,0.0,ok
44155,A2,0.5869145525212407,0.5869145525212407,0.0,ok
44155,A3,0.6099582415526318,0.6099582415526318,0.0,ok
44155,A4,0.5768023745333004,0.5768023745333004,0.0,ok
44155,A5,0.5753735722608244,0.5753735722608244,0.0,ok
44155,A6,0.5751822148136179,0.5751822148136179,0.0,ok
44155,A7,0.48245464828501206,0.48245464828501206,0.0,ok
44155,A8,0.719839940126381,0.719839940126381,0.0,ok
44155,A9,0.860555702026688,0.860555702026688,0.0,ok
44186,Var109,0.5512823360048287,0.5512823360048287,0.0,ok
44186,Var112,0.5563275163611849,0.5563275163611849,0.0,ok
44186,Var113,0.5087504046183688,0.5087504046183688,0.0,ok
44186,Var119,0.5459008356434101,0.5459008356434101,0.0,ok
44186,Var123,0.5493277706927311,0.5493277706927311,0.0,ok
44186,Var125,0.5497873015544648,0.5497873015544648,0.0,ok
44186,Var126,0.7309838493383728,0.7309838493383728,0.0,ok
44186,Var13,0.5453201474392829,0.5453201474392829,0.0,ok
44186,Var132,0.5148726151854187,0.5148726151854187,0.0,ok
44186,Var133,0.5708972001625775,0.5708972001625775,0.0,ok
44186,Var134,0.5437056288803814,0.5437056288803814,0.0,ok
44186,Var140,0.5451347227056009,0.5451347227056009,0.0,ok
44186,Var144,0.519028015410788,0.519028015410788,0.0,ok
44186,Var149,0.5183930231624242,0.5183930231624242,0.0,ok
44186,Var153,0.5961009696238084,0.5961009696238084,0.0,ok
44186,Var160,0.5349086018822967,0.5349086018822967,0.0,ok
44186,Var163,0.49458168849374884,0.49458168849374884,0.0,ok
44186,Var194,0.5095565991126385,0.5095565991126385,0.0,ok
44186,Var196,0.5028422158727223,0.5028422158727223,0.0,ok
44186,Var201,0.510333816238765,0.510333816238765,0.0,ok
44186,Var203,0.5080366182666027,0.5080366182666027,0.0,ok
44186,Var205,0.5112866468636905,0.5112866468636905,0.0,ok
44186,Var207,0.5266115675828281,0.5266115675828281,0.0,ok
44186,Var208,0.5019476442084204,0.5019476442084204,0.0,ok
44186,Var21,0.5451001932432993,0.5451001932432993,0.0,ok
44186,Var210,0.5142208905984945,0.5142208905984945,0.0,ok
44186,Var211,0.6063450396830226,0.6063450396830226,0.0,ok
44186,Var218,0.5660662697958777,0.5660662697958777,0.0,ok
44186,Var22,0.5451001932432993,0.5451001932432993,0.0,ok
44186,Var221,0.5095817736765633,0.5095817736765633,0.0,ok
44186,Var223,0.5188425906771061,0.5188425906771061,0.0,ok
44186,Var225,0.5709978223621924,0.5709978223621924,0.0,ok
44186,Var227,0.5076173971295825,0.5076173971295825,0.0,ok
44186,Var229,0.5536450182656293,0.5536450182656293,0.0,ok
44186,Var24,0.5678102358103685,0.5678102358103685,0.0,ok
44186,Var25,0.5655147871281466,0.5655147871281466,0.0,ok
44186,Var28,0.6508263645678432,0.6508263645678432,0.0,ok
44186,Var35,0.5108280286749691,0.5108280286749691,0.0,ok
44186,Var38,0.5836786533083789,0.5836786533083789,0.0,ok
44186,Var57,0.5110999291765743,0.5110999291765743,0.0,ok
44186,Var6,0.5656810457285686,0.5656810457285686,0.0,ok
44186,Var65,0.5130052101460034,0.5130052101460034,0.0,ok
44186,Var73,0.5670272384218301,0.5670272384218301,0.0,ok
44186,Var74,0.5288817656450407,0.5288817656450407,0.0,ok
44186,Var76,0.5547947580929758,0.5547947580929758,0.0,ok
44186,Var78,0.5089876996015877,0.5089876996015877,0.0,ok
44186,Var81,0.5944726088575524,0.5944726088575524,0.0,ok
44186,Var83,0.5448896700017766,0.5448896700017766,0.0,ok
44186,Var85,0.5689513813001819,0.5689513813001819,0.0,ok
44227,Aggregate_Calls,0.704737,0.704737,0.0,ok
44227,Aggregate_Data_Rev,0.5347315,0.5347315,0.0,ok
44227,Aggregate_Data_Vol,0.6400410000000001,0.6400410000000001,0.0,ok
44227,Aggregate_OFFNET_REV,0.5404595,0.5404595,0.0,ok
44227,Aggregate_ONNET_REV,0.593557,0.593557,0.0,ok
44227,Aggregate_SMS_Rev,0.6012055,0.6012055,0.0,ok
44227,Aggregate_Total_Rev,0.7285635000000001,0.7285635000000001,0.0,ok
44227,Aggregate_complaint_count,0.588668,0.588668,0.0,ok
44227,network_age,0.593663,0.593663,0.0,ok
44232,account length,0.5126867894373616,0.5126867894373616,0.0,ok
44232,area code,0.4802342813555628,0.4802342813555628,0.0,ok
44232,customer service calls,0.6117227852239294,0.6117227852239294,0.0,ok
44232,number vmail messages,0.5619356361919292,0.5619356361919292,0.0,ok
44232,total day calls,0.521519014928626,0.521519014928626,0.0,ok
44232,total day charge,0.6398441756565326,0.6398441756565326,0.0,ok
44232,total day minutes,0.6398441756565326,0.6398441756565326,0.0,ok
44232,total eve calls,0.5069278268134103,0.5069278268134103,0.0,ok
44232,total eve charge,0.572661363553812,0.572661363553812,0.0,ok
44232,total eve minutes,0.572673713268679,0.572673713268679,0.0,ok
44232,total intl calls,0.5618146816316152,0.5618146816316152,0.0,ok
44232,total intl charge,0.5502564381969416,0.5502564381969416,0.0,ok
44232,total intl minutes,0.5502564381969416,0.5502564381969416,0.0,ok
44232,total night calls,0.48100323271947987,0.48100323271947987,0.0,ok
44232,total night charge,0.5282641386073881,0.5282641386073881,0.0,ok
44232,total night minutes,0.5282347172278523,0.5282347172278523,0.0,ok
44345,DebtRatio,0.575553,0.575553,0.0,ok
44345,MonthlyIncome,0.5982215000000001,0.5982215000000001,0.0,ok
44345,NumberOfDependents,0.5308955,0.5308955,0.0,ok
44345,NumberOfOpenCreditLinesAndLoans,0.5239944999999999,0.5239944999999999,0.0,ok
44345,NumberOfTime30-59DaysPastDueNotWorse,0.6881815,0.6881815,0.0,ok
44345,NumberOfTime60-89DaysPastDueNotWorse,0.6190445,0.6190445,0.0,ok
44345,NumberOfTimes90DaysLate,0.6467095,0.6467095,0.0,ok
44345,NumberRealEstateLoansOrLines,0.5404385,0.5404385,0.0,ok
44345,RevolvingUtilizationOfUnsecuredLines,0.770458,0.770458,0.0,ok
44345,age,0.61738,0.61738,0.0,ok
44347,DebtRatio,0.575553,0.575553,0.0,ok
44347,MonthlyIncome,0.5982215000000001,0.5982215000000001,0.0,ok
44347,NumberOfDependents,0.5308955,0.5308955,0.0,ok
44347,NumberOfOpenCreditLinesAndLoans,0.5239944999999999,0.5239944999999999,0.0,ok
44347,NumberOfTime30-59DaysPastDueNotWorse,0.6881815,0.6881815,0.0,ok
44347,NumberOfTime60-89DaysPastDueNotWorse,0.6190445,0.6190445,0.0,ok
44347,NumberOfTimes90DaysLate,0.6467095,0.6467095,0.0,ok
44347,NumberRealEstateLoansOrLines,0.5404385,0.5404385,0.0,ok
44347,RevolvingUtilizationOfUnsecuredLines,0.770458,0.770458,0.0,ok
44347,age,0.61738,0.61738,0.0,ok
44349,DebtRatio,0.5683965,0.5683965,0.0,ok
44349,MonthlyIncome,0.574823,0.574823,0.0,ok
44349,NumberOfDependents,0.548207,0.548207,0.0,ok
44349,NumberOfOpenCreditLinesAndLoans,0.5332379999999999,0.5332379999999999,0.0,ok
44349,NumberOfTime30-59DaysPastDueNotWorse,0.693203,0.693203,0.0,ok
44349,NumberOfTime60-89DaysPastDueNotWorse,0.624752,0.624752,0.0,ok
44349,NumberOfTimes90DaysLate,0.6416434999999999,0.6416434999999999,0.0,ok
44349,NumberRealEstateLoansOrLines,0.531451,0.531451,0.0,ok
44349,RevolvingUtilizationOfUnsecuredLines,0.7616665,0.7616665,0.0,ok
44349,age,0.6110145,0.6110145,0.0,ok
44350,DebtRatio,0.5780390000000001,0.5780390000000001,0.0,ok
44350,MonthlyIncome,0.5776205,0.5776205,0.0,ok
44350,NumberOfDependents,0.549127,0.549127,0.0,ok
44350,NumberOfOpenCreditLinesAndLoans,0.520693,0.520693,0.0,ok
44350,NumberOfTime30-59DaysPastDueNotWorse,0.6810680000000001,0.6810680000000001,0.0,ok
44350,NumberOfTime60-89DaysPastDueNotWorse,0.5918135,0.5918135,0.0,ok
44350,NumberOfTimes90DaysLate,0.6355335,0.6355335,0.0,ok
44350,NumberRealEstateLoansOrLines,0.527875,0.527875,0.0,ok
44350,RevolvingUtilizationOfUnsecuredLines,0.7836179999999999,0.7836179999999999,0.0,ok
44350,age,0.6123810000000001,0.6123810000000001,0.0,ok
44351,DebtRatio,0.546102,0.546102,0.0,ok
44351,MonthlyIncome,0.566452,0.566452,0.0,ok
44351,NumberOfDependents,0.567361,0.567361,0.0,ok
44351,NumberOfOpenCreditLinesAndLoans,0.5340595000000001,0.5340595000000001,0.0,ok
44351,NumberOfTime30-59DaysPastDueNotWorse,0.6824414999999999,0.6824414999999999,0.0,ok
44351,NumberOfTime60-89DaysPastDueNotWorse,0.6050325,0.6050325,0.0,ok
44351,NumberOfTimes90DaysLate,0.6380075,0.6380075,0.0,ok
44351,NumberRealEstateLoansOrLines,0.5434155,0.5434155,0.0,ok
44351,RevolvingUtilizationOfUnsecuredLines,0.7740104999999999,0.7740104999999999,0.0,ok
44351,age,0.625001,0.625001,0.0,ok
44352,DebtRatio,0.537979,0.537979,0.0,ok
44352,MonthlyIncome,0.576765,0.576765,0.0,ok
44352,NumberOfDependents,0.5389010000000001,0.5389010000000001,0.0,ok
44352,NumberOfOpenCreditLinesAndLoans,0.55279,0.55279,0.0,ok
44352,NumberOfTime30-59DaysPastDueNotWorse,0.684499,0.684499,0.0,ok
44352,NumberOfTime60-89DaysPastDueNotWorse,0.614206,0.614206,0.0,ok
44352,NumberOfTimes90DaysLate,0.648827,0.648827,0.0,ok
44352,NumberRealEstateLoansOrLines,0.5480305,0.5480305,0.0,ok
44352,RevolvingUtilizationOfUnsecuredLines,0.762197,0.762197,0.0,ok
44352,age,0.6253660000000001,0.6253660000000001,0.0,ok
44362,AveBedrms,0.5480805,0.5480805,0.0,ok
44362,AveOccup,0.6242465,0.6242465,0.0,ok
44362,AveRooms,0.6188319999999999,0.6188319999999999,0.0,ok
44362,HouseAge,0.5237689999999999,0.5237689999999999,0.0,ok
44362,Latitude,0.587077,0.587077,0.0,ok
44362,Longitude,0.541117,0.541117,0.0,ok
44362,MedInc,0.8313359999999999,0.8313359999999999,0.0,ok
44362,Population,0.4903045,0.4903045,0.0,ok
44363,AveBedrms,0.5622955000000001,0.5622955000000001,0.0,ok
44363,AveOccup,0.6387860000000001,0.6387860000000001,0.0,ok
44363,AveRooms,0.624018,0.624018,0.0,ok
44363,HouseAge,0.5417989999999999,0.5417989999999999,0.0,ok
44363,Latitude,0.561954,0.561954,0.0,ok
44363,Longitude,0.5670275,0.5670275,0.0,ok
44363,MedInc,0.8283005,0.8283005,0.0,ok
44363,Population,0.4789445,0.4789445,0.0,ok
44364,AveBedrms,0.556554,0.556554,0.0,ok
44364,AveOccup,0.6332905,0.6332905,0.0,ok
44364,AveRooms,0.6330475,0.6330475,0.0,ok
44364,HouseAge,0.523381,0.523381,0.0,ok
44364,Latitude,0.5772105,0.5772105,0.0,ok
44364,Longitude,0.5384869999999999,0.5384869999999999,0.0,ok
44364,MedInc,0.8272869999999999,0.8272869999999999,0.0,ok
44364,Population,0.484522,0.484522,0.0,ok
44365,AveBedrms,0.5784745,0.5784745,0.0,ok
44365,AveOccup,0.6301249999999999,0.6301249999999999,0.0,ok
44365,AveRooms,0.628497,0.628497,0.0,ok
44365,HouseAge,0.5634835,0.5634835,0.0,ok
44365,Latitude,0.5624095,0.5624095,0.0,ok
44365,Longitude,0.5593155,0.5593155,0.0,ok
44365,MedInc,0.8276105,0.8276105,0.0,ok
44365,Population,0.513592,0.513592,0.0,ok
44366,AveBedrms,0.5615715,0.5615715,0.0,ok
44366,AveOccup,0.6504215,0.6504215,0.0,ok
44366,AveRooms,0.6399335,0.6399335,0.0,ok
44366,HouseAge,0.542934,0.542934,0.0,ok
44366,Latitude,0.544818,0.544818,0.0,ok
44366,Longitude,0.5688219999999999,0.5688219999999999,0.0,ok
44366,MedInc,0.8277395000000001,0.8277395000000001,0.0,ok
44366,Population,0.48454849999999994,0.48454849999999994,0.0,ok
44367,alcohol,0.7621830000000003,0.7621830000000003,0.0,ok
44367,chlorides,0.6598785,0.6598785,0.0,ok
44367,density,0.6941734999999999,0.6941734999999999,0.0,ok
44367,fixed acidity,0.5321514999999999,0.5321514999999999,0.0,ok
44367,free sulfur dioxide,0.519169,0.519169,0.0,ok
44367,pH,0.5259175,0.5259175,0.0,ok
44367,residual sugar,0.5342925000000001,0.5342925000000001,0.0,ok
44367,sulphates,0.52441,0.52441,0.0,ok
44367,total sulfur dioxide,0.5497625,0.5497625,0.0,ok
44367,volatile acidity,0.584464,0.584464,0.0,ok
44368,alcohol,0.7643485,0.7643485,0.0,ok
44368,chlorides,0.679425,0.679425,0.0,ok
44368,density,0.6960055,0.6960055,0.0,ok
44368,fixed acidity,0.540293,0.540293,0.0,ok
44368,free sulfur dioxide,0.5377270000000001,0.5377270000000001,0.0,ok
44368,pH,0.5260195,0.5260195,0.0,ok
44368,residual sugar,0.5152985000000001,0.5152985000000001,0.0,ok
44368,sulphates,0.5179075,0.5179075,0.0,ok
44368,total sulfur dioxide,0.5383485,0.5383485,0.0,ok
44368,volatile acidity,0.595267,0.595267,0.0,ok
44369,alcohol,0.761201,0.761201,0.0,ok
44369,chlorides,0.6791940000000001,0.6791940000000001,0.0,ok
44369,density,0.695516,0.695516,0.0,ok
44369,fixed acidity,0.535533,0.535533,0.0,ok
44369,free sulfur dioxide,0.5252939999999999,0.5252939999999999,0.0,ok
44369,pH,0.528671,0.528671,0.0,ok
44369,residual sugar,0.5244365,0.5244365,0.0,ok
44369,sulphates,0.527349,0.527349,0.0,ok
44369,total sulfur dioxide,0.53752,0.53752,0.0,ok
44369,volatile acidity,0.601204,0.601204,0.0,ok
44370,alcohol,0.761206,0.761206,0.0,ok
44370,chlorides,0.6707604999999999,0.6707604999999999,0.0,ok
44370,density,0.6986005,0.6986005,0.0,ok
44370,fixed acidity,0.5497340000000001,0.5497340000000001,0.0,ok
44370,free sulfur dioxide,0.5383925,0.5383925,0.0,ok
44370,pH,0.5304955,0.5304955,0.0,ok
44370,residual sugar,0.5257369999999999,0.5257369999999999,0.0,ok
44370,sulphates,0.5343709999999999,0.5343709999999999,0.0,ok
44370,total sulfur dioxide,0.527248,0.527248,0.0,ok
44370,volatile acidity,0.6017539999999999,0.6017539999999999,0.0,ok
44371,alcohol,0.766488,0.766488,0.0,ok
44371,chlorides,0.6759205,0.6759205,0.0,ok
44371,density,0.6968645,0.6968645,0.0,ok
44371,fixed acidity,0.5378134999999999,0.5378134999999999,0.0,ok
44371,free sulfur dioxide,0.5213529999999998,0.5213529999999998,0.0,ok
44371,pH,0.5218365,0.5218365,0.0,ok
44371,residual sugar,0.5216414999999999,0.5216414999999999,0.0,ok
44371,sulphates,0.5343505,0.5343505,0.0,ok
44371,total sulfur dioxide,0.5495085000000001,0.5495085000000001,0.0,ok
44371,volatile acidity,0.591297,0.591297,0.0,ok
44377,X1,0.6505489999999999,0.6505489999999999,0.0,ok
44377,X10,0.5693015,0.5693015,0.0,ok
44377,X2,0.5301795,0.5301795,0.0,ok
44377,X3,0.5279339999999999,0.5279339999999999,0.0,ok
44377,X4,0.530744,0.530744,0.0,ok
44377,X5,0.4716055,0.4716055,0.0,ok
44377,X6,0.532451,0.532451,0.0,ok
44377,X7,0.5315045,0.5315045,0.0,ok
44377,X8,0.540573,0.540573,0.0,ok
44377,X9,0.5155705,0.5155705,0.0,ok
44378,X1,0.6396700000000001,0.6396700000000001,0.0,ok
44378,X10,0.5754035,0.5754035,0.0,ok
44378,X2,0.514746,0.514746,0.0,ok
44378,X3,0.5495979999999999,0.5495979999999999,0.0,ok
44378,X4,0.5338095,0.5338095,0.0,ok
44378,X5,0.48594299999999996,0.48594299999999996,0.0,ok
44378,X6,0.515976,0.515976,0.0,ok
44378,X7,0.530527,0.530527,0.0,ok
44378,X8,0.5507789999999999,0.5507789999999999,0.0,ok
44378,X9,0.47545449999999995,0.47545449999999995,0.0,ok
44379,X1,0.6705295000000001,0.6705295000000001,0.0,ok
44379,X10,0.5704689999999999,0.5704689999999999,0.0,ok
44379,X2,0.47883450000000005,0.47883450000000005,0.0,ok
44379,X3,0.5425960000000001,0.5425960000000001,0.0,ok
44379,X4,0.5118560000000001,0.5118560000000001,0.0,ok
44379,X5,0.509281,0.509281,0.0,ok
44379,X6,0.5092585000000001,0.5092585000000001,0.0,ok
44379,X7,0.5252005,0.5252005,0.0,ok
44379,X8,0.555713,0.555713,0.0,ok
44379,X9,0.504686,0.504686,0.0,ok
44380,X1,0.6569769999999999,0.6569769999999999,0.0,ok
44380,X10,0.5671854999999999,0.5671854999999999,0.0,ok
44380,X2,0.5127919999999999,0.5127919999999999,0.0,ok
44380,X3,0.560309,0.560309,0.0,ok
44380,X4,0.5526015000000001,0.5526015000000001,0.0,ok
44380,X5,0.481608,0.481608,0.0,ok
44380,X6,0.5574749999999999,0.5574749999999999,0.0,ok
44380,X7,0.5328080000000001,0.5328080000000001,0.0,ok
44380,X8,0.5568765,0.5568765,0.0,ok
44380,X9,0.5045815,0.5045815,0.0,ok
44381,X1,0.6544395000000001,0.6544395000000001,0.0,ok
44381,X10,0.5745754999999999,0.5745754999999999,0.0,ok
44381,X2,0.515491,0.515491,0.0,ok
44381,X3,0.5269315,0.5269315,0.0,ok
44381,X4,0.5182505,0.5182505,0.0,ok
44381,X5,0.492038,0.492038,0.0,ok
44381,X6,0.5211005,0.5211005,0.0,ok
44381,X7,0.5480895,0.5480895,0.0,ok
44381,X8,0.546778,0.546778,0.0,ok
44381,X9,0.526189,0.526189,0.0,ok
44382,f13,0.493131,0.493131,0.0,ok
44382,f14,0.506687,0.506687,0.0,ok
44382,f15,0.524284,0.524284,0.0,ok
44382,f16,0.524071,0.524071,0.0,ok
44382,f17,0.5409919999999999,0.5409919999999999,0.0,ok
44382,f18,0.495793,0.495793,0.0,ok
44382,f19,0.550435,0.550435,0.0,ok
44382,f20,0.575088,0.575088,0.0,ok
44382,f21,0.5807825,0.5807825,0.0,ok
44382,f22,0.5615384999999999,0.5615384999999999,0.0,ok
44382,f23,0.54556,0.54556,0.0,ok
44382,f24,0.5160489999999999,0.5160489999999999,0.0,ok
44382,f25,0.524687,0.524687,0.0,ok
44382,f26,0.506549,0.506549,0.0,ok
44382,f27,0.5019975000000001,0.5019975000000001,0.0,ok
44382,f28,0.5114474999999998,0.5114474999999998,0.0,ok
44382,f29,0.5109925,0.5109925,0.0,ok
44382,f30,0.4943665,0.4943665,0.0,ok
44382,f31,0.505428,0.505428,0.0,ok
44382,f32,0.5175789999999999,0.5175789999999999,0.0,ok
44382,f33,0.5039585,0.5039585,0.0,ok
44382,f5,0.5759294999999999,0.5759294999999999,0.0,ok
44382,f6,0.6938815,0.6938815,0.0,ok
44382,f7,0.6101005,0.6101005,0.0,ok
44382,f8,0.5332515000000001,0.5332515000000001,0.0,ok
44382,f9,0.513378,0.513378,0.0,ok
44383,f13,0.519983,0.519983,0.0,ok
44383,f14,0.5128520000000001,0.5128520000000001,0.0,ok
44383,f15,0.5277215000000001,0.5277215000000001,0.0,ok
44383,f16,0.5242195,0.5242195,0.0,ok
44383,f17,0.520351,0.520351,0.0,ok
44383,f18,0.5103245,0.5103245,0.0,ok
44383,f19,0.538745,0.538745,0.0,ok
44383,f20,0.5644425,0.5644425,0.0,ok
44383,f21,0.566387,0.566387,0.0,ok
44383,f22,0.5695465,0.5695465,0.0,ok
44383,f23,0.5556295,0.5556295,0.0,ok
44383,f24,0.5350505000000001,0.5350505000000001,0.0,ok
44383,f25,0.523844,0.523844,0.0,ok
44383,f26,0.501509,0.501509,0.0,ok
44383,f27,0.5033940000000001,0.5033940000000001,0.0,ok
44383,f28,0.5128695,0.5128695,0.0,ok
44383,f29,0.5102865,0.5102865,0.0,ok
44383,f30,0.515004,0.515004,0.0,ok
44383,f31,0.5124575,0.5124575,0.0,ok
44383,f32,0.5080175,0.5080175,0.0,ok
44383,f33,0.49889950000000005,0.49889950000000005,0.0,ok
44383,f5,0.5582085,0.5582085,0.0,ok
44383,f6,0.6993005,0.6993005,0.0,ok
44383,f7,0.6235539999999999,0.6235539999999999,0.0,ok
44383,f8,0.541976,0.541976,0.0,ok
44383,f9,0.5237525000000001,0.5237525000000001,0.0,ok
44384,f13,0.513091,0.513091,0.0,ok
44384,f14,0.49319199999999996,0.49319199999999996,0.0,ok
44384,f15,0.511761,0.511761,0.0,ok
44384,f16,0.5118535,0.5118535,0.0,ok
44384,f17,0.5313700000000001,0.5313700000000001,0.0,ok
44384,f18,0.516857,0.516857,0.0,ok
44384,f19,0.544034,0.544034,0.0,ok
44384,f20,0.5536335,0.5536335,0.0,ok
44384,f21,0.5641879999999999,0.5641879999999999,0.0,ok
44384,f22,0.5614675,0.5614675,0.0,ok
44384,f23,0.5384624999999998,0.5384624999999998,0.0,ok
44384,f24,0.5348185000000001,0.5348185000000001,0.0,ok
44384,f25,0.5251775000000001,0.5251775000000001,0.0,ok
44384,f26,0.48981450000000004,0.48981450000000004,0.0,ok
44384,f27,0.49668300000000004,0.49668300000000004,0.0,ok
44384,f28,0.5037725,0.5037725,0.0,ok
44384,f29,0.5050844999999999,0.5050844999999999,0.0,ok
44384,f30,0.500562,0.500562,0.0,ok
44384,f31,0.5028265000000001,0.5028265000000001,0.0,ok
44384,f32,0.5054814999999999,0.5054814999999999,0.0,ok
44384,f33,0.51377,0.51377,0.0,ok
44384,f5,0.566144,0.566144,0.0,ok
44384,f6,0.6855845,0.6855845,0.0,ok
44384,f7,0.6117969999999999,0.6117969999999999,0.0,ok
44384,f8,0.5236040000000001,0.5236040000000001,0.0,ok
44384,f9,0.511216,0.511216,0.0,ok
44385,f13,0.5048834999999999,0.5048834999999999,0.0,ok
44385,f14,0.510046,0.510046,0.0,ok
44385,f15,0.5341454999999999,0.5341454999999999,0.0,ok
44385,f16,0.5463105,0.5463105,0.0,ok
44385,f17,0.5174420000000001,0.5174420000000001,0.0,ok
44385,f18,0.5075235,0.5075235,0.0,ok
44385,f19,0.5649200000000001,0.5649200000000001,0.0,ok
44385,f20,0.5552024999999999,0.5552024999999999,0.0,ok
44385,f21,0.565615,0.565615,0.0,ok
44385,f22,0.5549405000000001,0.5549405000000001,0.0,ok
44385,f23,0.5322264999999999,0.5322264999999999,0.0,ok
44385,f24,0.5221095,0.5221095,0.0,ok
44385,f25,0.5225054999999998,0.5225054999999998,0.0,ok
44385,f26,0.5156415,0.5156415,0.0,ok
44385,f27,0.5132939999999999,0.5132939999999999,0.0,ok
44385,f28,0.5152994999999999,0.5152994999999999,0.0,ok
44385,f29,0.4970335,0.4970335,0.0,ok
44385,f30,0.5063055,0.5063055,0.0,ok
44385,f31,0.5057004999999999,0.5057004999999999,0.0,ok
44385,f32,0.5110345000000001,0.5110345000000001,0.0,ok
44385,f33,0.50687,0.50687,0.0,ok
44385,f5,0.580081,0.580081,0.0,ok
44385,f6,0.698399,0.698399,0.0,ok
44385,f7,0.6036355,0.6036355,0.0,ok
44385,f8,0.535914,0.535914,0.0,ok
44385,f9,0.5091605,0.5091605,0.0,ok
44386,f13,0.5097495000000001,0.5097495000000001,0.0,ok
44386,f14,0.5217905,0.5217905,0.0,ok
44386,f15,0.5315365,0.5315365,0.0,ok
44386,f16,0.5175645,0.5175645,0.0,ok
44386,f17,0.5084354999999999,0.5084354999999999,0.0,ok
44386,f18,0.5165,0.5165,0.0,ok
44386,f19,0.5632925,0.5632925,0.0,ok
44386,f20,0.5597559999999999,0.5597559999999999,0.0,ok
44386,f21,0.56333,0.56333,0.0,ok
44386,f22,0.5740295,0.5740295,0.0,ok
44386,f23,0.552006,0.552006,0.0,ok
44386,f24,0.5245679999999999,0.5245679999999999,0.0,ok
44386,f25,0.5169195,0.5169195,0.0,ok
44386,f26,0.505772,0.505772,0.0,ok
44386,f27,0.500413,0.500413,0.0,ok
44386,f28,0.5033884999999999,0.5033884999999999,0.0,ok
44386,f29,0.505664,0.505664,0.0,ok
44386,f30,0.506279,0.506279,0.0,ok
44386,f31,0.5135959999999999,0.5135959999999999,0.0,ok
44386,f32,0.51294,0.51294,0.0,ok
44386,f33,0.5060235000000001,0.5060235000000001,0.0,ok
44386,f5,0.5698895,0.5698895,0.0,ok
44386,f6,0.704799,0.704799,0.0,ok
44386,f7,0.6136525,0.6136525,0.0,ok
44386,f8,0.5391285,0.5391285,0.0,ok
44386,f9,0.5167265000000001,0.5167265000000001,0.0,ok
44387,H10p1,0.7409485,0.7409485,0.0,ok
44387,H13p1,0.5945090000000001,0.5945090000000001,0.0,ok
44387,H18pA,0.6086334999999999,0.6086334999999999,0.0,ok
44387,H2p2,0.6976405000000001,0.6976405000000001,0.0,ok
44387,H40p4,0.652601,0.652601,0.0,ok
44387,H8p2,0.6144299999999999,0.6144299999999999,0.0,ok
44387,P1,0.7981505000000001,0.7981505000000001,0.0,ok
44387,P11p4,0.6698905,0.6698905,0.0,ok
44387,P14p9,0.7287180000000001,0.7287180000000001,0.0,ok
44387,P15p1,0.516695,0.516695,0.0,ok
44387,P15p3,0.5777345,0.5777345,0.0,ok
44387,P16p2,0.5837115,0.5837115,0.0,ok
44387,P18p2,0.5803619999999999,0.5803619999999999,0.0,ok
44387,P27p4,0.7643610000000001,0.7643610000000001,0.0,ok
44387,P5p1,0.612193,0.612193,0.0,ok
44387,P6p2,0.625356,0.625356,0.0,ok
44388,H10p1,0.7326275000000001,0.7326275000000001,0.0,ok
44388,H13p1,0.5887665,0.5887665,0.0,ok
44388,H18pA,0.5843395,0.5843395,0.0,ok
44388,H2p2,0.7118180000000001,0.7118180000000001,0.0,ok
44388,H40p4,0.6437275,0.6437275,0.0,ok
44388,H8p2,0.6357140000000001,0.6357140000000001,0.0,ok
44388,P1,0.7777685000000001,0.7777685000000001,0.0,ok
44388,P11p4,0.689185,0.689185,0.0,ok
44388,P14p9,0.7469049999999999,0.7469049999999999,0.0,ok
44388,P15p1,0.5343485,0.5343485,0.0,ok
44388,P15p3,0.551048,0.551048,0.0,ok
44388,P16p2,0.5946255,0.5946255,0.0,ok
44388,P18p2,0.5738169999999999,0.5738169999999999,0.0,ok
44388,P27p4,0.757601,0.757601,0.0,ok
44388,P5p1,0.6107389999999999,0.6107389999999999,0.0,ok
44388,P6p2,0.6407955000000001,0.6407955000000001,0.0,ok
44389,H10p1,0.7300154999999999,0.7300154999999999,0.0,ok
44389,H13p1,0.5805045,0.5805045,0.0,ok
44389,H18pA,0.5810455,0.5810455,0.0,ok
44389,H2p2,0.6767095000000001,0.6767095000000001,0.0,ok
44389,H40p4,0.648705,0.648705,0.0,ok
44389,H8p2,0.630613,0.630613,0.0,ok
44389,P1,0.7788394999999999,0.7788394999999999,0.0,ok
44389,P11p4,0.6918765,0.6918765,0.0,ok
44389,P14p9,0.7427179999999999,0.7427179999999999,0.0,ok
44389,P15p1,0.528493,0.528493,0.0,ok
44389,P15p3,0.5526395,0.5526395,0.0,ok
44389,P16p2,0.5968384999999999,0.5968384999999999,0.0,ok
44389,P18p2,0.5740545,0.5740545,0.0,ok
44389,P27p4,0.758896,0.758896,0.0,ok
44389,P5p1,0.6212635,0.6212635,0.0,ok
44389,P6p2,0.6381260000000001,0.6381260000000001,0.0,ok
44390,H10p1,0.7237605,0.7237605,0.0,ok
44390,H13p1,0.581049,0.581049,0.0,ok
44390,H18pA,0.582006,0.582006,0.0,ok
44390,H2p2,0.6895745,0.6895745,0.0,ok
44390,H40p4,0.6448445,0.6448445,0.0,ok
44390,H8p2,0.6385884999999999,0.6385884999999999,0.0,ok
44390,P1,0.7819365,0.7819365,0.0,ok
44390,P11p4,0.6887855,0.6887855,0.0,ok
44390,P14p9,0.7525179999999999,0.7525179999999999,0.0,ok
44390,P15p1,0.53958,0.53958,0.0,ok
44390,P15p3,0.5625590000000001,0.5625590000000001,0.0,ok
44390,P16p2,0.6124115,0.6124115,0.0,ok
44390,P18p2,0.57134,0.57134,0.0,ok
44390,P27p4,0.7464165,0.7464165,0.0,ok
44390,P5p1,0.6241869999999999,0.6241869999999999,0.0,ok
44390,P6p2,0.6410915,0.6410915,0.0,ok
44391,H10p1,0.7320065,0.7320065,0.0,ok
44391,H13p1,0.5636825,0.5636825,0.0,ok
44391,H18pA,0.6114885,0.6114885,0.0,ok
44391,H2p2,0.675303,0.675303,0.0,ok
44391,H40p4,0.6263475000000001,0.6263475000000001,0.0,ok
44391,H8p2,0.6223055,0.6223055,0.0,ok
44391,P1,0.7881009999999999,0.7881009999999999,0.0,ok
44391,P11p4,0.6754745000000001,0.6754745000000001,0.0,ok
44391,P14p9,0.7273225,0.7273225,0.0,ok
44391,P15p1,0.495255,0.495255,0.0,ok
44391,P15p3,0.559032,0.559032,0.0,ok
44391,P16p2,0.5618240000000001,0.5618240000000001,0.0,ok
44391,P18p2,0.585345,0.585345,0.0,ok
44391,P27p4,0.7808350000000001,0.7808350000000001,0.0,ok
44391,P5p1,0.6165365,0.6165365,0.0,ok
44391,P6p2,0.632649,0.632649,0.0,ok
44392,age,0.687477,0.687477,0.0,ok
44392,eldch,0.6169305,0.6169305,0.0,ok
44392,famsize,0.6256520000000001,0.6256520000000001,0.0,ok
44392,ftotinc,0.5875020000000001,0.5875020000000001,0.0,ok
44392,incbus,0.6731815000000001,0.6731815000000001,0.0,ok
44392,incfarm,0.691513,0.691513,0.0,ok
44392,incother,0.6999665,0.6999665,0.0,ok
44392,incss,0.7431735,0.7431735,0.0,ok
44392,inctot,0.4800055,0.4800055,0.0,ok
44392,incwage,0.512992,0.512992,0.0,ok
44392,incwelfr,0.705587,0.705587,0.0,ok
44392,momloc,0.6844315,0.6844315,0.0,ok
44392,nchild,0.612792,0.612792,0.0,ok
44392,nsibs,0.6832865,0.6832865,0.0,ok
44392,occscore,0.8797145000000001,0.8797145000000001,0.0,ok
44392,poverty,0.6646825,0.6646825,0.0,ok
44392,rent,0.4871845,0.4871845,0.0,ok
44392,sei,0.869268,0.869268,0.0,ok
44392,value,0.5137809999999999,0.5137809999999999,0.0,ok
44392,yngch,0.6135415000000001,0.6135415000000001,0.0,ok
44393,age,0.688542,0.688542,0.0,ok
44393,eldch,0.632912,0.632912,0.0,ok
44393,famsize,0.6192065000000001,0.6192065000000001,0.0,ok
44393,ftotinc,0.5892805,0.5892805,0.0,ok
44393,incbus,0.6652605,0.6652605,0.0,ok
44393,incfarm,0.680798,0.680798,0.0,ok
44393,incother,0.6920715,0.6920715,0.0,ok
44393,incss,0.7348855000000001,0.7348855000000001,0.0,ok
44393,inctot,0.5254135,0.5254135,0.0,ok
44393,incwage,0.5368295,0.5368295,0.0,ok
44393,incwelfr,0.69449,0.69449,0.0,ok
44393,momloc,0.6835300000000001,0.6835300000000001,0.0,ok
44393,nchild,0.634799,0.634799,0.0,ok
44393,nsibs,0.682559,0.682559,0.0,ok
44393,occscore,0.8761154999999999,0.8761154999999999,0.0,ok
44393,poverty,0.6646985000000001,0.6646985000000001,0.0,ok
44393,rent,0.49741499999999994,0.49741499999999994,0.0,ok
44393,sei,0.8592875,0.8592875,0.0,ok
44393,value,0.5096845,0.5096845,0.0,ok
44393,yngch,0.6294580000000001,0.6294580000000001,0.0,ok
44394,age,0.6816809999999999,0.6816809999999999,0.0,ok
44394,eldch,0.635978,0.635978,0.0,ok
44394,famsize,0.6159865000000002,0.6159865000000002,0.0,ok
44394,ftotinc,0.6032,0.6032,0.0,ok
44394,incbus,0.6749935,0.6749935,0.0,ok
44394,incfarm,0.6921945000000002,0.6921945000000002,0.0,ok
44394,incother,0.6958865000000001,0.6958865000000001,0.0,ok
44394,incss,0.7544225,0.7544225,0.0,ok
44394,inctot,0.5191574999999999,0.5191574999999999,0.0,ok
44394,incwage,0.5273745,0.5273745,0.0,ok
44394,incwelfr,0.7086705,0.7086705,0.0,ok
44394,momloc,0.691607,0.691607,0.0,ok
44394,nchild,0.6370164999999999,0.6370164999999999,0.0,ok
44394,nsibs,0.6820565000000001,0.6820565000000001,0.0,ok
44394,occscore,0.8880040000000001,0.8880040000000001,0.0,ok
44394,poverty,0.66124,0.66124,0.0,ok
44394,rent,0.5082515,0.5082515,0.0,ok
44394,sei,0.8743835000000001,0.8743835000000001,0.0,ok
44394,value,0.4902869999999999,0.4902869999999999,0.0,ok
44394,yngch,0.6344545,0.6344545,0.0,ok
44395,age,0.687641,0.687641,0.0,ok
44395,eldch,0.6302224999999999,0.6302224999999999,0.0,ok
44395,famsize,0.613413,0.613413,0.0,ok
44395,ftotinc,0.6017085,0.6017085,0.0,ok
44395,incbus,0.668841,0.668841,0.0,ok
44395,incfarm,0.6892345,0.6892345,0.0,ok
44395,incother,0.682874,0.682874,0.0,ok
44395,incss,0.750424,0.750424,0.0,ok
44395,inctot,0.515457,0.515457,0.0,ok
44395,incwage,0.5264465,0.5264465,0.0,ok
44395,incwelfr,0.706895,0.706895,0.0,ok
44395,momloc,0.6912900000000001,0.6912900000000001,0.0,ok
44395,nchild,0.6307345,0.6307345,0.0,ok
44395,nsibs,0.6889029999999999,0.6889029999999999,0.0,ok
44395,occscore,0.880167,0.880167,0.0,ok
44395,poverty,0.68156,0.68156,0.0,ok
44395,rent,0.49542149999999996,0.49542149999999996,0.0,ok
44395,sei,0.8724865,0.8724865,0.0,ok
44395,value,0.5126795,0.5126795,0.0,ok
44395,yngch,0.6286519999999999,0.6286519999999999,0.0,ok
44396,age,0.6926049999999999,0.6926049999999999,0.0,ok
44396,eldch,0.646872,0.646872,0.0,ok
44396,famsize,0.6114365,0.6114365,0.0,ok
44396,ftotinc,0.611247,0.611247,0.0,ok
44396,incbus,0.6827175,0.6827175,0.0,ok
44396,incfarm,0.701045,0.701045,0.0,ok
44396,incother,0.703286,0.703286,0.0,ok
44396,incss,0.7585200000000001,0.7585200000000001,0.0,ok
44396,inctot,0.49116400000000004,0.49116400000000004,0.0,ok
44396,incwage,0.468363,0.468363,0.0,ok
44396,incwelfr,0.715666,0.715666,0.0,ok
44396,momloc,0.6936160000000001,0.6936160000000001,0.0,ok
44396,nchild,0.6489505000000001,0.6489505000000001,0.0,ok
44396,nsibs,0.6898464999999999,0.6898464999999999,0.0,ok
44396,occscore,0.8854730000000001,0.8854730000000001,0.0,ok
44396,poverty,0.6852564999999999,0.6852564999999999,0.0,ok
44396,rent,0.498118,0.498118,0.0,ok
44396,sei,0.873966,0.873966,0.0,ok
44396,value,0.51806,0.51806,0.0,ok
44396,yngch,0.6441724999999999,0.6441724999999999,0.0,ok
44397,fAlpha:,0.7862140000000001,0.7862140000000001,0.0,ok
44397,fAsym:,0.587156,0.587156,0.0,ok
44397,fConc1:,0.481774,0.481774,0.0,ok
44397,fConc:,0.4836895,0.4836895,0.0,ok
44397,fDist:,0.48104899999999995,0.48104899999999995,0.0,ok
44397,fLength:,0.5982735,0.5982735,0.0,ok
44397,fM3Long:,0.5871775,0.5871775,0.0,ok
44397,fM3Trans:,0.5123555,0.5123555,0.0,ok
44397,fSize:,0.559343,0.559343,0.0,ok
44397,fWidth:,0.5377425,0.5377425,0.0,ok
44398,fAlpha:,0.7890229999999999,0.7890229999999999,0.0,ok
44398,fAsym:,0.5818865,0.5818865,0.0,ok
44398,fConc1:,0.5154105,0.5154105,0.0,ok
44398,fConc:,0.5233374999999999,0.5233374999999999,0.0,ok
44398,fDist:,0.5370305,0.5370305,0.0,ok
44398,fLength:,0.6135145,0.6135145,0.0,ok
44398,fM3Long:,0.562793,0.562793,0.0,ok
44398,fM3Trans:,0.511757,0.511757,0.0,ok
44398,fSize:,0.5920015,0.5920015,0.0,ok
44398,fWidth:,0.5435265,0.5435265,0.0,ok
44399,fAlpha:,0.7723300000000001,0.7723300000000001,0.0,ok
44399,fAsym:,0.573958,0.573958,0.0,ok
44399,fConc1:,0.5143895,0.5143895,0.0,ok
44399,fConc:,0.5194905,0.5194905,0.0,ok
44399,fDist:,0.5418715,0.5418715,0.0,ok
44399,fLength:,0.611873,0.611873,0.0,ok
44399,fM3Long:,0.5811625,0.5811625,0.0,ok
44399,fM3Trans:,0.4775865,0.4775865,0.0,ok
44399,fSize:,0.5739084999999999,0.5739084999999999,0.0,ok
44399,fWidth:,0.5497625,0.5497625,0.0,ok
44400,fAlpha:,0.7825185000000001,0.7825185000000001,0.0,ok
44400,fAsym:,0.595723,0.595723,0.0,ok
44400,fConc1:,0.5238879999999999,0.5238879999999999,0.0,ok
44400,fConc:,0.527587,0.527587,0.0,ok
44400,fDist:,0.539482,0.539482,0.0,ok
44400,fLength:,0.6131845,0.6131845,0.0,ok
44400,fM3Long:,0.596854,0.596854,0.0,ok
44400,fM3Trans:,0.5129415,0.5129415,0.0,ok
44400,fSize:,0.57945,0.57945,0.0,ok
44400,fWidth:,0.5448325,0.5448325,0.0,ok
44401,fAlpha:,0.7770235,0.7770235,0.0,ok
44401,fAsym:,0.592017,0.592017,0.0,ok
44401,fConc1:,0.5086044999999999,0.5086044999999999,0.0,ok
44401,fConc:,0.515136,0.515136,0.0,ok
44401,fDist:,0.5378905,0.5378905,0.0,ok
44401,fLength:,0.6068790000000001,0.6068790000000001,0.0,ok
44401,fM3Long:,0.5963465,0.5963465,0.0,ok
44401,fM3Trans:,0.475135,0.475135,0.0,ok
44401,fSize:,0.5747955,0.5747955,0.0,ok
44401,fWidth:,0.539188,0.539188,0.0,ok
44402,V1,0.489301,0.489301,0.0,ok
44402,V10,0.5228065,0.5228065,0.0,ok
44402,V12,0.804235,0.804235,0.0,ok
44402,V13,0.585757,0.585757,0.0,ok
44402,V14,0.5853025,0.5853025,0.0,ok
44402,V15,0.595298,0.595298,0.0,ok
44402,V6,0.5874185,0.5874185,0.0,ok
44403,V1,0.482503,0.482503,0.0,ok
44403,V10,0.5261355000000001,0.5261355000000001,0.0,ok
44403,V12,0.807646,0.807646,0.0,ok
44403,V13,0.5797910000000002,0.5797910000000002,0.0,ok
44403,V14,0.568818,0.568818,0.0,ok
44403,V15,0.5812975,0.5812975,0.0,ok
44403,V6,0.61005,0.61005,0.0,ok
44404,V1,0.489059,0.489059,0.0,ok
44404,V10,0.5209805000000001,0.5209805000000001,0.0,ok
44404,V12,0.8147920000000001,0.8147920000000001,0.0,ok
44404,V13,0.5597440000000001,0.5597440000000001,0.0,ok
44404,V14,0.5900145,0.5900145,0.0,ok
44404,V15,0.603173,0.603173,0.0,ok
44404,V6,0.615397,0.615397,0.0,ok
44405,V1,0.527821,0.527821,0.0,ok
44405,V10,0.547586,0.547586,0.0,ok
44405,V12,0.796111,0.796111,0.0,ok
44405,V13,0.572188,0.572188,0.0,ok
44405,V14,0.575659,0.575659,0.0,ok
44405,V15,0.5843395,0.5843395,0.0,ok
44405,V6,0.5878464999999999,0.5878464999999999,0.0,ok
44406,V1,0.4877595,0.4877595,0.0,ok
44406,V10,0.5437015,0.5437015,0.0,ok
44406,V12,0.802395,0.802395,0.0,ok
44406,V13,0.5741184999999999,0.5741184999999999,0.0,ok
44406,V14,0.57755,0.57755,0.0,ok
44406,V15,0.584593,0.584593,0.0,ok
44406,V6,0.6066735,0.6066735,0.0,ok
44407,V1,0.6544675,0.6544675,0.0,ok
44407,V2,0.637533,0.637533,0.0,ok
44407,V3,0.699754,0.699754,0.0,ok
44407,V4,0.7149575,0.7149575,0.0,ok
44407,V5,0.5375975,0.5375975,0.0,ok
44408,V1,0.640568,0.640568,0.0,ok
44408,V2,0.6357595,0.6357595,0.0,ok
44408,V3,0.6961605,0.6961605,0.0,ok
44408,V4,0.6957645,0.6957645,0.0,ok
44408,V5,0.5334345,0.5334345,0.0,ok
44409,V1,0.6461755,0.6461755,0.0,ok
44409,V2,0.6399225,0.6399225,0.0,ok
44409,V3,0.684606,0.684606,0.0,ok
44409,V4,0.7024064999999999,0.7024064999999999,0.0,ok
44409,V5,0.5310205000000001,0.5310205000000001,0.0,ok
44410,V1,0.6445935,0.6445935,0.0,ok
44410,V2,0.644957,0.644957,0.0,ok
44410,V3,0.6910594999999999,0.6910594999999999,0.0,ok
44410,V4,0.7132285,0.7132285,0.0,ok
44410,V5,0.5264964999999999,0.5264964999999999,0.0,ok
44411,V1,0.651338,0.651338,0.0,ok
44411,V2,0.6503205000000001,0.6503205000000001,0.0,ok
44411,V3,0.6913404999999999,0.6913404999999999,0.0,ok
44411,V4,0.7116755,0.7116755,0.0,ok
44411,V5,0.5388424999999999,0.5388424999999999,0.0,ok
44412,ParticleID_0,0.8734839999999999,0.8734839999999999,0.0,ok
44412,ParticleID_1,0.795432,0.795432,0.0,ok
44412,ParticleID_10,0.47432900000000006,0.47432900000000006,0.0,ok
44412,ParticleID_11,0.533968,0.533968,0.0,ok
44412,ParticleID_12,0.5921715,0.5921715,0.0,ok
44412,ParticleID_13,0.5300995,0.5300995,0.0,ok
44412,ParticleID_14,0.7700765,0.7700765,0.0,ok
44412,ParticleID_15,0.7961035,0.7961035,0.0,ok
44412,ParticleID_16,0.8500254999999999,0.8500254999999999,0.0,ok
44412,ParticleID_17,0.685091,0.685091,0.0,ok
44412,ParticleID_18,0.4850915,0.4850915,0.0,ok
44412,ParticleID_19,0.6829405,0.6829405,0.0,ok
44412,ParticleID_2,0.661184,0.661184,0.0,ok
44412,ParticleID_20,0.6338695,0.6338695,0.0,ok
44412,ParticleID_21,0.6454409999999999,0.6454409999999999,0.0,ok
44412,ParticleID_22,0.7904374999999999,0.7904374999999999,0.0,ok
44412,ParticleID_23,0.6454175,0.6454175,0.0,ok
44412,ParticleID_24,0.7762585000000001,0.7762585000000001,0.0,ok
44412,ParticleID_25,0.6301485,0.6301485,0.0,ok
44412,ParticleID_26,0.7274075,0.7274075,0.0,ok
44412,ParticleID_27,0.7591239999999999,0.7591239999999999,0.0,ok
44412,ParticleID_28,0.6531385000000001,0.6531385000000001,0.0,ok
44412,ParticleID_29,0.6887045,0.6887045,0.0,ok
44412,ParticleID_3,0.761876,0.761876,0.0,ok
44412,ParticleID_30,0.7425054999999999,0.7425054999999999,0.0,ok
44412,ParticleID_31,0.7993535,0.7993535,0.0,ok
44412,ParticleID_32,0.739174,0.739174,0.0,ok
44412,ParticleID_33,0.5341225000000001,0.5341225000000001,0.0,ok
44412,ParticleID_34,0.735023,0.735023,0.0,ok
44412,ParticleID_35,0.6506825,0.6506825,0.0,ok
44412,ParticleID_36,0.7352505,0.7352505,0.0,ok
44412,ParticleID_37,0.7507365000000001,0.7507365000000001,0.0,ok
44412,ParticleID_38,0.5350269999999999,0.5350269999999999,0.0,ok
44412,ParticleID_39,0.4891795,0.4891795,0.0,ok
44412,ParticleID_4,0.7040285,0.7040285,0.0,ok
44412,ParticleID_40,0.48481299999999994,0.48481299999999994,0.0,ok
44412,ParticleID_41,0.7180524999999999,0.7180524999999999,0.0,ok
44412,ParticleID_42,0.527783,0.527783,0.0,ok
44412,ParticleID_43,0.6332220000000001,0.6332220000000001,0.0,ok
44412,ParticleID_44,0.4901559999999999,0.4901559999999999,0.0,ok
44412,ParticleID_45,0.6176664999999999,0.6176664999999999,0.0,ok
44412,ParticleID_46,0.540508,0.540508,0.0,ok
44412,ParticleID_47,0.7596134999999999,0.7596134999999999,0.0,ok
44412,ParticleID_48,0.7199085,0.7199085,0.0,ok
44412,ParticleID_49,0.5694585,0.5694585,0.0,ok
44412,ParticleID_5,0.7127120000000001,0.7127120000000001,0.0,ok
44412,ParticleID_6,0.7884175,0.7884175,0.0,ok
44412,ParticleID_7,0.7709825,0.7709825,0.0,ok
44412,ParticleID_8,0.7016389999999999,0.7016389999999999,0.0,ok
44412,ParticleID_9,0.726889,0.726889,0.0,ok
44413,ParticleID_0,0.8577665000000001,0.8577665000000001,0.0,ok
44413,ParticleID_1,0.796189,0.796189,0.0,ok
44413,ParticleID_10,0.50724,0.50724,0.0,ok
44413,ParticleID_11,0.5191995,0.5191995,0.0,ok
44413,ParticleID_12,0.56963,0.56963,0.0,ok
44413,ParticleID_13,0.5288945,0.5288945,0.0,ok
44413,ParticleID_14,0.765079,0.765079,0.0,ok
44413,ParticleID_15,0.7935135,0.7935135,0.0,ok
44413,ParticleID_16,0.8443515,0.8443515,0.0,ok
44413,ParticleID_17,0.684303,0.684303,0.0,ok
44413,ParticleID_18,0.49177800000000005,0.49177800000000005,0.0,ok
44413,ParticleID_19,0.6798000000000001,0.6798000000000001,0.0,ok
44413,ParticleID_2,0.671305,0.671305,0.0,ok
44413,ParticleID_20,0.6326364999999999,0.6326364999999999,0.0,ok
44413,ParticleID_21,0.6124195,0.6124195,0.0,ok
44413,ParticleID_22,0.791593,0.791593,0.0,ok
44413,ParticleID_23,0.6373179999999999,0.6373179999999999,0.0,ok
44413,ParticleID_24,0.7662585000000001,0.7662585000000001,0.0,ok
44413,ParticleID_25,0.5961504999999999,0.5961504999999999,0.0,ok
44413,ParticleID_26,0.7251820000000001,0.7251820000000001,0.0,ok
44413,ParticleID_27,0.7506525,0.7506525,0.0,ok
44413,ParticleID_28,0.6584909999999999,0.6584909999999999,0.0,ok
44413,ParticleID_29,0.6900225,0.6900225,0.0,ok
44413,ParticleID_3,0.764419,0.764419,0.0,ok
44413,ParticleID_30,0.7355489999999999,0.7355489999999999,0.0,ok
44413,ParticleID_31,0.791742,0.791742,0.0,ok
44413,ParticleID_32,0.728394,0.728394,0.0,ok
44413,ParticleID_33,0.5459255000000001,0.5459255000000001,0.0,ok
44413,ParticleID_34,0.7197285,0.7197285,0.0,ok
44413,ParticleID_35,0.6333819999999999,0.6333819999999999,0.0,ok
44413,ParticleID_36,0.7271169999999999,0.7271169999999999,0.0,ok
44413,ParticleID_37,0.7434685,0.7434685,0.0,ok
44413,ParticleID_38,0.5367885000000001,0.5367885000000001,0.0,ok
44413,ParticleID_39,0.5042445,0.5042445,0.0,ok
44413,ParticleID_4,0.701798,0.701798,0.0,ok
44413,ParticleID_40,0.5090825,0.5090825,0.0,ok
44413,ParticleID_41,0.72288,0.72288,0.0,ok
44413,ParticleID_42,0.5412295,0.5412295,0.0,ok
44413,ParticleID_43,0.6288250000000001,0.6288250000000001,0.0,ok
44413,ParticleID_44,0.491304,0.491304,0.0,ok
44413,ParticleID_45,0.6052444999999999,0.6052444999999999,0.0,ok
44413,ParticleID_46,0.533424,0.533424,0.0,ok
44413,ParticleID_47,0.7552505,0.7552505,0.0,ok
44413,ParticleID_48,0.719954,0.719954,0.0,ok
44413,ParticleID_49,0.573242,0.573242,0.0,ok
44413,ParticleID_5,0.7064735000000001,0.7064735000000001,0.0,ok
44413,ParticleID_6,0.7724785,0.7724785,0.0,ok
44413,ParticleID_7,0.7543785,0.7543785,0.0,ok
44413,ParticleID_8,0.697612,0.697612,0.0,ok
44413,ParticleID_9,0.723483,0.723483,0.0,ok
44414,ParticleID_0,0.8737695,0.8737695,0.0,ok
44414,ParticleID_1,0.797577,0.797577,0.0,ok
44414,ParticleID_10,0.4908205,0.4908205,0.0,ok
44414,ParticleID_11,0.530287,0.530287,0.0,ok
44414,ParticleID_12,0.584453,0.584453,0.0,ok
44414,ParticleID_13,0.5266765,0.5266765,0.0,ok
44414,ParticleID_14,0.7644035,0.7644035,0.0,ok
44414,ParticleID_15,0.7958325,0.7958325,0.0,ok
44414,ParticleID_16,0.8530275,0.8530275,0.0,ok
44414,ParticleID_17,0.6820165,0.6820165,0.0,ok
44414,ParticleID_18,0.5301395,0.5301395,0.0,ok
44414,ParticleID_19,0.6810885000000001,0.6810885000000001,0.0,ok
44414,ParticleID_2,0.6604625,0.6604625,0.0,ok
44414,ParticleID_20,0.6413395,0.6413395,0.0,ok
44414,ParticleID_21,0.6301414999999999,0.6301414999999999,0.0,ok
44414,ParticleID_22,0.791261,0.791261,0.0,ok
44414,ParticleID_23,0.6718525,0.6718525,0.0,ok
44414,ParticleID_24,0.777566,0.777566,0.0,ok
44414,ParticleID_25,0.6235845,0.6235845,0.0,ok
44414,ParticleID_26,0.7309815,0.7309815,0.0,ok
44414,ParticleID_27,0.7614540000000001,0.7614540000000001,0.0,ok
44414,ParticleID_28,0.652973,0.652973,0.0,ok
44414,ParticleID_29,0.6821139999999999,0.6821139999999999,0.0,ok
44414,ParticleID_3,0.763407,0.763407,0.0,ok
44414,ParticleID_30,0.7511535,0.7511535,0.0,ok
44414,ParticleID_31,0.7942925,0.7942925,0.0,ok
44414,ParticleID_32,0.744993,0.744993,0.0,ok
44414,ParticleID_33,0.5346925,0.5346925,0.0,ok
44414,ParticleID_34,0.743145,0.743145,0.0,ok
44414,ParticleID_35,0.65254,0.65254,0.0,ok
44414,ParticleID_36,0.7318570000000001,0.7318570000000001,0.0,ok
44414,ParticleID_37,0.7554935,0.7554935,0.0,ok
44414,ParticleID_38,0.5444035,0.5444035,0.0,ok
44414,ParticleID_39,0.49043200000000003,0.49043200000000003,0.0,ok
44414,ParticleID_4,0.6942315,0.6942315,0.0,ok
44414,ParticleID_40,0.5053669999999999,0.5053669999999999,0.0,ok
44414,ParticleID_41,0.7225095,0.7225095,0.0,ok
44414,ParticleID_42,0.524412,0.524412,0.0,ok
44414,ParticleID_43,0.628103,0.628103,0.0,ok
44414,ParticleID_44,0.5136205,0.5136205,0.0,ok
44414,ParticleID_45,0.640654,0.640654,0.0,ok
44414,ParticleID_46,0.5327325,0.5327325,0.0,ok
44414,ParticleID_47,0.7740945000000001,0.7740945000000001,0.0,ok
44414,ParticleID_48,0.724802,0.724802,0.0,ok
44414,ParticleID_49,0.5714779999999999,0.5714779999999999,0.0,ok
44414,ParticleID_5,0.72212,0.72212,0.0,ok
44414,ParticleID_6,0.782437,0.782437,0.0,ok
44414,ParticleID_7,0.7633325,0.7633325,0.0,ok
44414,ParticleID_8,0.6902689999999999,0.6902689999999999,0.0,ok
44414,ParticleID_9,0.72918,0.72918,0.0,ok
44415,ParticleID_0,0.8677380000000001,0.8677380000000001,0.0,ok
44415,ParticleID_1,0.7908505,0.7908505,0.0,ok
44415,ParticleID_10,0.48927849999999995,0.48927849999999995,0.0,ok
44415,ParticleID_11,0.54272,0.54272,0.0,ok
44415,ParticleID_12,0.578408,0.578408,0.0,ok
44415,ParticleID_13,0.53246,0.53246,0.0,ok
44415,ParticleID_14,0.7562785,0.7562785,0.0,ok
44415,ParticleID_15,0.79178,0.79178,0.0,ok
44415,ParticleID_16,0.851212,0.851212,0.0,ok
44415,ParticleID_17,0.6722515,0.6722515,0.0,ok
44415,ParticleID_18,0.5393835,0.5393835,0.0,ok
44415,ParticleID_19,0.6769785,0.6769785,0.0,ok
44415,ParticleID_2,0.6570655,0.6570655,0.0,ok
44415,ParticleID_20,0.635575,0.635575,0.0,ok
44415,ParticleID_21,0.6176315,0.6176315,0.0,ok
44415,ParticleID_22,0.788505,0.788505,0.0,ok
44415,ParticleID_23,0.662277,0.662277,0.0,ok
44415,ParticleID_24,0.7498940000000001,0.7498940000000001,0.0,ok
44415,ParticleID_25,0.6168185,0.6168185,0.0,ok
44415,ParticleID_26,0.7305219999999999,0.7305219999999999,0.0,ok
44415,ParticleID_27,0.7643214999999999,0.7643214999999999,0.0,ok
44415,ParticleID_28,0.664781,0.664781,0.0,ok
44415,ParticleID_29,0.67472,0.67472,0.0,ok
44415,ParticleID_3,0.771,0.771,0.0,ok
44415,ParticleID_30,0.7601199999999999,0.7601199999999999,0.0,ok
44415,ParticleID_31,0.8061630000000001,0.8061630000000001,0.0,ok
44415,ParticleID_32,0.7317990000000001,0.7317990000000001,0.0,ok
44415,ParticleID_33,0.51738,0.51738,0.0,ok
44415,ParticleID_34,0.7342474999999999,0.7342474999999999,0.0,ok
44415,ParticleID_35,0.6480715,0.6480715,0.0,ok
44415,ParticleID_36,0.744242,0.744242,0.0,ok
44415,ParticleID_37,0.7443719999999999,0.7443719999999999,0.0,ok
44415,ParticleID_38,0.481877,0.481877,0.0,ok
44415,ParticleID_39,0.487023,0.487023,0.0,ok
44415,ParticleID_4,0.6893715,0.6893715,0.0,ok
44415,ParticleID_40,0.5264465,0.5264465,0.0,ok
44415,ParticleID_41,0.7100755,0.7100755,0.0,ok
44415,ParticleID_42,0.5037505,0.5037505,0.0,ok
44415,ParticleID_43,0.6266065,0.6266065,0.0,ok
44415,ParticleID_44,0.5218155,0.5218155,0.0,ok
44415,ParticleID_45,0.6288270000000001,0.6288270000000001,0.0,ok
44415,ParticleID_46,0.5471215,0.5471215,0.0,ok
44415,ParticleID_47,0.760551,0.760551,0.0,ok
44415,ParticleID_48,0.719452,0.719452,0.0,ok
44415,ParticleID_49,0.5642305000000001,0.5642305000000001,0.0,ok
44415,ParticleID_5,0.7144985,0.7144985,0.0,ok
44415,ParticleID_6,0.7760925,0.7760925,0.0,ok
44415,ParticleID_7,0.7658919999999999,0.7658919999999999,0.0,ok
44415,ParticleID_8,0.696901,0.696901,0.0,ok
44415,ParticleID_9,0.7275550000000001,0.7275550000000001,0.0,ok
44416,ParticleID_0,0.8585430000000001,0.8585430000000001,0.0,ok
44416,ParticleID_1,0.784614,0.784614,0.0,ok
44416,ParticleID_10,0.5182955,0.5182955,0.0,ok
44416,ParticleID_11,0.48754299999999995,0.48754299999999995,0.0,ok
44416,ParticleID_12,0.5670824999999999,0.5670824999999999,0.0,ok
44416,ParticleID_13,0.5406019999999999,0.5406019999999999,0.0,ok
44416,ParticleID_14,0.7483245000000001,0.7483245000000001,0.0,ok
44416,ParticleID_15,0.7852660000000001,0.7852660000000001,0.0,ok
44416,ParticleID_16,0.8364275000000001,0.8364275000000001,0.0,ok
44416,ParticleID_17,0.6570739999999999,0.6570739999999999,0.0,ok
44416,ParticleID_18,0.5451905,0.5451905,0.0,ok
44416,ParticleID_19,0.671342,0.671342,0.0,ok
44416,ParticleID_2,0.6630635,0.6630635,0.0,ok
44416,ParticleID_20,0.6577875000000001,0.6577875000000001,0.0,ok
44416,ParticleID_21,0.6265149999999999,0.6265149999999999,0.0,ok
44416,ParticleID_22,0.777949,0.777949,0.0,ok
44416,ParticleID_23,0.662622,0.662622,0.0,ok
44416,ParticleID_24,0.748439,0.748439,0.0,ok
44416,ParticleID_25,0.6212850000000001,0.6212850000000001,0.0,ok
44416,ParticleID_26,0.7269405,0.7269405,0.0,ok
44416,ParticleID_27,0.7382394999999999,0.7382394999999999,0.0,ok
44416,ParticleID_28,0.639374,0.639374,0.0,ok
44416,ParticleID_29,0.6767795,0.6767795,0.0,ok
44416,ParticleID_3,0.7442085,0.7442085,0.0,ok
44416,ParticleID_30,0.7229294999999999,0.7229294999999999,0.0,ok
44416,ParticleID_31,0.7784369999999999,0.7784369999999999,0.0,ok
44416,ParticleID_32,0.7399535,0.7399535,0.0,ok
44416,ParticleID_33,0.5575505000000001,0.5575505000000001,0.0,ok
44416,ParticleID_34,0.733501,0.733501,0.0,ok
44416,ParticleID_35,0.6495034999999999,0.6495034999999999,0.0,ok
44416,ParticleID_36,0.7149570000000001,0.7149570000000001,0.0,ok
44416,ParticleID_37,0.7534295,0.7534295,0.0,ok
44416,ParticleID_38,0.539194,0.539194,0.0,ok
44416,ParticleID_39,0.5065409999999999,0.5065409999999999,0.0,ok
44416,ParticleID_4,0.6796009999999999,0.6796009999999999,0.0,ok
44416,ParticleID_40,0.47956,0.47956,0.0,ok
44416,ParticleID_41,0.7028504999999999,0.7028504999999999,0.0,ok
44416,ParticleID_42,0.5324525,0.5324525,0.0,ok
44416,ParticleID_43,0.628555,0.628555,0.0,ok
44416,ParticleID_44,0.510655,0.510655,0.0,ok
44416,ParticleID_45,0.6355240000000001,0.6355240000000001,0.0,ok
44416,ParticleID_46,0.551184,0.551184,0.0,ok
44416,ParticleID_47,0.755319,0.755319,0.0,ok
44416,ParticleID_48,0.7274195000000001,0.7274195000000001,0.0,ok
44416,ParticleID_49,0.5650495,0.5650495,0.0,ok
44416,ParticleID_5,0.717382,0.717382,0.0,ok
44416,ParticleID_6,0.7781189999999999,0.7781189999999999,0.0,ok
44416,ParticleID_7,0.7493129999999999,0.7493129999999999,0.0,ok
44416,ParticleID_8,0.6921944999999999,0.6921944999999999,0.0,ok
44416,ParticleID_9,0.730205,0.730205,0.0,ok
44417,jet_1_eta,0.46297649999999996,0.46297649999999996,0.0,ok
44417,jet_1_phi,0.47696500000000003,0.47696500000000003,0.0,ok
44417,jet_1_pt,0.5368915000000001,0.5368915000000001,0.0,ok
44417,jet_2_eta,0.487277,0.487277,0.0,ok
44417,jet_2_phi,0.47602300000000003,0.47602300000000003,0.0,ok
44417,jet_2_pt,0.49400199999999994,0.49400199999999994,0.0,ok
44417,jet_3_eta,0.47721650000000004,0.47721650000000004,0.0,ok
44417,jet_3_phi,0.4935625,0.4935625,0.0,ok
44417,jet_3_pt,0.47890099999999997,0.47890099999999997,0.0,ok
44417,jet_4_eta,0.5156935,0.5156935,0.0,ok
44417,jet_4_phi,0.5091085000000001,0.5091085000000001,0.0,ok
44417,jet_4_pt,0.4815765,0.4815765,0.0,ok
44417,lepton_eta,0.46956300000000006,0.46956300000000006,0.0,ok
44417,lepton_pT,0.5218705,0.5218705,0.0,ok
44417,lepton_phi,0.48680749999999995,0.48680749999999995,0.0,ok
44417,m_bb,0.554105,0.554105,0.0,ok
44417,m_jj,0.5138035000000001,0.5138035000000001,0.0,ok
44417,m_jjj,0.4896835,0.4896835,0.0,ok
44417,m_jlv,0.48131699999999994,0.48131699999999994,0.0,ok
44417,m_lv,0.5305295,0.5305295,0.0,ok
44417,m_wbb,0.5231115,0.5231115,0.0,ok
44417,m_wwbb,0.586338,0.586338,0.0,ok
44417,missing_energy_magnitude,0.5279415000000001,0.5279415000000001,0.0,ok
44417,missing_energy_phi,0.5068294999999999,0.5068294999999999,0.0,ok
44418,jet_1_eta,0.5245015000000001,0.5245015000000001,0.0,ok
44418,jet_1_phi,0.529539,0.529539,0.0,ok
44418,jet_1_pt,0.5335215,0.5335215,0.0,ok
44418,jet_2_eta,0.5115540000000001,0.5115540000000001,0.0,ok
44418,jet_2_phi,0.47497599999999995,0.47497599999999995,0.0,ok
44418,jet_2_pt,0.527424,0.527424,0.0,ok
44418,jet_3_eta,0.517609,0.517609,0.0,ok
44418,jet_3_phi,0.4863885,0.4863885,0.0,ok
44418,jet_3_pt,0.5109965,0.5109965,0.0,ok
44418,jet_4_eta,0.521928,0.521928,0.0,ok
44418,jet_4_phi,0.521104,0.521104,0.0,ok
44418,jet_4_pt,0.5256460000000001,0.5256460000000001,0.0,ok
44418,lepton_eta,0.5262315,0.5262315,0.0,ok
44418,lepton_pT,0.5176810000000001,0.5176810000000001,0.0,ok
44418,lepton_phi,0.5274865,0.5274865,0.0,ok
44418,m_bb,0.5465614999999999,0.5465614999999999,0.0,ok
44418,m_jj,0.4776225,0.4776225,0.0,ok
44418,m_jjj,0.5283680000000001,0.5283680000000001,0.0,ok
44418,m_jlv,0.474271,0.474271,0.0,ok
44418,m_lv,0.4742625,0.4742625,0.0,ok
44418,m_wbb,0.5124650000000001,0.5124650000000001,0.0,ok
44418,m_wwbb,0.5623925000000001,0.5623925000000001,0.0,ok
44418,missing_energy_magnitude,0.5648205,0.5648205,0.0,ok
44418,missing_energy_phi,0.477317,0.477317,0.0,ok
44419,jet_1_eta,0.47649699999999995,0.47649699999999995,0.0,ok
44419,jet_1_phi,0.5232289999999999,0.5232289999999999,0.0,ok
44419,jet_1_pt,0.527651,0.527651,0.0,ok
44419,jet_2_eta,0.4823175,0.4823175,0.0,ok
44419,jet_2_phi,0.486865,0.486865,0.0,ok
44419,jet_2_pt,0.5146740000000001,0.5146740000000001,0.0,ok
44419,jet_3_eta,0.5142175,0.5142175,0.0,ok
44419,jet_3_phi,0.5125685,0.5125685,0.0,ok
44419,jet_3_pt,0.5120629999999999,0.5120629999999999,0.0,ok
44419,jet_4_eta,0.507911,0.507911,0.0,ok
44419,jet_4_phi,0.5077875,0.5077875,0.0,ok
44419,jet_4_pt,0.529868,0.529868,0.0,ok
44419,lepton_eta,0.541928,0.541928,0.0,ok
44419,lepton_pT,0.4620845,0.4620845,0.0,ok
44419,lepton_phi,0.4870905,0.4870905,0.0,ok
44419,m_bb,0.5590744999999999,0.5590744999999999,0.0,ok
44419,m_jj,0.518443,0.518443,0.0,ok
44419,m_jjj,0.5364885000000001,0.5364885000000001,0.0,ok
44419,m_jlv,0.5120415,0.5120415,0.0,ok
44419,m_lv,0.509517,0.509517,0.0,ok
44419,m_wbb,0.484713,0.484713,0.0,ok
44419,m_wwbb,0.553516,0.553516,0.0,ok
44419,missing_energy_magnitude,0.5539339999999999,0.5539339999999999,0.0,ok
44419,missing_energy_phi,0.5226824999999999,0.5226824999999999,0.0,ok
44420,jet_1_eta,0.4862845,0.4862845,0.0,ok
44420,jet_1_phi,0.5093525,0.5093525,0.0,ok
44420,jet_1_pt,0.5453195,0.5453195,0.0,ok
44420,jet_2_eta,0.48712849999999996,0.48712849999999996,0.0,ok
44420,jet_2_phi,0.507868,0.507868,0.0,ok
44420,jet_2_pt,0.5170695000000001,0.5170695000000001,0.0,ok
44420,jet_3_eta,0.46535400000000005,0.46535400000000005,0.0,ok
44420,jet_3_phi,0.4739615,0.4739615,0.0,ok
44420,jet_3_pt,0.48952550000000006,0.48952550000000006,0.0,ok
44420,jet_4_eta,0.5131745,0.5131745,0.0,ok
44420,jet_4_phi,0.4844195,0.4844195,0.0,ok
44420,jet_4_pt,0.5218444999999999,0.5218444999999999,0.0,ok
44420,lepton_eta,0.4846105,0.4846105,0.0,ok
44420,lepton_pT,0.510367,0.510367,0.0,ok
44420,lepton_phi,0.5152639999999999,0.5152639999999999,0.0,ok
44420,m_bb,0.54785,0.54785,0.0,ok
44420,m_jj,0.4824215,0.4824215,0.0,ok
44420,m_jjj,0.5214070000000001,0.5214070000000001,0.0,ok
44420,m_jlv,0.5072645,0.5072645,0.0,ok
44420,m_lv,0.513703,0.513703,0.0,ok
44420,m_wbb,0.5199675,0.5199675,0.0,ok
44420,m_wwbb,0.5710115,0.5710115,0.0,ok
44420,missing_energy_magnitude,0.558782,0.558782,0.0,ok
44420,missing_energy_phi,0.5090315000000001,0.5090315000000001,0.0,ok
44421,jet_1_eta,0.483522,0.483522,0.0,ok
44421,jet_1_phi,0.4869925,0.4869925,0.0,ok
44421,jet_1_pt,0.5210415,0.5210415,0.0,ok
44421,jet_2_eta,0.510067,0.510067,0.0,ok
44421,jet_2_phi,0.5099210000000001,0.5099210000000001,0.0,ok
44421,jet_2_pt,0.5164095,0.5164095,0.0,ok
44421,jet_3_eta,0.514175,0.514175,0.0,ok
44421,jet_3_phi,0.4839345,0.4839345,0.0,ok
44421,jet_3_pt,0.47299800000000003,0.47299800000000003,0.0,ok
44421,jet_4_eta,0.5251865,0.5251865,0.0,ok
44421,jet_4_phi,0.4824935,0.4824935,0.0,ok
44421,jet_4_pt,0.5304705000000001,0.5304705000000001,0.0,ok
44421,lepton_eta,0.5128975,0.5128975,0.0,ok
44421,lepton_pT,0.5169555,0.5169555,0.0,ok
44421,lepton_phi,0.5150515,0.5150515,0.0,ok
44421,m_bb,0.5582665,0.5582665,0.0,ok
44421,m_jj,0.5176605000000001,0.5176605000000001,0.0,ok
44421,m_jjj,0.5298275,0.5298275,0.0,ok
44421,m_jlv,0.48808450000000003,0.48808450000000003,0.0,ok
44421,m_lv,0.4804445,0.4804445,0.0,ok
44421,m_wbb,0.5339925,0.5339925,0.0,ok
44421,m_wwbb,0.5830160000000001,0.5830160000000001,0.0,ok
44421,missing_energy_magnitude,0.551419,0.551419,0.0,ok
44421,missing_energy_phi,0.47685900000000003,0.47685900000000003,0.0,ok
44423,assgNo,0.5149205,0.5149205,0.0,ok
44423,firstPassFixDur,0.48302000000000006,0.48302000000000006,0.0,ok
44423,firstSaccLen,0.5387135000000001,0.5387135000000001,0.0,ok
44423,firstfixDur,0.47336,0.47336,0.0,ok
44423,landingPos,0.529849,0.529849,0.0,ok
44423,lastSaccLen,0.518229,0.518229,0.0,ok
44423,leavingPos,0.5273005000000001,0.5273005000000001,0.0,ok
44423,lineNo,0.514822,0.514822,0.0,ok
44423,meanFixDur,0.5089435,0.5089435,0.0,ok
44423,nextFixDur,0.4680145,0.4680145,0.0,ok
44423,prevFixDur,0.5152195,0.5152195,0.0,ok
44423,prevFixPos,0.551596,0.551596,0.0,ok
44423,pupilDiamLag,0.5302575,0.5302575,0.0,ok
44423,pupilDiamMax,0.48337050000000004,0.48337050000000004,0.0,ok
44423,regressDur,0.528211,0.528211,0.0,ok
44423,regressLen,0.5223105,0.5223105,0.0,ok
44423,timePrtctg,0.4853535,0.4853535,0.0,ok
44423,titleNo,0.543678,0.543678,0.0,ok
44423,totalFixDur,0.5142065000000001,0.5142065000000001,0.0,ok
44423,wordNo,0.5466355,0.5466355,0.0,ok
44424,assgNo,0.52869,0.52869,0.0,ok
44424,firstPassFixDur,0.4772890000000001,0.4772890000000001,0.0,ok
44424,firstSaccLen,0.534252,0.534252,0.0,ok
44424,firstfixDur,0.4652445,0.4652445,0.0,ok
44424,landingPos,0.5366285,0.5366285,0.0,ok
44424,lastSaccLen,0.521763,0.521763,0.0,ok
44424,leavingPos,0.538817,0.538817,0.0,ok
44424,lineNo,0.5286875,0.5286875,0.0,ok
44424,meanFixDur,0.4868215,0.4868215,0.0,ok
44424,nextFixDur,0.509564,0.509564,0.0,ok
44424,prevFixDur,0.47067549999999997,0.47067549999999997,0.0,ok
44424,prevFixPos,0.5301065,0.5301065,0.0,ok
44424,pupilDiamLag,0.48802850000000003,0.48802850000000003,0.0,ok
44424,pupilDiamMax,0.48331149999999995,0.48331149999999995,0.0,ok
44424,regressDur,0.53182,0.53182,0.0,ok
44424,regressLen,0.527801,0.527801,0.0,ok
44424,timePrtctg,0.5149085,0.5149085,0.0,ok
44424,titleNo,0.5593695,0.5593695,0.0,ok
44424,totalFixDur,0.49129500000000004,0.49129500000000004,0.0,ok
44424,wordNo,0.547538,0.547538,0.0,ok
44425,assgNo,0.4904145,0.4904145,0.0,ok
44425,firstPassFixDur,0.5154245,0.5154245,0.0,ok
44425,firstSaccLen,0.5202135,0.5202135,0.0,ok
44425,firstfixDur,0.48621249999999994,0.48621249999999994,0.0,ok
44425,landingPos,0.5289925,0.5289925,0.0,ok
44425,lastSaccLen,0.518607,0.518607,0.0,ok
44425,leavingPos,0.5154989999999999,0.5154989999999999,0.0,ok
44425,lineNo,0.4903015,0.4903015,0.0,ok
44425,meanFixDur,0.482254,0.482254,0.0,ok
44425,nextFixDur,0.5165875,0.5165875,0.0,ok
44425,prevFixDur,0.5206625,0.5206625,0.0,ok
44425,prevFixPos,0.5301285,0.5301285,0.0,ok
44425,pupilDiamLag,0.518703,0.518703,0.0,ok
44425,pupilDiamMax,0.4914715,0.4914715,0.0,ok
44425,regressDur,0.5364175,0.5364175,0.0,ok
44425,regressLen,0.5195035,0.5195035,0.0,ok
44425,timePrtctg,0.49229049999999996,0.49229049999999996,0.0,ok
44425,titleNo,0.543752,0.543752,0.0,ok
44425,totalFixDur,0.4881435,0.4881435,0.0,ok
44425,wordNo,0.5522715,0.5522715,0.0,ok
44426,assgNo,0.4793655,0.4793655,0.0,ok
44426,firstPassFixDur,0.5066625,0.5066625,0.0,ok
44426,firstSaccLen,0.5349315,0.5349315,0.0,ok
44426,firstfixDur,0.48075249999999997,0.48075249999999997,0.0,ok
44426,landingPos,0.5420404999999999,0.5420404999999999,0.0,ok
44426,lastSaccLen,0.4795855,0.4795855,0.0,ok
44426,leavingPos,0.528162,0.528162,0.0,ok
44426,lineNo,0.47945100000000007,0.47945100000000007,0.0,ok
44426,meanFixDur,0.487025,0.487025,0.0,ok
44426,nextFixDur,0.5074775,0.5074775,0.0,ok
44426,prevFixDur,0.5088555,0.5088555,0.0,ok
44426,prevFixPos,0.534683,0.534683,0.0,ok
44426,pupilDiamLag,0.512876,0.512876,0.0,ok
44426,pupilDiamMax,0.4702055,0.4702055,0.0,ok
44426,regressDur,0.5470780000000001,0.5470780000000001,0.0,ok
44426,regressLen,0.5161074999999999,0.5161074999999999,0.0,ok
44426,timePrtctg,0.491817,0.491817,0.0,ok
44426,titleNo,0.5687375,0.5687375,0.0,ok
44426,totalFixDur,0.494974,0.494974,0.0,ok
44426,wordNo,0.5471315,0.5471315,0.0,ok
44427,assgNo,0.5209075000000001,0.5209075000000001,0.0,ok
44427,firstPassFixDur,0.5085745,0.5085745,0.0,ok
44427,firstSaccLen,0.5413589999999999,0.5413589999999999,0.0,ok
44427,firstfixDur,0.504235,0.504235,0.0,ok
44427,landingPos,0.514544,0.514544,0.0,ok
44427,lastSaccLen,0.4923095,0.4923095,0.0,ok
44427,leavingPos,0.5184105,0.5184105,0.0,ok
44427,lineNo,0.5208820000000001,0.5208820000000001,0.0,ok
44427,meanFixDur,0.5177795,0.5177795,0.0,ok
44427,nextFixDur,0.48687650000000005,0.48687650000000005,0.0,ok
44427,prevFixDur,0.48640900000000004,0.48640900000000004,0.0,ok
44427,prevFixPos,0.5448995,0.5448995,0.0,ok
44427,pupilDiamLag,0.5236930000000001,0.5236930000000001,0.0,ok
44427,pupilDiamMax,0.512097,0.512097,0.0,ok
44427,regressDur,0.527458,0.527458,0.0,ok
44427,regressLen,0.5205965,0.5205965,0.0,ok
44427,timePrtctg,0.5144745,0.5144745,0.0,ok
44427,titleNo,0.567531,0.567531,0.0,ok
44427,totalFixDur,0.517126,0.517126,0.0,ok
44427,wordNo,0.551992,0.551992,0.0,ok
44428,V1,0.6610485,0.6610485,0.0,ok
44428,V10,0.5403129999999999,0.5403129999999999,0.0,ok
44428,V11,0.6150325,0.6150325,0.0,ok
44428,V12,0.6179225,0.6179225,0.0,ok
44428,V13,0.6701554999999999,0.6701554999999999,0.0,ok
44428,V14,0.6842295,0.6842295,0.0,ok
44428,V15,0.6938765,0.6938765,0.0,ok
44428,V16,0.48358100000000004,0.48358100000000004,0.0,ok
44428,V17,0.5672324999999999,0.5672324999999999,0.0,ok
44428,V18,0.5902295,0.5902295,0.0,ok
44428,V19,0.613865,0.613865,0.0,ok
44428,V2,0.7162185,0.7162185,0.0,ok
44428,V20,0.692631,0.692631,0.0,ok
44428,V21,0.6005739999999999,0.6005739999999999,0.0,ok
44428,V22,0.6902805,0.6902805,0.0,ok
44428,V23,0.6883379999999999,0.6883379999999999,0.0,ok
44428,V24,0.6154535000000001,0.6154535000000001,0.0,ok
44428,V25,0.535561,0.535561,0.0,ok
44428,V26,0.6322675,0.6322675,0.0,ok
44428,V27,0.5520055,0.5520055,0.0,ok
44428,V28,0.507473,0.507473,0.0,ok
44428,V29,0.5126245,0.5126245,0.0,ok
44428,V3,0.543607,0.543607,0.0,ok
44428,V30,0.49283750000000004,0.49283750000000004,0.0,ok
44428,V31,0.5131105,0.5131105,0.0,ok
44428,V32,0.485038,0.485038,0.0,ok
44428,V33,0.5126534999999999,0.5126534999999999,0.0,ok
44428,V34,0.5158845,0.5158845,0.0,ok
44428,V35,0.511595,0.511595,0.0,ok
44428,V36,0.47682700000000006,0.47682700000000006,0.0,ok
44428,V37,0.48562549999999993,0.48562549999999993,0.0,ok
44428,V38,0.48425749999999995,0.48425749999999995,0.0,ok
44428,V39,0.4740525,0.4740525,0.0,ok
44428,V4,0.481318,0.481318,0.0,ok
44428,V40,0.5074960000000001,0.5074960000000001,0.0,ok
44428,V41,0.521136,0.521136,0.0,ok
44428,V42,0.518715,0.518715,0.0,ok
44428,V43,0.5074315,0.5074315,0.0,ok
44428,V44,0.5176085,0.5176085,0.0,ok
44428,V45,0.5272224999999999,0.5272224999999999,0.0,ok
44428,V46,0.47007600000000005,0.47007600000000005,0.0,ok
44428,V47,0.5142355000000001,0.5142355000000001,0.0,ok
44428,V48,0.52632,0.52632,0.0,ok
44428,V49,0.524899,0.524899,0.0,ok
44428,V5,0.5995685,0.5995685,0.0,ok
44428,V50,0.464175,0.464175,0.0,ok
44428,V51,0.519607,0.519607,0.0,ok
44428,V52,0.49037300000000006,0.49037300000000006,0.0,ok
44428,V53,0.5199484999999999,0.5199484999999999,0.0,ok
44428,V54,0.5090565,0.5090565,0.0,ok
44428,V6,0.7063425,0.7063425,0.0,ok
44428,V7,0.5407575,0.5407575,0.0,ok
44428,V8,0.619305,0.619305,0.0,ok
44428,V9,0.524876,0.524876,0.0,ok
44429,V1,0.661493,0.661493,0.0,ok
44429,V10,0.5778044999999999,0.5778044999999999,0.0,ok
44429,V11,0.6542385,0.6542385,0.0,ok
44429,V12,0.6419405,0.6419405,0.0,ok
44429,V13,0.6839005,0.6839005,0.0,ok
44429,V14,0.6940995000000001,0.6940995000000001,0.0,ok
44429,V15,0.7032435,0.7032435,0.0,ok
44429,V16,0.5325045,0.5325045,0.0,ok
44429,V17,0.5815775,0.5815775,0.0,ok
44429,V18,0.5990165,0.5990165,0.0,ok
44429,V19,0.6550775000000001,0.6550775000000001,0.0,ok
44429,V2,0.7149885,0.7149885,0.0,ok
44429,V20,0.6902604999999999,0.6902604999999999,0.0,ok
44429,V21,0.5797379999999999,0.5797379999999999,0.0,ok
44429,V22,0.7250165000000001,0.7250165000000001,0.0,ok
44429,V23,0.7102975,0.7102975,0.0,ok
44429,V24,0.643595,0.643595,0.0,ok
44429,V25,0.5501794999999999,0.5501794999999999,0.0,ok
44429,V26,0.6091740000000001,0.6091740000000001,0.0,ok
44429,V27,0.5576935000000001,0.5576935000000001,0.0,ok
44429,V28,0.49134900000000004,0.49134900000000004,0.0,ok
44429,V29,0.4918625,0.4918625,0.0,ok
44429,V3,0.5569765,0.5569765,0.0,ok
44429,V30,0.5069175,0.5069175,0.0,ok
44429,V31,0.48214599999999996,0.48214599999999996,0.0,ok
44429,V32,0.5290355,0.5290355,0.0,ok
44429,V33,0.521099,0.521099,0.0,ok
44429,V34,0.49493550000000003,0.49493550000000003,0.0,ok
44429,V35,0.4845455,0.4845455,0.0,ok
44429,V36,0.484791,0.484791,0.0,ok
44429,V37,0.5131669999999999,0.5131669999999999,0.0,ok
44429,V38,0.5243405,0.5243405,0.0,ok
44429,V39,0.5196989999999999,0.5196989999999999,0.0,ok
44429,V4,0.517465,0.517465,0.0,ok
44429,V40,0.530444,0.530444,0.0,ok
44429,V41,0.515145,0.515145,0.0,ok
44429,V42,0.504757,0.504757,0.0,ok
44429,V43,0.519128,0.519128,0.0,ok
44429,V44,0.51952,0.51952,0.0,ok
44429,V45,0.512899,0.512899,0.0,ok
44429,V46,0.5121205,0.5121205,0.0,ok
44429,V47,0.47400950000000003,0.47400950000000003,0.0,ok
44429,V48,0.48398050000000004,0.48398050000000004,0.0,ok
44429,V49,0.521754,0.521754,0.0,ok
44429,V5,0.5971455000000001,0.5971455000000001,0.0,ok
44429,V50,0.5085265,0.5085265,0.0,ok
44429,V51,0.49252799999999997,0.49252799999999997,0.0,ok
44429,V52,0.516195,0.516195,0.0,ok
44429,V53,0.5128485,0.5128485,0.0,ok
44429,V54,0.478126,0.478126,0.0,ok
44429,V6,0.7113149999999999,0.7113149999999999,0.0,ok
44429,V7,0.5514145,0.5514145,0.0,ok
44429,V8,0.6170535,0.6170535,0.0,ok
44429,V9,0.5334895000000001,0.5334895000000001,0.0,ok
44430,V1,0.6515365000000001,0.6515365000000001,0.0,ok
44430,V10,0.5407785,0.5407785,0.0,ok
44430,V11,0.618473,0.618473,0.0,ok
44430,V12,0.6119395,0.6119395,0.0,ok
44430,V13,0.6723005,0.6723005,0.0,ok
44430,V14,0.6880660000000001,0.6880660000000001,0.0,ok
44430,V15,0.696313,0.696313,0.0,ok
44430,V16,0.47033649999999994,0.47033649999999994,0.0,ok
44430,V17,0.564297,0.564297,0.0,ok
44430,V18,0.574331,0.574331,0.0,ok
44430,V19,0.6169965,0.6169965,0.0,ok
44430,V2,0.6978460000000001,0.6978460000000001,0.0,ok
44430,V20,0.7057720000000001,0.7057720000000001,0.0,ok
44430,V21,0.582264,0.582264,0.0,ok
44430,V22,0.705726,0.705726,0.0,ok
44430,V23,0.6657685,0.6657685,0.0,ok
44430,V24,0.6094465,0.6094465,0.0,ok
44430,V25,0.5277475,0.5277475,0.0,ok
44430,V26,0.6255005,0.6255005,0.0,ok
44430,V27,0.5223605,0.5223605,0.0,ok
44430,V28,0.5204565,0.5204565,0.0,ok
44430,V29,0.525366,0.525366,0.0,ok
44430,V3,0.546779,0.546779,0.0,ok
44430,V30,0.4825315,0.4825315,0.0,ok
44430,V31,0.508877,0.508877,0.0,ok
44430,V32,0.5163774999999999,0.5163774999999999,0.0,ok
44430,V33,0.48668049999999996,0.48668049999999996,0.0,ok
44430,V34,0.491609,0.491609,0.0,ok
44430,V35,0.47518499999999997,0.47518499999999997,0.0,ok
44430,V36,0.49313,0.49313,0.0,ok
44430,V37,0.464646,0.464646,0.0,ok
44430,V38,0.5189755,0.5189755,0.0,ok
44430,V39,0.48958999999999997,0.48958999999999997,0.0,ok
44430,V4,0.47398399999999996,0.47398399999999996,0.0,ok
44430,V40,0.483296,0.483296,0.0,ok
44430,V41,0.5127809999999999,0.5127809999999999,0.0,ok
44430,V42,0.49109250000000004,0.49109250000000004,0.0,ok
44430,V43,0.490989,0.490989,0.0,ok
44430,V44,0.5206545,0.5206545,0.0,ok
44430,V45,0.5067045,0.5067045,0.0,ok
44430,V46,0.4765995,0.4765995,0.0,ok
44430,V47,0.5095540000000001,0.5095540000000001,0.0,ok
44430,V48,0.5073795,0.5073795,0.0,ok
44430,V49,0.5108254999999999,0.5108254999999999,0.0,ok
44430,V5,0.5929765,0.5929765,0.0,ok
44430,V50,0.5189889999999999,0.5189889999999999,0.0,ok
44430,V51,0.48953350000000007,0.48953350000000007,0.0,ok
44430,V52,0.5124335,0.5124335,0.0,ok
44430,V53,0.5259995,0.5259995,0.0,ok
44430,V54,0.5095540000000001,0.5095540000000001,0.0,ok
44430,V6,0.6928565,0.6928565,0.0,ok
44430,V7,0.543957,0.543957,0.0,ok
44430,V8,0.616377,0.616377,0.0,ok
44430,V9,0.5131285,0.5131285,0.0,ok
44431,V1,0.669867,0.669867,0.0,ok
44431,V10,0.569606,0.569606,0.0,ok
44431,V11,0.638523,0.638523,0.0,ok
44431,V12,0.6282745,0.6282745,0.0,ok
44431,V13,0.6703764999999999,0.6703764999999999,0.0,ok
44431,V14,0.6800900000000001,0.6800900000000001,0.0,ok
44431,V15,0.693453,0.693453,0.0,ok
44431,V16,0.516626,0.516626,0.0,ok
44431,V17,0.5721535,0.5721535,0.0,ok
44431,V18,0.5888605,0.5888605,0.0,ok
44431,V19,0.639236,0.639236,0.0,ok
44431,V2,0.7106895,0.7106895,0.0,ok
44431,V20,0.694525,0.694525,0.0,ok
44431,V21,0.5747439999999999,0.5747439999999999,0.0,ok
44431,V22,0.703947,0.703947,0.0,ok
44431,V23,0.699799,0.699799,0.0,ok
44431,V24,0.6286965,0.6286965,0.0,ok
44431,V25,0.539951,0.539951,0.0,ok
44431,V26,0.6067594999999999,0.6067594999999999,0.0,ok
44431,V27,0.5408395,0.5408395,0.0,ok
44431,V28,0.49278600000000006,0.49278600000000006,0.0,ok
44431,V29,0.49089700000000003,0.49089700000000003,0.0,ok
44431,V3,0.5686845,0.5686845,0.0,ok
44431,V30,0.513257,0.513257,0.0,ok
44431,V31,0.5247555,0.5247555,0.0,ok
44431,V32,0.5195575,0.5195575,0.0,ok
44431,V33,0.48469749999999995,0.48469749999999995,0.0,ok
44431,V34,0.4929515,0.4929515,0.0,ok
44431,V35,0.47288549999999996,0.47288549999999996,0.0,ok
44431,V36,0.46236649999999996,0.46236649999999996,0.0,ok
44431,V37,0.5077054999999999,0.5077054999999999,0.0,ok
44431,V38,0.474743,0.474743,0.0,ok
44431,V39,0.4865775,0.4865775,0.0,ok
44431,V4,0.514996,0.514996,0.0,ok
44431,V40,0.5125025000000001,0.5125025000000001,0.0,ok
44431,V41,0.47532549999999996,0.47532549999999996,0.0,ok
44431,V42,0.5093635000000001,0.5093635000000001,0.0,ok
44431,V43,0.518931,0.518931,0.0,ok
44431,V44,0.513487,0.513487,0.0,ok
44431,V45,0.516191,0.516191,0.0,ok
44431,V46,0.4833475,0.4833475,0.0,ok
44431,V47,0.459078,0.459078,0.0,ok
44431,V48,0.490902,0.490902,0.0,ok
44431,V49,0.52171,0.52171,0.0,ok
44431,V5,0.6068355,0.6068355,0.0,ok
44431,V50,0.47868299999999997,0.47868299999999997,0.0,ok
44431,V51,0.48678750000000004,0.48678750000000004,0.0,ok
44431,V52,0.48190249999999996,0.48190249999999996,0.0,ok
44431,V53,0.524977,0.524977,0.0,ok
44431,V54,0.49269799999999997,0.49269799999999997,0.0,ok
44431,V6,0.7032515,0.7032515,0.0,ok
44431,V7,0.56794,0.56794,0.0,ok
44431,V8,0.6289070000000001,0.6289070000000001,0.0,ok
44431,V9,0.5064815,0.5064815,0.0,ok
44432,V1,0.648029,0.648029,0.0,ok
44432,V10,0.5671900000000001,0.5671900000000001,0.0,ok
44432,V11,0.6400874999999999,0.6400874999999999,0.0,ok
44432,V12,0.6259445,0.6259445,0.0,ok
44432,V13,0.6871655000000001,0.6871655000000001,0.0,ok
44432,V14,0.68872,0.68872,0.0,ok
44432,V15,0.6951325,0.6951325,0.0,ok
44432,V16,0.53216,0.53216,0.0,ok
44432,V17,0.5838485,0.5838485,0.0,ok
44432,V18,0.587803,0.587803,0.0,ok
44432,V19,0.6418889999999999,0.6418889999999999,0.0,ok
44432,V2,0.6893585,0.6893585,0.0,ok
44432,V20,0.7127335,0.7127335,0.0,ok
44432,V21,0.569767,0.569767,0.0,ok
44432,V22,0.7161124999999999,0.7161124999999999,0.0,ok
44432,V23,0.6749035,0.6749035,0.0,ok
44432,V24,0.6212705000000001,0.6212705000000001,0.0,ok
44432,V25,0.542652,0.542652,0.0,ok
44432,V26,0.6210255,0.6210255,0.0,ok
44432,V27,0.515613,0.515613,0.0,ok
44432,V28,0.46643100000000004,0.46643100000000004,0.0,ok
44432,V29,0.5111794999999999,0.5111794999999999,0.0,ok
44432,V3,0.53385,0.53385,0.0,ok
44432,V30,0.5194635,0.5194635,0.0,ok
44432,V31,0.48969,0.48969,0.0,ok
44432,V32,0.506994,0.506994,0.0,ok
44432,V33,0.4920165,0.4920165,0.0,ok
44432,V34,0.48864599999999997,0.48864599999999997,0.0,ok
44432,V35,0.481233,0.481233,0.0,ok
44432,V36,0.5090345000000001,0.5090345000000001,0.0,ok
44432,V37,0.48472899999999997,0.48472899999999997,0.0,ok
44432,V38,0.5241325,0.5241325,0.0,ok
44432,V39,0.482001,0.482001,0.0,ok
44432,V4,0.486502,0.486502,0.0,ok
44432,V40,0.509031,0.509031,0.0,ok
44432,V41,0.5086315,0.5086315,0.0,ok
44432,V42,0.5155099999999999,0.5155099999999999,0.0,ok
44432,V43,0.534331,0.534331,0.0,ok
44432,V44,0.4891625,0.4891625,0.0,ok
44432,V45,0.48626450000000004,0.48626450000000004,0.0,ok
44432,V46,0.5237164999999999,0.5237164999999999,0.0,ok
44432,V47,0.5109455,0.5109455,0.0,ok
44432,V48,0.4733275,0.4733275,0.0,ok
44432,V49,0.48748850000000005,0.48748850000000005,0.0,ok
44432,V5,0.5777519999999999,0.5777519999999999,0.0,ok
44432,V50,0.48515949999999997,0.48515949999999997,0.0,ok
44432,V51,0.4828595,0.4828595,0.0,ok
44432,V52,0.5124105,0.5124105,0.0,ok
44432,V53,0.489031,0.489031,0.0,ok
44432,V54,0.5028104999999999,0.5028104999999999,0.0,ok
44432,V6,0.685447,0.685447,0.0,ok
44432,V7,0.5346645,0.5346645,0.0,ok
44432,V8,0.618198,0.618198,0.0,ok
44432,V9,0.490892,0.490892,0.0,ok
44438,P1stFixation,0.506025,0.506025,0.0,ok
44438,P2stFixation,0.5198685000000001,0.5198685000000001,0.0,ok
44438,assgNo,0.5149205,0.5149205,0.0,ok
44438,firstPassFixDur,0.48302000000000006,0.48302000000000006,0.0,ok
44438,firstSaccLen,0.5387135000000001,0.5387135000000001,0.0,ok
44438,firstfixDur,0.47336,0.47336,0.0,ok
44438,landingPos,0.529849,0.529849,0.0,ok
44438,lastSaccLen,0.518229,0.518229,0.0,ok
44438,leavingPos,0.5273005000000001,0.5273005000000001,0.0,ok
44438,lineNo,0.514822,0.514822,0.0,ok
44438,meanFixDur,0.5089435,0.5089435,0.0,ok
44438,nextFixDur,0.4680145,0.4680145,0.0,ok
44438,nextWordRegress,0.5260425,0.5260425,0.0,ok
44438,prevFixDur,0.5152195,0.5152195,0.0,ok
44438,prevFixPos,0.551596,0.551596,0.0,ok
44438,pupilDiamLag,0.5302575,0.5302575,0.0,ok
44438,pupilDiamMax,0.48337050000000004,0.48337050000000004,0.0,ok
44438,regressDur,0.528211,0.528211,0.0,ok
44438,regressLen,0.5223105,0.5223105,0.0,ok
44438,timePrtctg,0.4853535,0.4853535,0.0,ok
44438,titleNo,0.543678,0.543678,0.0,ok
44438,totalFixDur,0.5142065000000001,0.5142065000000001,0.0,ok
44438,wordNo,0.5466355,0.5466355,0.0,ok
44439,P1stFixation,0.5126679999999999,0.5126679999999999,0.0,ok
44439,P2stFixation,0.530446,0.530446,0.0,ok
44439,assgNo,0.52869,0.52869,0.0,ok
44439,firstPassFixDur,0.4772890000000001,0.4772890000000001,0.0,ok
44439,firstSaccLen,0.534252,0.534252,0.0,ok
44439,firstfixDur,0.4652445,0.4652445,0.0,ok
44439,landingPos,0.5366285,0.5366285,0.0,ok
44439,lastSaccLen,0.521763,0.521763,0.0,ok
44439,leavingPos,0.538817,0.538817,0.0,ok
44439,lineNo,0.5286875,0.5286875,0.0,ok
44439,meanFixDur,0.4868215,0.4868215,0.0,ok
44439,nextFixDur,0.509564,0.509564,0.0,ok
44439,nextWordRegress,0.546278,0.546278,0.0,ok
44439,prevFixDur,0.47067549999999997,0.47067549999999997,0.0,ok
44439,prevFixPos,0.5301065,0.5301065,0.0,ok
44439,pupilDiamLag,0.48802850000000003,0.48802850000000003,0.0,ok
44439,pupilDiamMax,0.48331149999999995,0.48331149999999995,0.0,ok
44439,regressDur,0.53182,0.53182,0.0,ok
44439,regressLen,0.527801,0.527801,0.0,ok
44439,timePrtctg,0.5149085,0.5149085,0.0,ok
44439,titleNo,0.5593695,0.5593695,0.0,ok
44439,totalFixDur,0.49129500000000004,0.49129500000000004,0.0,ok
44439,wordNo,0.547538,0.547538,0.0,ok
44440,P1stFixation,0.511619,0.511619,0.0,ok
44440,P2stFixation,0.5262685,0.5262685,0.0,ok
44440,assgNo,0.4904145,0.4904145,0.0,ok
44440,firstPassFixDur,0.5154245,0.5154245,0.0,ok
44440,firstSaccLen,0.5202135,0.5202135,0.0,ok
44440,firstfixDur,0.48621249999999994,0.48621249999999994,0.0,ok
44440,landingPos,0.5289925,0.5289925,0.0,ok
44440,lastSaccLen,0.518607,0.518607,0.0,ok
44440,leavingPos,0.5154989999999999,0.5154989999999999,0.0,ok
44440,lineNo,0.4903015,0.4903015,0.0,ok
44440,meanFixDur,0.482254,0.482254,0.0,ok
44440,nextFixDur,0.5165875,0.5165875,0.0,ok
44440,nextWordRegress,0.5270365,0.5270365,0.0,ok
44440,prevFixDur,0.5206625,0.5206625,0.0,ok
44440,prevFixPos,0.5301285,0.5301285,0.0,ok
44440,pupilDiamLag,0.518703,0.518703,0.0,ok
44440,pupilDiamMax,0.4914715,0.4914715,0.0,ok
44440,regressDur,0.5364175,0.5364175,0.0,ok
44440,regressLen,0.5195035,0.5195035,0.0,ok
44440,timePrtctg,0.49229049999999996,0.49229049999999996,0.0,ok
44440,titleNo,0.543752,0.543752,0.0,ok
44440,totalFixDur,0.4881435,0.4881435,0.0,ok
44440,wordNo,0.5522715,0.5522715,0.0,ok
44441,P1stFixation,0.5079725,0.5079725,0.0,ok
44441,P2stFixation,0.516655,0.516655,0.0,ok
44441,assgNo,0.4793655,0.4793655,0.0,ok
44441,firstPassFixDur,0.5066625,0.5066625,0.0,ok
44441,firstSaccLen,0.5349315,0.5349315,0.0,ok
44441,firstfixDur,0.48075249999999997,0.48075249999999997,0.0,ok
44441,landingPos,0.5420404999999999,0.5420404999999999,0.0,ok
44441,lastSaccLen,0.4795855,0.4795855,0.0,ok
44441,leavingPos,0.528162,0.528162,0.0,ok
44441,lineNo,0.47945100000000007,0.47945100000000007,0.0,ok
44441,meanFixDur,0.487025,0.487025,0.0,ok
44441,nextFixDur,0.5074775,0.5074775,0.0,ok
44441,nextWordRegress,0.544906,0.544906,0.0,ok
44441,prevFixDur,0.5088555,0.5088555,0.0,ok
44441,prevFixPos,0.534683,0.534683,0.0,ok
44441,pupilDiamLag,0.512876,0.512876,0.0,ok
44441,pupilDiamMax,0.4702055,0.4702055,0.0,ok
44441,regressDur,0.5470780000000001,0.5470780000000001,0.0,ok
44441,regressLen,0.5161074999999999,0.5161074999999999,0.0,ok
44441,timePrtctg,0.491817,0.491817,0.0,ok
44441,titleNo,0.5687375,0.5687375,0.0,ok
44441,totalFixDur,0.494974,0.494974,0.0,ok
44441,wordNo,0.5471315,0.5471315,0.0,ok
44442,P1stFixation,0.5073814999999999,0.5073814999999999,0.0,ok
44442,P2stFixation,0.513358,0.513358,0.0,ok
44442,assgNo,0.5209075000000001,0.5209075000000001,0.0,ok
44442,firstPassFixDur,0.5085745,0.5085745,0.0,ok
44442,firstSaccLen,0.5413589999999999,0.5413589999999999,0.0,ok
44442,firstfixDur,0.504235,0.504235,0.0,ok
44442,landingPos,0.514544,0.514544,0.0,ok
44442,lastSaccLen,0.4923095,0.4923095,0.0,ok
44442,leavingPos,0.5184105,0.5184105,0.0,ok
44442,lineNo,0.5208820000000001,0.5208820000000001,0.0,ok
44442,meanFixDur,0.5177795,0.5177795,0.0,ok
44442,nextFixDur,0.48687650000000005,0.48687650000000005,0.0,ok
44442,nextWordRegress,0.5210935,0.5210935,0.0,ok
44442,prevFixDur,0.48640900000000004,0.48640900000000004,0.0,ok
44442,prevFixPos,0.5448995,0.5448995,0.0,ok
44442,pupilDiamLag,0.5236930000000001,0.5236930000000001,0.0,ok
44442,pupilDiamMax,0.512097,0.512097,0.0,ok
44442,regressDur,0.527458,0.527458,0.0,ok
44442,regressLen,0.5205965,0.5205965,0.0,ok
44442,timePrtctg,0.5144745,0.5144745,0.0,ok
44442,titleNo,0.567531,0.567531,0.0,ok
44442,totalFixDur,0.517126,0.517126,0.0,ok
44442,wordNo,0.551992,0.551992,0.0,ok
44443,Aspect,0.5353605,0.5353605,0.0,ok
44443,Elevation,0.8112305000000001,0.8112305000000001,0.0,ok
44443,Hillshade_3pm,0.5275504999999999,0.5275504999999999,0.0,ok
44443,Hillshade_9am,0.53409,0.53409,0.0,ok
44443,Hillshade_Noon,0.517509,0.517509,0.0,ok
44443,Horizontal_Distance_To_Fire_Points,0.517218,0.517218,0.0,ok
44443,Horizontal_Distance_To_Hydrology,0.52997,0.52997,0.0,ok
44443,Horizontal_Distance_To_Roadways,0.544099,0.544099,0.0,ok
44443,Slope,0.5200975000000001,0.5200975000000001,0.0,ok
44443,Soil_Type1,0.5,0.5,0.0,ok
44443,Soil_Type10,0.5237405,0.5237405,0.0,ok
44443,Soil_Type11,0.511305,0.511305,0.0,ok
44443,Soil_Type12,0.535417,0.535417,0.0,ok
44443,Soil_Type13,0.520582,0.520582,0.0,ok
44443,Soil_Type14,0.5,0.5,0.0,ok
44443,Soil_Type15,0.5,0.5,0.0,ok
44443,Soil_Type16,0.499399,0.499399,0.0,ok
44443,Soil_Type17,0.4991,0.4991,0.0,ok
44443,Soil_Type18,0.5029,0.5029,0.0,ok
44443,Soil_Type19,0.5014959999999999,0.5014959999999999,0.0,ok
44443,Soil_Type2,0.5008999999999999,0.5008999999999999,0.0,ok
44443,Soil_Type20,0.500216,0.500216,0.0,ok
44443,Soil_Type21,0.5008,0.5008,0.0,ok
44443,Soil_Type22,0.559044,0.559044,0.0,ok
44443,Soil_Type23,0.5334209999999999,0.5334209999999999,0.0,ok
44443,Soil_Type24,0.508081,0.508081,0.0,ok
44443,Soil_Type25,0.5009,0.5009,0.0,ok
44443,Soil_Type26,0.5022000000000001,0.5022000000000001,0.0,ok
44443,Soil_Type27,0.5011979999999999,0.5011979999999999,0.0,ok
44443,Soil_Type28,0.5,0.5,0.0,ok
44443,Soil_Type29,0.524758,0.524758,0.0,ok
44443,Soil_Type3,0.5032000000000001,0.5032000000000001,0.0,ok
44443,Soil_Type30,0.5136599999999999,0.5136599999999999,0.0,ok
44443,Soil_Type31,0.5121709999999999,0.5121709999999999,0.0,ok
44443,Soil_Type32,0.5021775,0.5021775,0.0,ok
44443,Soil_Type33,0.4978565,0.4978565,0.0,ok
44443,Soil_Type34,0.5010000000000001,0.5010000000000001,0.0,ok
44443,Soil_Type35,0.5004,0.5004,0.0,ok
44443,Soil_Type36,0.5,0.5,0.0,ok
44443,Soil_Type37,0.5,0.5,0.0,ok
44443,Soil_Type38,0.516429,0.516429,0.0,ok
44443,Soil_Type39,0.5148965,0.5148965,0.0,ok
44443,Soil_Type4,0.5044964999999999,0.5044964999999999,0.0,ok
44443,Soil_Type40,0.5102099999999999,0.5102099999999999,0.0,ok
44443,Soil_Type5,0.5,0.5,0.0,ok
44443,Soil_Type6,0.5004,0.5004,0.0,ok
44443,Soil_Type7,0.5,0.5,0.0,ok
44443,Soil_Type8,0.5,0.5,0.0,ok
44443,Soil_Type9,0.5009,0.5009,0.0,ok
44443,Vertical_Distance_To_Hydrology,0.551567,0.551567,0.0,ok
44443,Wilderness_Area1,0.48308399999999996,0.48308399999999996,0.0,ok
44443,Wilderness_Area2,0.521183,0.521183,0.0,ok
44443,Wilderness_Area3,0.5119035000000001,0.5119035000000001,0.0,ok
44443,Wilderness_Area4,0.5059,0.5059,0.0,ok
44444,Aspect,0.5077444999999999,0.5077444999999999,0.0,ok
44444,Elevation,0.8076105,0.8076105,0.0,ok
44444,Hillshade_3pm,0.48726400000000003,0.48726400000000003,0.0,ok
44444,Hillshade_9am,0.5199065,0.5199065,0.0,ok
44444,Hillshade_Noon,0.532379,0.532379,0.0,ok
44444,Horizontal_Distance_To_Fire_Points,0.5356385,0.5356385,0.0,ok
44444,Horizontal_Distance_To_Hydrology,0.541611,0.541611,0.0,ok
44444,Horizontal_Distance_To_Roadways,0.562671,0.562671,0.0,ok
44444,Slope,0.5097050000000001,0.5097050000000001,0.0,ok
44444,Soil_Type1,0.5,0.5,0.0,ok
44444,Soil_Type10,0.5169855000000001,0.5169855000000001,0.0,ok
44444,Soil_Type11,0.514589,0.514589,0.0,ok
44444,Soil_Type12,0.5323705000000001,0.5323705000000001,0.0,ok
44444,Soil_Type13,0.516656,0.516656,0.0,ok
44444,Soil_Type14,0.5,0.5,0.0,ok
44444,Soil_Type15,0.5,0.5,0.0,ok
44444,Soil_Type16,0.49931099999999995,0.49931099999999995,0.0,ok
44444,Soil_Type17,0.5011015,0.5011015,0.0,ok
44444,Soil_Type18,0.5025999999999999,0.5025999999999999,0.0,ok
44444,Soil_Type19,0.5037845,0.5037845,0.0,ok
44444,Soil_Type2,0.5008999999999999,0.5008999999999999,0.0,ok
44444,Soil_Type20,0.5022905,0.5022905,0.0,ok
44444,Soil_Type21,0.5004,0.5004,0.0,ok
44444,Soil_Type22,0.5462940000000001,0.5462940000000001,0.0,ok
44444,Soil_Type23,0.557568,0.557568,0.0,ok
44444,Soil_Type24,0.5000775000000001,0.5000775000000001,0.0,ok
44444,Soil_Type25,0.5004,0.5004,0.0,ok
44444,Soil_Type26,0.5018995,0.5018995,0.0,ok
44444,Soil_Type27,0.5012059999999999,0.5012059999999999,0.0,ok
44444,Soil_Type28,0.5004,0.5004,0.0,ok
44444,Soil_Type29,0.5372265,0.5372265,0.0,ok
44444,Soil_Type3,0.5009,0.5009,0.0,ok
44444,Soil_Type30,0.5063145,0.5063145,0.0,ok
44444,Soil_Type31,0.4977975,0.4977975,0.0,ok
44444,Soil_Type32,0.5020935,0.5020935,0.0,ok
44444,Soil_Type33,0.5072575,0.5072575,0.0,ok
44444,Soil_Type34,0.5005999999999999,0.5005999999999999,0.0,ok
44444,Soil_Type35,0.5029,0.5029,0.0,ok
44444,Soil_Type36,0.5,0.5,0.0,ok
44444,Soil_Type37,0.5,0.5,0.0,ok
44444,Soil_Type38,0.520382,0.520382,0.0,ok
44444,Soil_Type39,0.5147985,0.5147985,0.0,ok
44444,Soil_Type4,0.503201,0.503201,0.0,ok
44444,Soil_Type40,0.5087094999999999,0.5087094999999999,0.0,ok
44444,Soil_Type5,0.5,0.5,0.0,ok
44444,Soil_Type6,0.5017,0.5017,0.0,ok
44444,Soil_Type7,0.5,0.5,0.0,ok
44444,Soil_Type8,0.5009,0.5009,0.0,ok
44444,Soil_Type9,0.5010000000000001,0.5010000000000001,0.0,ok
44444,Vertical_Distance_To_Hydrology,0.5626945,0.5626945,0.0,ok
44444,Wilderness_Area1,0.49302250000000003,0.49302250000000003,0.0,ok
44444,Wilderness_Area2,0.5165930000000001,0.5165930000000001,0.0,ok
44444,Wilderness_Area3,0.5062155,0.5062155,0.0,ok
44444,Wilderness_Area4,0.5047,0.5047,0.0,ok
44445,Aspect,0.4868785,0.4868785,0.0,ok
44445,Elevation,0.8168804999999999,0.8168804999999999,0.0,ok
44445,Hillshade_3pm,0.5086244999999999,0.5086244999999999,0.0,ok
44445,Hillshade_9am,0.524525,0.524525,0.0,ok
44445,Hillshade_Noon,0.5430714999999999,0.5430714999999999,0.0,ok
44445,Horizontal_Distance_To_Fire_Points,0.47509100000000004,0.47509100000000004,0.0,ok
44445,Horizontal_Distance_To_Hydrology,0.5222865000000001,0.5222865000000001,0.0,ok
44445,Horizontal_Distance_To_Roadways,0.566821,0.566821,0.0,ok
44445,Slope,0.519592,0.519592,0.0,ok
44445,Soil_Type1,0.5,0.5,0.0,ok
44445,Soil_Type10,0.5145150000000001,0.5145150000000001,0.0,ok
44445,Soil_Type11,0.5129975000000001,0.5129975000000001,0.0,ok
44445,Soil_Type12,0.5379095,0.5379095,0.0,ok
44445,Soil_Type13,0.515158,0.515158,0.0,ok
44445,Soil_Type14,0.5,0.5,0.0,ok
44445,Soil_Type15,0.5,0.5,0.0,ok
44445,Soil_Type16,0.5007975,0.5007975,0.0,ok
44445,Soil_Type17,0.5013000000000001,0.5013000000000001,0.0,ok
44445,Soil_Type18,0.5008999999999999,0.5008999999999999,0.0,ok
44445,Soil_Type19,0.501804,0.501804,0.0,ok
44445,Soil_Type2,0.5010000000000001,0.5010000000000001,0.0,ok
44445,Soil_Type20,0.50019,0.50019,0.0,ok
44445,Soil_Type21,0.5008,0.5008,0.0,ok
44445,Soil_Type22,0.543822,0.543822,0.0,ok
44445,Soil_Type23,0.5382045000000001,0.5382045000000001,0.0,ok
44445,Soil_Type24,0.5019440000000001,0.5019440000000001,0.0,ok
44445,Soil_Type25,0.5,0.5,0.0,ok
44445,Soil_Type26,0.5025000000000001,0.5025000000000001,0.0,ok
44445,Soil_Type27,0.4993005,0.4993005,0.0,ok
44445,Soil_Type28,0.501599,0.501599,0.0,ok
44445,Soil_Type29,0.517394,0.517394,0.0,ok
44445,Soil_Type3,0.5029,0.5029,0.0,ok
44445,Soil_Type30,0.5160739999999999,0.5160739999999999,0.0,ok
44445,Soil_Type31,0.514329,0.514329,0.0,ok
44445,Soil_Type32,0.5171775000000001,0.5171775000000001,0.0,ok
44445,Soil_Type33,0.502631,0.502631,0.0,ok
44445,Soil_Type34,0.5017,0.5017,0.0,ok
44445,Soil_Type35,0.5017,0.5017,0.0,ok
44445,Soil_Type36,0.4991,0.4991,0.0,ok
44445,Soil_Type37,0.5,0.5,0.0,ok
44445,Soil_Type38,0.513039,0.513039,0.0,ok
44445,Soil_Type39,0.5206000000000001,0.5206000000000001,0.0,ok
44445,Soil_Type4,0.5027005,0.5027005,0.0,ok
44445,Soil_Type40,0.5072989999999999,0.5072989999999999,0.0,ok
44445,Soil_Type5,0.5,0.5,0.0,ok
44445,Soil_Type6,0.5008999999999999,0.5008999999999999,0.0,ok
44445,Soil_Type7,0.5004,0.5004,0.0,ok
44445,Soil_Type8,0.5,0.5,0.0,ok
44445,Soil_Type9,0.501597,0.501597,0.0,ok
44445,Vertical_Distance_To_Hydrology,0.5301134999999999,0.5301134999999999,0.0,ok
44445,Wilderness_Area1,0.48017699999999996,0.48017699999999996,0.0,ok
44445,Wilderness_Area2,0.527594,0.527594,0.0,ok
44445,Wilderness_Area3,0.518801,0.518801,0.0,ok
44445,Wilderness_Area4,0.5026,0.5026,0.0,ok
44446,Aspect,0.4844725,0.4844725,0.0,ok
44446,Elevation,0.8085555000000001,0.8085555000000001,0.0,ok
44446,Hillshade_3pm,0.45677,0.45677,0.0,ok
44446,Hillshade_9am,0.4857095,0.4857095,0.0,ok
44446,Hillshade_Noon,0.528598,0.528598,0.0,ok
44446,Horizontal_Distance_To_Fire_Points,0.481073,0.481073,0.0,ok
44446,Horizontal_Distance_To_Hydrology,0.5385915000000001,0.5385915000000001,0.0,ok
44446,Horizontal_Distance_To_Roadways,0.5461215,0.5461215,0.0,ok
44446,Slope,0.5308474999999999,0.5308474999999999,0.0,ok
44446,Soil_Type1,0.5,0.5,0.0,ok
44446,Soil_Type10,0.517173,0.517173,0.0,ok
44446,Soil_Type11,0.5103930000000001,0.5103930000000001,0.0,ok
44446,Soil_Type12,0.532396,0.532396,0.0,ok
44446,Soil_Type13,0.5183975000000001,0.5183975000000001,0.0,ok
44446,Soil_Type14,0.5,0.5,0.0,ok
44446,Soil_Type15,0.5,0.5,0.0,ok
44446,Soil_Type16,0.4989,0.4989,0.0,ok
44446,Soil_Type17,0.500398,0.500398,0.0,ok
44446,Soil_Type18,0.501502,0.501502,0.0,ok
44446,Soil_Type19,0.4992025,0.4992025,0.0,ok
44446,Soil_Type2,0.5029,0.5029,0.0,ok
44446,Soil_Type20,0.5003915,0.5003915,0.0,ok
44446,Soil_Type21,0.5011000000000001,0.5011000000000001,0.0,ok
44446,Soil_Type22,0.5349025,0.5349025,0.0,ok
44446,Soil_Type23,0.537891,0.537891,0.0,ok
44446,Soil_Type24,0.506751,0.506751,0.0,ok
44446,Soil_Type25,0.5003000000000001,0.5003000000000001,0.0,ok
44446,Soil_Type26,0.501802,0.501802,0.0,ok
44446,Soil_Type27,0.5016959999999999,0.5016959999999999,0.0,ok
44446,Soil_Type28,0.4996,0.4996,0.0,ok
44446,Soil_Type29,0.516596,0.516596,0.0,ok
44446,Soil_Type3,0.5005,0.5005,0.0,ok
44446,Soil_Type30,0.5150375,0.5150375,0.0,ok
44446,Soil_Type31,0.508733,0.508733,0.0,ok
44446,Soil_Type32,0.5092880000000001,0.5092880000000001,0.0,ok
44446,Soil_Type33,0.491847,0.491847,0.0,ok
44446,Soil_Type34,0.5025,0.5025,0.0,ok
44446,Soil_Type35,0.5034,0.5034,0.0,ok
44446,Soil_Type36,0.5,0.5,0.0,ok
44446,Soil_Type37,0.5,0.5,0.0,ok
44446,Soil_Type38,0.515919,0.515919,0.0,ok
44446,Soil_Type39,0.515796,0.515796,0.0,ok
44446,Soil_Type4,0.5054000000000001,0.5054000000000001,0.0,ok
44446,Soil_Type40,0.513289,0.513289,0.0,ok
44446,Soil_Type5,0.5,0.5,0.0,ok
44446,Soil_Type6,0.5004,0.5004,0.0,ok
44446,Soil_Type7,0.5,0.5,0.0,ok
44446,Soil_Type8,0.5,0.5,0.0,ok
44446,Soil_Type9,0.500899,0.500899,0.0,ok
44446,Vertical_Distance_To_Hydrology,0.542279,0.542279,0.0,ok
44446,Wilderness_Area1,0.5107200000000001,0.5107200000000001,0.0,ok
44446,Wilderness_Area2,0.5270295,0.5270295,0.0,ok
44446,Wilderness_Area3,0.5239214999999999,0.5239214999999999,0.0,ok
44446,Wilderness_Area4,0.5039,0.5039,0.0,ok
44447,Aspect,0.483415,0.483415,0.0,ok
44447,Elevation,0.8057285000000001,0.8057285000000001,0.0,ok
44447,Hillshade_3pm,0.521694,0.521694,0.0,ok
44447,Hillshade_9am,0.5353515,0.5353515,0.0,ok
44447,Hillshade_Noon,0.5400895,0.5400895,0.0,ok
44447,Horizontal_Distance_To_Fire_Points,0.4714605,0.4714605,0.0,ok
44447,Horizontal_Distance_To_Hydrology,0.5131255,0.5131255,0.0,ok
44447,Horizontal_Distance_To_Roadways,0.5603985,0.5603985,0.0,ok
44447,Slope,0.532757,0.532757,0.0,ok
44447,Soil_Type1,0.5,0.5,0.0,ok
44447,Soil_Type10,0.510114,0.510114,0.0,ok
44447,Soil_Type11,0.5183,0.5183,0.0,ok
44447,Soil_Type12,0.5344180000000001,0.5344180000000001,0.0,ok
44447,Soil_Type13,0.5112715000000001,0.5112715000000001,0.0,ok
44447,Soil_Type14,0.5,0.5,0.0,ok
44447,Soil_Type15,0.5,0.5,0.0,ok
44447,Soil_Type16,0.5016990000000001,0.5016990000000001,0.0,ok
44447,Soil_Type17,0.5010000000000001,0.5010000000000001,0.0,ok
44447,Soil_Type18,0.5004,0.5004,0.0,ok
44447,Soil_Type19,0.503108,0.503108,0.0,ok
44447,Soil_Type2,0.5011000000000001,0.5011000000000001,0.0,ok
44447,Soil_Type20,0.5005280000000001,0.5005280000000001,0.0,ok
44447,Soil_Type21,0.5005,0.5005,0.0,ok
44447,Soil_Type22,0.5479339999999999,0.5479339999999999,0.0,ok
44447,Soil_Type23,0.546165,0.546165,0.0,ok
44447,Soil_Type24,0.5085729999999999,0.5085729999999999,0.0,ok
44447,Soil_Type25,0.5009,0.5009,0.0,ok
44447,Soil_Type26,0.5017984999999999,0.5017984999999999,0.0,ok
44447,Soil_Type27,0.4994005,0.4994005,0.0,ok
44447,Soil_Type28,0.5010000000000001,0.5010000000000001,0.0,ok
44447,Soil_Type29,0.533757,0.533757,0.0,ok
44447,Soil_Type3,0.5017,0.5017,0.0,ok
44447,Soil_Type30,0.5258444999999999,0.5258444999999999,0.0,ok
44447,Soil_Type31,0.5100195000000001,0.5100195000000001,0.0,ok
44447,Soil_Type32,0.5087795,0.5087795,0.0,ok
44447,Soil_Type33,0.49366399999999994,0.49366399999999994,0.0,ok
44447,Soil_Type34,0.5004025000000001,0.5004025000000001,0.0,ok
44447,Soil_Type35,0.5029,0.5029,0.0,ok
44447,Soil_Type36,0.5009,0.5009,0.0,ok
44447,Soil_Type37,0.5,0.5,0.0,ok
44447,Soil_Type38,0.518296,0.518296,0.0,ok
44447,Soil_Type39,0.514874,0.514874,0.0,ok
44447,Soil_Type4,0.5025,0.5025,0.0,ok
44447,Soil_Type40,0.504508,0.504508,0.0,ok
44447,Soil_Type5,0.5,0.5,0.0,ok
44447,Soil_Type6,0.5021,0.5021,0.0,ok
44447,Soil_Type7,0.5009,0.5009,0.0,ok
44447,Soil_Type8,0.4991,0.4991,0.0,ok
44447,Soil_Type9,0.5,0.5,0.0,ok
44447,Vertical_Distance_To_Hydrology,0.5354915,0.5354915,0.0,ok
44447,Wilderness_Area1,0.5129779999999999,0.5129779999999999,0.0,ok
44447,Wilderness_Area2,0.530735,0.530735,0.0,ok
44447,Wilderness_Area3,0.51251,0.51251,0.0,ok
44447,Wilderness_Area4,0.5039,0.5039,0.0,ok
44448,V1,0.5373015,0.5373015,0.0,ok
44448,V14,0.48505000000000004,0.48505000000000004,0.0,ok
44448,V15,0.5,0.5,0.0,ok
44448,V17,0.512365,0.512365,0.0,ok
44448,V18,0.5247204999999999,0.5247204999999999,0.0,ok
44448,V19,0.488398,0.488398,0.0,ok
44448,V20,0.5582085,0.5582085,0.0,ok
44448,V21,0.640388,0.640388,0.0,ok
44448,V22,0.4974255000000001,0.4974255000000001,0.0,ok
44448,V5,0.547642,0.547642,0.0,ok
44448,V6,0.4840435,0.4840435,0.0,ok
44448,V8,0.504077,0.504077,0.0,ok
44449,V1,0.551772,0.551772,0.0,ok
44449,V14,0.49013799999999996,0.49013799999999996,0.0,ok
44449,V15,0.5,0.5,0.0,ok
44449,V17,0.487047,0.487047,0.0,ok
44449,V18,0.5332165,0.5332165,0.0,ok
44449,V19,0.5114624999999999,0.5114624999999999,0.0,ok
44449,V20,0.587806,0.587806,0.0,ok
44449,V21,0.6276395,0.6276395,0.0,ok
44449,V22,0.504279,0.504279,0.0,ok
44449,V5,0.5591715,0.5591715,0.0,ok
44449,V6,0.47286399999999995,0.47286399999999995,0.0,ok
44449,V8,0.507015,0.507015,0.0,ok
44450,V1,0.5437779999999999,0.5437779999999999,0.0,ok
44450,V14,0.510898,0.510898,0.0,ok
44450,V15,0.5,0.5,0.0,ok
44450,V17,0.5070115,0.5070115,0.0,ok
44450,V18,0.524589,0.524589,0.0,ok
44450,V19,0.49529,0.49529,0.0,ok
44450,V20,0.5795509999999999,0.5795509999999999,0.0,ok
44450,V21,0.6208695,0.6208695,0.0,ok
44450,V22,0.4880049999999999,0.4880049999999999,0.0,ok
44450,V5,0.5621175,0.5621175,0.0,ok
44450,V6,0.5203694999999999,0.5203694999999999,0.0,ok
44450,V8,0.5029499999999999,0.5029499999999999,0.0,ok
44451,V1,0.5571015,0.5571015,0.0,ok
44451,V14,0.496044,0.496044,0.0,ok
44451,V15,0.5,0.5,0.0,ok
44451,V17,0.489437,0.489437,0.0,ok
44451,V18,0.5245489999999999,0.5245489999999999,0.0,ok
44451,V19,0.5125154999999999,0.5125154999999999,0.0,ok
44451,V20,0.5941434999999999,0.5941434999999999,0.0,ok
44451,V21,0.6293995,0.6293995,0.0,ok
44451,V22,0.5010855,0.5010855,0.0,ok
44451,V5,0.5660565,0.5660565,0.0,ok
44451,V6,0.530241,0.530241,0.0,ok
44451,V8,0.49955150000000004,0.49955150000000004,0.0,ok
44452,V1,0.5491295,0.5491295,0.0,ok
44452,V14,0.476545,0.476545,0.0,ok
44452,V15,0.5,0.5,0.0,ok
44452,V17,0.4939485,0.4939485,0.0,ok
44452,V18,0.5155069999999999,0.5155069999999999,0.0,ok
44452,V19,0.5026075,0.5026075,0.0,ok
44452,V20,0.5584365,0.5584365,0.0,ok
44452,V21,0.6171105,0.6171105,0.0,ok
44452,V22,0.5028250000000001,0.5028250000000001,0.0,ok
44452,V5,0.553181,0.553181,0.0,ok
44452,V6,0.483602,0.483602,0.0,ok
44452,V8,0.5040545,0.5040545,0.0,ok
44453,1st_Road_Number,0.5147965,0.5147965,0.0,ok
44453,2nd_Road_Number,0.5313464999999999,0.5313464999999999,0.0,ok
44453,Age_Band_of_Casualty,0.5103614999999999,0.5103614999999999,0.0,ok
44453,Age_Band_of_Driver,0.471349,0.471349,0.0,ok
44453,Age_of_Casualty,0.4873394999999999,0.4873394999999999,0.0,ok
44453,Age_of_Driver,0.47291000000000005,0.47291000000000005,0.0,ok
44453,Age_of_Vehicle,0.487575,0.487575,0.0,ok
44453,Casualty_IMD_Decile,0.5309065,0.5309065,0.0,ok
44453,Casualty_Reference,0.49453400000000003,0.49453400000000003,0.0,ok
44453,Casualty_Type,0.528861,0.528861,0.0,ok
44453,Engine_Capacity_(CC),0.594098,0.594098,0.0,ok
44453,Hit_Object_in_Carriageway,0.5005560000000001,0.5005560000000001,0.0,ok
44453,Hit_Object_off_Carriageway,0.49784249999999997,0.49784249999999997,0.0,ok
44453,Latitude,0.526459,0.526459,0.0,ok
44453,Local_Authority_(District),0.529763,0.529763,0.0,ok
44453,Location_Easting_OSGR,0.51269,0.51269,0.0,ok
44453,Location_Northing_OSGR,0.5265065,0.5265065,0.0,ok
44453,Longitude,0.512437,0.512437,0.0,ok
44453,Number_of_Casualties,0.5140509999999999,0.5140509999999999,0.0,ok
44453,Number_of_Vehicles,0.5091845,0.5091845,0.0,ok
44453,Pedestrian_Location,0.4998685,0.4998685,0.0,ok
44453,Pedestrian_Movement,0.500008,0.500008,0.0,ok
44453,Police_Force,0.530898,0.530898,0.0,ok
44453,Propulsion_Code,0.5816265,0.5816265,0.0,ok
44453,Sex_of_Casualty,0.698205,0.698205,0.0,ok
44453,Urban_or_Rural_Area,0.5042800000000001,0.5042800000000001,0.0,ok
44453,Vehicle_Location-Restricted_Lane,0.5017955000000001,0.5017955000000001,0.0,ok
44453,Vehicle_Manoeuvre,0.5312064999999999,0.5312064999999999,0.0,ok
44453,Vehicle_Reference_df,0.510762,0.510762,0.0,ok
44453,Vehicle_Reference_df_res,0.5097395,0.5097395,0.0,ok
44453,Vehicle_Type,0.5109305000000001,0.5109305000000001,0.0,ok
44453,Was_Vehicle_Left_Hand_Drive?,0.500799,0.500799,0.0,ok
44454,1st_Road_Number,0.5158280000000001,0.5158280000000001,0.0,ok
44454,2nd_Road_Number,0.5145879999999999,0.5145879999999999,0.0,ok
44454,Age_Band_of_Casualty,0.48938699999999996,0.48938699999999996,0.0,ok
44454,Age_Band_of_Driver,0.5190615,0.5190615,0.0,ok
44454,Age_of_Casualty,0.48977350000000003,0.48977350000000003,0.0,ok
44454,Age_of_Driver,0.520886,0.520886,0.0,ok
44454,Age_of_Vehicle,0.4739725000000001,0.4739725000000001,0.0,ok
44454,Casualty_IMD_Decile,0.5465855,0.5465855,0.0,ok
44454,Casualty_Reference,0.49021149999999997,0.49021149999999997,0.0,ok
44454,Casualty_Type,0.52807,0.52807,0.0,ok
44454,Engine_Capacity_(CC),0.6059005000000001,0.6059005000000001,0.0,ok
44454,Hit_Object_in_Carriageway,0.49760600000000005,0.49760600000000005,0.0,ok
44454,Hit_Object_off_Carriageway,0.5065965,0.5065965,0.0,ok
44454,Latitude,0.48023550000000004,0.48023550000000004,0.0,ok
44454,Local_Authority_(District),0.537898,0.537898,0.0,ok
44454,Location_Easting_OSGR,0.477113,0.477113,0.0,ok
44454,Location_Northing_OSGR,0.48050649999999995,0.48050649999999995,0.0,ok
44454,Longitude,0.477085,0.477085,0.0,ok
44454,Number_of_Casualties,0.5191505,0.5191505,0.0,ok
44454,Number_of_Vehicles,0.5160515,0.5160515,0.0,ok
44454,Pedestrian_Location,0.49554000000000004,0.49554000000000004,0.0,ok
44454,Pedestrian_Movement,0.49560400000000004,0.49560400000000004,0.0,ok
44454,Police_Force,0.5345655,0.5345655,0.0,ok
44454,Propulsion_Code,0.6002379999999999,0.6002379999999999,0.0,ok
44454,Sex_of_Casualty,0.674683,0.674683,0.0,ok
44454,Urban_or_Rural_Area,0.49354600000000004,0.49354600000000004,0.0,ok
44454,Vehicle_Location-Restricted_Lane,0.4989964999999999,0.4989964999999999,0.0,ok
44454,Vehicle_Manoeuvre,0.518165,0.518165,0.0,ok
44454,Vehicle_Reference_df,0.513331,0.513331,0.0,ok
44454,Vehicle_Reference_df_res,0.523438,0.523438,0.0,ok
44454,Vehicle_Type,0.49870849999999994,0.49870849999999994,0.0,ok
44454,Was_Vehicle_Left_Hand_Drive?,0.4999,0.4999,0.0,ok
44455,1st_Road_Number,0.46691099999999996,0.46691099999999996,0.0,ok
44455,2nd_Road_Number,0.5097795,0.5097795,0.0,ok
44455,Age_Band_of_Casualty,0.4876365,0.4876365,0.0,ok
44455,Age_Band_of_Driver,0.49015050000000004,0.49015050000000004,0.0,ok
44455,Age_of_Casualty,0.47991399999999995,0.47991399999999995,0.0,ok
44455,Age_of_Driver,0.49602399999999996,0.49602399999999996,0.0,ok
44455,Age_of_Vehicle,0.5282345,0.5282345,0.0,ok
44455,Casualty_IMD_Decile,0.5205145,0.5205145,0.0,ok
44455,Casualty_Reference,0.5008969999999999,0.5008969999999999,0.0,ok
44455,Casualty_Type,0.5277204999999999,0.5277204999999999,0.0,ok
44455,Engine_Capacity_(CC),0.6005969999999999,0.6005969999999999,0.0,ok
44455,Hit_Object_in_Carriageway,0.499575,0.499575,0.0,ok
44455,Hit_Object_off_Carriageway,0.510011,0.510011,0.0,ok
44455,Latitude,0.5210945,0.5210945,0.0,ok
44455,Local_Authority_(District),0.520165,0.520165,0.0,ok
44455,Location_Easting_OSGR,0.517505,0.517505,0.0,ok
44455,Location_Northing_OSGR,0.5210275,0.5210275,0.0,ok
44455,Longitude,0.5171045000000001,0.5171045000000001,0.0,ok
44455,Number_of_Casualties,0.48811849999999996,0.48811849999999996,0.0,ok
44455,Number_of_Vehicles,0.5142319999999999,0.5142319999999999,0.0,ok
44455,Pedestrian_Location,0.501828,0.501828,0.0,ok
44455,Pedestrian_Movement,0.5022485000000001,0.5022485000000001,0.0,ok
44455,Police_Force,0.5183845,0.5183845,0.0,ok
44455,Propulsion_Code,0.5857709999999999,0.5857709999999999,0.0,ok
44455,Sex_of_Casualty,0.6753144999999999,0.6753144999999999,0.0,ok
44455,Urban_or_Rural_Area,0.5176605,0.5176605,0.0,ok
44455,Vehicle_Location-Restricted_Lane,0.498704,0.498704,0.0,ok
44455,Vehicle_Manoeuvre,0.520973,0.520973,0.0,ok
44455,Vehicle_Reference_df,0.48688,0.48688,0.0,ok
44455,Vehicle_Reference_df_res,0.518694,0.518694,0.0,ok
44455,Vehicle_Type,0.5078045000000001,0.5078045000000001,0.0,ok
44455,Was_Vehicle_Left_Hand_Drive?,0.4994005,0.4994005,0.0,ok
44456,1st_Road_Number,0.5055375,0.5055375,0.0,ok
44456,2nd_Road_Number,0.5207870000000001,0.5207870000000001,0.0,ok
44456,Age_Band_of_Casualty,0.48187949999999996,0.48187949999999996,0.0,ok
44456,Age_Band_of_Driver,0.5105580000000001,0.5105580000000001,0.0,ok
44456,Age_of_Casualty,0.47932949999999996,0.47932949999999996,0.0,ok
44456,Age_of_Driver,0.5097445,0.5097445,0.0,ok
44456,Age_of_Vehicle,0.525487,0.525487,0.0,ok
44456,Casualty_IMD_Decile,0.4873225,0.4873225,0.0,ok
44456,Casualty_Reference,0.4937075,0.4937075,0.0,ok
44456,Casualty_Type,0.5459620000000001,0.5459620000000001,0.0,ok
44456,Engine_Capacity_(CC),0.5809955,0.5809955,0.0,ok
44456,Hit_Object_in_Carriageway,0.5022285,0.5022285,0.0,ok
44456,Hit_Object_off_Carriageway,0.49562100000000003,0.49562100000000003,0.0,ok
44456,Latitude,0.5135045,0.5135045,0.0,ok
44456,Local_Authority_(District),0.5557335,0.5557335,0.0,ok
44456,Location_Easting_OSGR,0.5216559999999999,0.5216559999999999,0.0,ok
44456,Location_Northing_OSGR,0.5132975,0.5132975,0.0,ok
44456,Longitude,0.5208165,0.5208165,0.0,ok
44456,Number_of_Casualties,0.525774,0.525774,0.0,ok
44456,Number_of_Vehicles,0.5134925,0.5134925,0.0,ok
44456,Pedestrian_Location,0.505632,0.505632,0.0,ok
44456,Pedestrian_Movement,0.5059224999999999,0.5059224999999999,0.0,ok
44456,Police_Force,0.5536805,0.5536805,0.0,ok
44456,Propulsion_Code,0.5511705,0.5511705,0.0,ok
44456,Sex_of_Casualty,0.673072,0.673072,0.0,ok
44456,Urban_or_Rural_Area,0.523004,0.523004,0.0,ok
44456,Vehicle_Location-Restricted_Lane,0.499195,0.499195,0.0,ok
44456,Vehicle_Manoeuvre,0.5290225,0.5290225,0.0,ok
44456,Vehicle_Reference_df,0.508058,0.508058,0.0,ok
44456,Vehicle_Reference_df_res,0.522513,0.522513,0.0,ok
44456,Vehicle_Type,0.5161365,0.5161365,0.0,ok
44456,Was_Vehicle_Left_Hand_Drive?,0.49970000000000003,0.49970000000000003,0.0,ok
44457,1st_Road_Number,0.507824,0.507824,0.0,ok
44457,2nd_Road_Number,0.521136,0.521136,0.0,ok
44457,Age_Band_of_Casualty,0.5234975,0.5234975,0.0,ok
44457,Age_Band_of_Driver,0.532773,0.532773,0.0,ok
44457,Age_of_Casualty,0.5215305,0.5215305,0.0,ok
44457,Age_of_Driver,0.530204,0.530204,0.0,ok
44457,Age_of_Vehicle,0.5121640000000002,0.5121640000000002,0.0,ok
44457,Casualty_IMD_Decile,0.5369035000000001,0.5369035000000001,0.0,ok
44457,Casualty_Reference,0.5048060000000001,0.5048060000000001,0.0,ok
44457,Casualty_Type,0.5119830000000001,0.5119830000000001,0.0,ok
44457,Engine_Capacity_(CC),0.6251550000000001,0.6251550000000001,0.0,ok
44457,Hit_Object_in_Carriageway,0.5024345,0.5024345,0.0,ok
44457,Hit_Object_off_Carriageway,0.495629,0.495629,0.0,ok
44457,Latitude,0.524898,0.524898,0.0,ok
44457,Local_Authority_(District),0.543353,0.543353,0.0,ok
44457,Location_Easting_OSGR,0.532803,0.532803,0.0,ok
44457,Location_Northing_OSGR,0.524455,0.524455,0.0,ok
44457,Longitude,0.5321359999999999,0.5321359999999999,0.0,ok
44457,Number_of_Casualties,0.52469,0.52469,0.0,ok
44457,Number_of_Vehicles,0.506022,0.506022,0.0,ok
44457,Pedestrian_Location,0.49648299999999995,0.49648299999999995,0.0,ok
44457,Pedestrian_Movement,0.49631400000000003,0.49631400000000003,0.0,ok
44457,Police_Force,0.5429915,0.5429915,0.0,ok
44457,Propulsion_Code,0.5935765,0.5935765,0.0,ok
44457,Sex_of_Casualty,0.6733815000000001,0.6733815000000001,0.0,ok
44457,Urban_or_Rural_Area,0.49148850000000005,0.49148850000000005,0.0,ok
44457,Vehicle_Location-Restricted_Lane,0.5039995,0.5039995,0.0,ok
44457,Vehicle_Manoeuvre,0.5295139999999999,0.5295139999999999,0.0,ok
44457,Vehicle_Reference_df,0.5028655000000001,0.5028655000000001,0.0,ok
44457,Vehicle_Reference_df_res,0.510957,0.510957,0.0,ok
44457,Vehicle_Type,0.4909365,0.4909365,0.0,ok
44457,Was_Vehicle_Left_Hand_Drive?,0.4996005,0.4996005,0.0,ok
44458,age,0.5773665,0.5773665,0.0,ok
44458,age_cat,0.5288525000000001,0.5288525000000001,0.0,ok
44458,c_charge_degree,0.500784,0.500784,0.0,ok
44458,c_days_from_compas,0.5362765,0.5362765,0.0,ok
44458,days_b_screening_arrest,0.549467,0.549467,0.0,ok
44458,decile_score.1,0.6889520000000001,0.6889520000000001,0.0,ok
44458,end,0.651371,0.651371,0.0,ok
44458,juv_fel_count,0.5168615,0.5168615,0.0,ok
44458,juv_misd_count,0.5325840000000001,0.5325840000000001,0.0,ok
44458,juv_other_count,0.534286,0.534286,0.0,ok
44458,priors_count,0.6854669999999999,0.6854669999999999,0.0,ok
44458,race,0.5785215000000001,0.5785215000000001,0.0,ok
44458,score_text,0.5215190000000001,0.5215190000000001,0.0,ok
44458,sex,0.5379145,0.5379145,0.0,ok
44458,v_decile_score,0.6642345000000001,0.6642345000000001,0.0,ok
44458,v_score_text,0.524123,0.524123,0.0,ok
44458,v_type_of_assessment,0.5,0.5,0.0,ok
44459,age,0.5940305,0.5940305,0.0,ok
44459,age_cat,0.5240779999999999,0.5240779999999999,0.0,ok
44459,c_charge_degree,0.48643749999999997,0.48643749999999997,0.0,ok
44459,c_days_from_compas,0.5317554999999999,0.5317554999999999,0.0,ok
44459,days_b_screening_arrest,0.5450845,0.5450845,0.0,ok
44459,decile_score.1,0.7020974999999999,0.7020974999999999,0.0,ok
44459,end,0.6303000000000001,0.6303000000000001,0.0,ok
44459,juv_fel_count,0.524318,0.524318,0.0,ok
44459,juv_misd_count,0.538735,0.538735,0.0,ok
44459,juv_other_count,0.5352235,0.5352235,0.0,ok
44459,priors_count,0.6578499999999998,0.6578499999999998,0.0,ok
44459,race,0.5670115,0.5670115,0.0,ok
44459,score_text,0.548017,0.548017,0.0,ok
44459,sex,0.5399269999999999,0.5399269999999999,0.0,ok
44459,v_decile_score,0.665781,0.665781,0.0,ok
44459,v_score_text,0.5172235,0.5172235,0.0,ok
44459,v_type_of_assessment,0.5,0.5,0.0,ok
44460,age,0.5949145,0.5949145,0.0,ok
44460,age_cat,0.49089550000000004,0.49089550000000004,0.0,ok
44460,c_charge_degree,0.5054825000000001,0.5054825000000001,0.0,ok
44460,c_days_from_compas,0.5192645,0.5192645,0.0,ok
44460,days_b_screening_arrest,0.5428355,0.5428355,0.0,ok
44460,decile_score.1,0.6677624999999999,0.6677624999999999,0.0,ok
44460,end,0.6519975,0.6519975,0.0,ok
44460,juv_fel_count,0.5181660000000001,0.5181660000000001,0.0,ok
44460,juv_misd_count,0.5304985,0.5304985,0.0,ok
44460,juv_other_count,0.5450275,0.5450275,0.0,ok
44460,priors_count,0.6567265,0.6567265,0.0,ok
44460,race,0.5757545000000001,0.5757545000000001,0.0,ok
44460,score_text,0.5227735,0.5227735,0.0,ok
44460,sex,0.54334,0.54334,0.0,ok
44460,v_decile_score,0.6499675,0.6499675,0.0,ok
44460,v_score_text,0.5250414999999999,0.5250414999999999,0.0,ok
44460,v_type_of_assessment,0.5,0.5,0.0,ok
44461,age,0.6087100000000001,0.6087100000000001,0.0,ok
44461,age_cat,0.5443555,0.5443555,0.0,ok
44461,c_charge_degree,0.48202950000000006,0.48202950000000006,0.0,ok
44461,c_days_from_compas,0.521994,0.521994,0.0,ok
44461,days_b_screening_arrest,0.554724,0.554724,0.0,ok
44461,decile_score.1,0.674565,0.674565,0.0,ok
44461,end,0.6610035000000001,0.6610035000000001,0.0,ok
44461,juv_fel_count,0.5300484999999999,0.5300484999999999,0.0,ok
44461,juv_misd_count,0.525289,0.525289,0.0,ok
44461,juv_other_count,0.5318775,0.5318775,0.0,ok
44461,priors_count,0.640019,0.640019,0.0,ok
44461,race,0.5756165,0.5756165,0.0,ok
44461,score_text,0.5444899999999999,0.5444899999999999,0.0,ok
44461,sex,0.528242,0.528242,0.0,ok
44461,v_decile_score,0.6603395,0.6603395,0.0,ok
44461,v_score_text,0.522338,0.522338,0.0,ok
44461,v_type_of_assessment,0.5,0.5,0.0,ok
44462,age,0.5886875,0.5886875,0.0,ok
44462,age_cat,0.511584,0.511584,0.0,ok
44462,c_charge_degree,0.5188974999999999,0.5188974999999999,0.0,ok
44462,c_days_from_compas,0.5253380000000001,0.5253380000000001,0.0,ok
44462,days_b_screening_arrest,0.549569,0.549569,0.0,ok
44462,decile_score.1,0.6811709999999999,0.6811709999999999,0.0,ok
44462,end,0.6852199999999999,0.6852199999999999,0.0,ok
44462,juv_fel_count,0.5260764999999998,0.5260764999999998,0.0,ok
44462,juv_misd_count,0.5192695,0.5192695,0.0,ok
44462,juv_other_count,0.526455,0.526455,0.0,ok
44462,priors_count,0.6716799999999999,0.6716799999999999,0.0,ok
44462,race,0.5813960000000001,0.5813960000000001,0.0,ok
44462,score_text,0.5398265,0.5398265,0.0,ok
44462,sex,0.545799,0.545799,0.0,ok
44462,v_decile_score,0.6552815000000001,0.6552815000000001,0.0,ok
44462,v_score_text,0.5202645,0.5202645,0.0,ok
44462,v_type_of_assessment,0.5,0.5,0.0,ok
44463,Var109,0.55633,0.55633,0.0,ok
44463,Var112,0.5563975,0.5563975,0.0,ok
44463,Var113,0.5116970000000001,0.5116970000000001,0.0,ok
44463,Var119,0.5438004999999999,0.5438004999999999,0.0,ok
44463,Var123,0.5517945,0.5517945,0.0,ok
44463,Var125,0.5403265,0.5403265,0.0,ok
44463,Var126,0.73159,0.73159,0.0,ok
44463,Var13,0.5370315,0.5370315,0.0,ok
44463,Var132,0.5199005,0.5199005,0.0,ok
44463,Var133,0.583031,0.583031,0.0,ok
44463,Var134,0.542753,0.542753,0.0,ok
44463,Var140,0.539751,0.539751,0.0,ok
44463,Var144,0.5058380000000001,0.5058380000000001,0.0,ok
44463,Var149,0.5209214999999999,0.5209214999999999,0.0,ok
44463,Var153,0.609098,0.609098,0.0,ok
44463,Var160,0.5310895,0.5310895,0.0,ok
44463,Var163,0.48922499999999997,0.48922499999999997,0.0,ok
44463,Var194,0.508107,0.508107,0.0,ok
44463,Var196,0.5024975,0.5024975,0.0,ok
44463,Var201,0.507459,0.507459,0.0,ok
44463,Var203,0.5085439999999999,0.5085439999999999,0.0,ok
44463,Var205,0.5092504999999999,0.5092504999999999,0.0,ok
44463,Var207,0.540015,0.540015,0.0,ok
44463,Var208,0.5109144999999999,0.5109144999999999,0.0,ok
44463,Var21,0.5468010000000001,0.5468010000000001,0.0,ok
44463,Var210,0.5154995,0.5154995,0.0,ok
44463,Var211,0.5985400000000001,0.5985400000000001,0.0,ok
44463,Var218,0.559639,0.559639,0.0,ok
44463,Var22,0.5468010000000001,0.5468010000000001,0.0,ok
44463,Var221,0.4949,0.4949,0.0,ok
44463,Var223,0.5159039999999999,0.5159039999999999,0.0,ok
44463,Var225,0.5680135000000001,0.5680135000000001,0.0,ok
44463,Var227,0.48746849999999997,0.48746849999999997,0.0,ok
44463,Var229,0.5472345000000001,0.5472345000000001,0.0,ok
44463,Var24,0.572524,0.572524,0.0,ok
44463,Var25,0.5636395000000001,0.5636395000000001,0.0,ok
44463,Var28,0.6451365,0.6451365,0.0,ok
44463,Var35,0.5158665,0.5158665,0.0,ok
44463,Var38,0.5864285,0.5864285,0.0,ok
44463,Var57,0.530642,0.530642,0.0,ok
44463,Var6,0.5585815000000001,0.5585815000000001,0.0,ok
44463,Var65,0.5271215,0.5271215,0.0,ok
44463,Var73,0.571539,0.571539,0.0,ok
44463,Var74,0.5166425,0.5166425,0.0,ok
44463,Var76,0.5526185,0.5526185,0.0,ok
44463,Var78,0.5097240000000001,0.5097240000000001,0.0,ok
44463,Var81,0.5992784999999999,0.5992784999999999,0.0,ok
44463,Var83,0.5383330000000001,0.5383330000000001,0.0,ok
44463,Var85,0.5710599999999999,0.5710599999999999,0.0,ok
44464,Var109,0.55577,0.55577,0.0,ok
44464,Var112,0.5623045,0.5623045,0.0,ok
44464,Var113,0.48051249999999995,0.48051249999999995,0.0,ok
44464,Var119,0.5523045,0.5523045,0.0,ok
44464,Var123,0.5328539999999999,0.5328539999999999,0.0,ok
44464,Var125,0.545447,0.545447,0.0,ok
44464,Var126,0.7325504999999999,0.7325504999999999,0.0,ok
44464,Var13,0.5372715,0.5372715,0.0,ok
44464,Var132,0.49027450000000006,0.49027450000000006,0.0,ok
44464,Var133,0.55587,0.55587,0.0,ok
44464,Var134,0.5417765,0.5417765,0.0,ok
44464,Var140,0.543523,0.543523,0.0,ok
44464,Var144,0.5276915000000001,0.5276915000000001,0.0,ok
44464,Var149,0.5193495,0.5193495,0.0,ok
44464,Var153,0.584285,0.584285,0.0,ok
44464,Var160,0.5340349999999999,0.5340349999999999,0.0,ok
44464,Var163,0.5084125,0.5084125,0.0,ok
44464,Var194,0.5043095,0.5043095,0.0,ok
44464,Var196,0.502198,0.502198,0.0,ok
44464,Var201,0.504634,0.504634,0.0,ok
44464,Var203,0.5098254999999999,0.5098254999999999,0.0,ok
44464,Var205,0.5064904999999998,0.5064904999999998,0.0,ok
44464,Var207,0.5246249999999999,0.5246249999999999,0.0,ok
44464,Var208,0.5049285,0.5049285,0.0,ok
44464,Var21,0.5467540000000001,0.5467540000000001,0.0,ok
44464,Var210,0.510973,0.510973,0.0,ok
44464,Var211,0.6004349999999999,0.6004349999999999,0.0,ok
44464,Var218,0.5623294999999999,0.5623294999999999,0.0,ok
44464,Var22,0.5467540000000001,0.5467540000000001,0.0,ok
44464,Var221,0.5038199999999999,0.5038199999999999,0.0,ok
44464,Var223,0.5178784999999999,0.5178784999999999,0.0,ok
44464,Var225,0.5747260000000001,0.5747260000000001,0.0,ok
44464,Var227,0.520104,0.520104,0.0,ok
44464,Var229,0.5501130000000001,0.5501130000000001,0.0,ok
44464,Var24,0.5573095,0.5573095,0.0,ok
44464,Var25,0.5584485,0.5584485,0.0,ok
44464,Var28,0.6572115,0.6572115,0.0,ok
44464,Var35,0.5031865,0.5031865,0.0,ok
44464,Var38,0.573591,0.573591,0.0,ok
44464,Var57,0.5187135,0.5187135,0.0,ok
44464,Var6,0.5676745000000001,0.5676745000000001,0.0,ok
44464,Var65,0.5118985,0.5118985,0.0,ok
44464,Var73,0.561731,0.561731,0.0,ok
44464,Var74,0.5220835,0.5220835,0.0,ok
44464,Var76,0.5399265,0.5399265,0.0,ok
44464,Var78,0.504619,0.504619,0.0,ok
44464,Var81,0.5915765,0.5915765,0.0,ok
44464,Var83,0.5320784999999999,0.5320784999999999,0.0,ok
44464,Var85,0.577175,0.577175,0.0,ok
44465,Var109,0.5539785,0.5539785,0.0,ok
44465,Var112,0.5566679999999999,0.5566679999999999,0.0,ok
44465,Var113,0.5141249999999999,0.5141249999999999,0.0,ok
44465,Var119,0.560326,0.560326,0.0,ok
44465,Var123,0.5381075,0.5381075,0.0,ok
44465,Var125,0.5750970000000001,0.5750970000000001,0.0,ok
44465,Var126,0.7168795,0.7168795,0.0,ok
44465,Var13,0.5753535,0.5753535,0.0,ok
44465,Var132,0.5198885000000001,0.5198885000000001,0.0,ok
44465,Var133,0.5785279999999999,0.5785279999999999,0.0,ok
44465,Var134,0.540978,0.540978,0.0,ok
44465,Var140,0.558238,0.558238,0.0,ok
44465,Var144,0.5116965,0.5116965,0.0,ok
44465,Var149,0.520704,0.520704,0.0,ok
44465,Var153,0.595706,0.595706,0.0,ok
44465,Var160,0.5452799999999999,0.5452799999999999,0.0,ok
44465,Var163,0.486018,0.486018,0.0,ok
44465,Var194,0.5204615,0.5204615,0.0,ok
44465,Var196,0.5024975,0.5024975,0.0,ok
44465,Var201,0.520931,0.520931,0.0,ok
44465,Var203,0.5124574999999999,0.5124574999999999,0.0,ok
44465,Var205,0.5164355,0.5164355,0.0,ok
44465,Var207,0.530365,0.530365,0.0,ok
44465,Var208,0.504749,0.504749,0.0,ok
44465,Var21,0.5592010000000001,0.5592010000000001,0.0,ok
44465,Var210,0.5109835,0.5109835,0.0,ok
44465,Var211,0.6148575,0.6148575,0.0,ok
44465,Var218,0.5647915,0.5647915,0.0,ok
44465,Var22,0.5592010000000001,0.5592010000000001,0.0,ok
44465,Var221,0.5138115000000001,0.5138115000000001,0.0,ok
44465,Var223,0.5243595,0.5243595,0.0,ok
44465,Var225,0.5821065000000001,0.5821065000000001,0.0,ok
44465,Var227,0.4933845,0.4933845,0.0,ok
44465,Var229,0.5632005,0.5632005,0.0,ok
44465,Var24,0.5729595,0.5729595,0.0,ok
44465,Var25,0.5794400000000001,0.5794400000000001,0.0,ok
44465,Var28,0.65196,0.65196,0.0,ok
44465,Var35,0.513731,0.513731,0.0,ok
44465,Var38,0.5822805,0.5822805,0.0,ok
44465,Var57,0.524012,0.524012,0.0,ok
44465,Var6,0.579952,0.579952,0.0,ok
44465,Var65,0.5230895,0.5230895,0.0,ok
44465,Var73,0.591222,0.591222,0.0,ok
44465,Var74,0.5575005000000001,0.5575005000000001,0.0,ok
44465,Var76,0.5709085,0.5709085,0.0,ok
44465,Var78,0.520133,0.520133,0.0,ok
44465,Var81,0.607372,0.607372,0.0,ok
44465,Var83,0.5388995,0.5388995,0.0,ok
44465,Var85,0.5778004999999999,0.5778004999999999,0.0,ok
44466,Var109,0.5615334999999999,0.5615334999999999,0.0,ok
44466,Var112,0.5590134999999999,0.5590134999999999,0.0,ok
44466,Var113,0.512196,0.512196,0.0,ok
44466,Var119,0.5543119999999999,0.5543119999999999,0.0,ok
44466,Var123,0.54156,0.54156,0.0,ok
44466,Var125,0.5643265000000001,0.5643265000000001,0.0,ok
44466,Var126,0.7378119999999999,0.7378119999999999,0.0,ok
44466,Var13,0.5512799999999999,0.5512799999999999,0.0,ok
44466,Var132,0.520271,0.520271,0.0,ok
44466,Var133,0.578706,0.578706,0.0,ok
44466,Var134,0.5361095,0.5361095,0.0,ok
44466,Var140,0.5606724999999999,0.5606724999999999,0.0,ok
44466,Var144,0.5224795000000001,0.5224795000000001,0.0,ok
44466,Var149,0.5221355,0.5221355,0.0,ok
44466,Var153,0.607025,0.607025,0.0,ok
44466,Var160,0.538615,0.538615,0.0,ok
44466,Var163,0.4872875,0.4872875,0.0,ok
44466,Var194,0.505223,0.505223,0.0,ok
44466,Var196,0.5017975,0.5017975,0.0,ok
44466,Var201,0.5054395,0.5054395,0.0,ok
44466,Var203,0.50449,0.50449,0.0,ok
44466,Var205,0.5152805,0.5152805,0.0,ok
44466,Var207,0.527696,0.527696,0.0,ok
44466,Var208,0.49263900000000005,0.49263900000000005,0.0,ok
44466,Var21,0.553545,0.553545,0.0,ok
44466,Var210,0.522025,0.522025,0.0,ok
44466,Var211,0.6007935,0.6007935,0.0,ok
44466,Var218,0.5447989999999999,0.5447989999999999,0.0,ok
44466,Var22,0.553545,0.553545,0.0,ok
44466,Var221,0.5175205,0.5175205,0.0,ok
44466,Var223,0.520699,0.520699,0.0,ok
44466,Var225,0.58869,0.58869,0.0,ok
44466,Var227,0.48739999999999994,0.48739999999999994,0.0,ok
44466,Var229,0.5544545,0.5544545,0.0,ok
44466,Var24,0.5825355,0.5825355,0.0,ok
44466,Var25,0.5841204999999999,0.5841204999999999,0.0,ok
44466,Var28,0.662941,0.662941,0.0,ok
44466,Var35,0.512864,0.512864,0.0,ok
44466,Var38,0.586259,0.586259,0.0,ok
44466,Var57,0.476026,0.476026,0.0,ok
44466,Var6,0.57295,0.57295,0.0,ok
44466,Var65,0.5109714999999999,0.5109714999999999,0.0,ok
44466,Var73,0.581558,0.581558,0.0,ok
44466,Var74,0.5330779999999999,0.5330779999999999,0.0,ok
44466,Var76,0.558883,0.558883,0.0,ok
44466,Var78,0.5126325,0.5126325,0.0,ok
44466,Var81,0.6045725,0.6045725,0.0,ok
44466,Var83,0.5432140000000001,0.5432140000000001,0.0,ok
44466,Var85,0.5828674999999999,0.5828674999999999,0.0,ok
44467,Var109,0.557019,0.557019,0.0,ok
44467,Var112,0.5669810000000001,0.5669810000000001,0.0,ok
44467,Var113,0.5062209999999999,0.5062209999999999,0.0,ok
44467,Var119,0.5450445,0.5450445,0.0,ok
44467,Var123,0.549285,0.549285,0.0,ok
44467,Var125,0.535375,0.535375,0.0,ok
44467,Var126,0.7538384999999999,0.7538384999999999,0.0,ok
44467,Var13,0.5414150000000001,0.5414150000000001,0.0,ok
44467,Var132,0.51223,0.51223,0.0,ok
44467,Var133,0.5757905000000001,0.5757905000000001,0.0,ok
44467,Var134,0.538291,0.538291,0.0,ok
44467,Var140,0.544438,0.544438,0.0,ok
44467,Var144,0.47781450000000003,0.47781450000000003,0.0,ok
44467,Var149,0.4890425,0.4890425,0.0,ok
44467,Var153,0.5918475000000001,0.5918475000000001,0.0,ok
44467,Var160,0.5389864999999999,0.5389864999999999,0.0,ok
44467,Var163,0.514876,0.514876,0.0,ok
44467,Var194,0.48746199999999995,0.48746199999999995,0.0,ok
44467,Var196,0.5019035,0.5019035,0.0,ok
44467,Var201,0.4872195,0.4872195,0.0,ok
44467,Var203,0.5059,0.5059,0.0,ok
44467,Var205,0.5197855,0.5197855,0.0,ok
44467,Var207,0.5183015,0.5183015,0.0,ok
44467,Var208,0.5068919999999999,0.5068919999999999,0.0,ok
44467,Var21,0.5497725,0.5497725,0.0,ok
44467,Var210,0.515,0.515,0.0,ok
44467,Var211,0.609848,0.609848,0.0,ok
44467,Var218,0.5659115,0.5659115,0.0,ok
44467,Var22,0.5497725,0.5497725,0.0,ok
44467,Var221,0.47569500000000003,0.47569500000000003,0.0,ok
44467,Var223,0.5041025,0.5041025,0.0,ok
44467,Var225,0.5677074999999999,0.5677074999999999,0.0,ok
44467,Var227,0.5069455,0.5069455,0.0,ok
44467,Var229,0.5407405000000001,0.5407405000000001,0.0,ok
44467,Var24,0.5622965,0.5622965,0.0,ok
44467,Var25,0.5655004999999999,0.5655004999999999,0.0,ok
44467,Var28,0.652069,0.652069,0.0,ok
44467,Var35,0.5081500000000001,0.5081500000000001,0.0,ok
44467,Var38,0.57853,0.57853,0.0,ok
44467,Var57,0.4836385,0.4836385,0.0,ok
44467,Var6,0.5523085,0.5523085,0.0,ok
44467,Var65,0.524344,0.524344,0.0,ok
44467,Var73,0.560819,0.560819,0.0,ok
44467,Var74,0.531293,0.531293,0.0,ok
44467,Var76,0.551739,0.551739,0.0,ok
44467,Var78,0.497002,0.497002,0.0,ok
44467,Var81,0.5856195,0.5856195,0.0,ok
44467,Var83,0.5362255000000001,0.5362255000000001,0.0,ok
44467,Var85,0.5662155,0.5662155,0.0,ok
44483,A1,0.4617922963744142,0.4617922963744142,0.0,ok
44483,A10,0.7574225427577584,0.7574225427577584,0.0,ok
44483,A11,0.5170860938416921,0.5170860938416921,0.0,ok
44483,A12,0.5350524319405345,0.5350524319405345,0.0,ok
44483,A13,0.5750631479575782,0.5750631479575782,0.0,ok
44483,A14,0.6551781325214108,0.6551781325214108,0.0,ok
44483,A2,0.5866296425442887,0.5866296425442887,0.0,ok
44483,A3,0.6103622183856235,0.6103622183856235,0.0,ok
44483,A4,0.590167629123753,0.590167629123753,0.0,ok
44483,A5,0.4869111506110681,0.4869111506110681,0.0,ok
44483,A6,0.620627482331329,0.620627482331329,0.0,ok
44483,A7,0.7201461120419116,0.7201461120419116,0.0,ok
44483,A8,0.8614401986715541,0.8614401986715541,0.0,ok
44483,A9,0.7192318486830355,0.7192318486830355,0.0,ok
44484,A1,0.4617922963744142,0.4617922963744142,0.0,ok
44484,A10,0.7574225427577584,0.7574225427577584,0.0,ok
44484,A11,0.5170860938416921,0.5170860938416921,0.0,ok
44484,A12,0.5350524319405345,0.5350524319405345,0.0,ok
44484,A13,0.5750631479575782,0.5750631479575782,0.0,ok
44484,A14,0.6551781325214108,0.6551781325214108,0.0,ok
44484,A2,0.5866296425442887,0.5866296425442887,0.0,ok
44484,A3,0.6103622183856235,0.6103622183856235,0.0,ok
44484,A4,0.590167629123753,0.590167629123753,0.0,ok
44484,A5,0.4869111506110681,0.4869111506110681,0.0,ok
44484,A6,0.620627482331329,0.620627482331329,0.0,ok
44484,A7,0.7201461120419116,0.7201461120419116,0.0,ok
44484,A8,0.8614401986715541,0.8614401986715541,0.0,ok
44484,A9,0.7192318486830355,0.7192318486830355,0.0,ok
44485,A1,0.4617922963744142,0.4617922963744142,0.0,ok
44485,A10,0.7574225427577584,0.7574225427577584,0.0,ok
44485,A11,0.5170860938416921,0.5170860938416921,0.0,ok
44485,A12,0.5350524319405345,0.5350524319405345,0.0,ok
44485,A13,0.5750631479575782,0.5750631479575782,0.0,ok
44485,A14,0.6551781325214108,0.6551781325214108,0.0,ok
44485,A2,0.5866296425442887,0.5866296425442887,0.0,ok
44485,A3,0.6103622183856235,0.6103622183856235,0.0,ok
44485,A4,0.590167629123753,0.590167629123753,0.0,ok
44485,A5,0.4869111506110681,0.4869111506110681,0.0,ok
44485,A6,0.620627482331329,0.620627482331329,0.0,ok
44485,A7,0.7201461120419116,0.7201461120419116,0.0,ok
44485,A8,0.8614401986715541,0.8614401986715541,0.0,ok
44485,A9,0.7192318486830355,0.7192318486830355,0.0,ok
44486,A1,0.4617922963744142,0.4617922963744142,0.0,ok
44486,A10,0.7574225427577584,0.7574225427577584,0.0,ok
44486,A11,0.5170860938416921,0.5170860938416921,0.0,ok
44486,A12,0.5350524319405345,0.5350524319405345,0.0,ok
44486,A13,0.5750631479575782,0.5750631479575782,0.0,ok
44486,A14,0.6551781325214108,0.6551781325214108,0.0,ok
44486,A2,0.5866296425442887,0.5866296425442887,0.0,ok
44486,A3,0.6103622183856235,0.6103622183856235,0.0,ok
44486,A4,0.590167629123753,0.590167629123753,0.0,ok
44486,A5,0.4869111506110681,0.4869111506110681,0.0,ok
44486,A6,0.620627482331329,0.620627482331329,0.0,ok
44486,A7,0.7201461120419116,0.7201461120419116,0.0,ok
44486,A8,0.8614401986715541,0.8614401986715541,0.0,ok
44486,A9,0.7192318486830355,0.7192318486830355,0.0,ok
44487,A1,0.4617922963744142,0.4617922963744142,0.0,ok
44487,A10,0.7574225427577584,0.7574225427577584,0.0,ok
44487,A11,0.5170860938416921,0.5170860938416921,0.0,ok
44487,A12,0.5350524319405345,0.5350524319405345,0.0,ok
44487,A13,0.5750631479575782,0.5750631479575782,0.0,ok
44487,A14,0.6551781325214108,0.6551781325214108,0.0,ok
44487,A2,0.5866296425442887,0.5866296425442887,0.0,ok
44487,A3,0.6103622183856235,0.6103622183856235,0.0,ok
44487,A4,0.590167629123753,0.590167629123753,0.0,ok
44487,A5,0.4869111506110681,0.4869111506110681,0.0,ok
44487,A6,0.620627482331329,0.620627482331329,0.0,ok
44487,A7,0.7201461120419116,0.7201461120419116,0.0,ok
44487,A8,0.8614401986715541,0.8614401986715541,0.0,ok
44487,A9,0.7192318486830355,0.7192318486830355,0.0,ok
44488,GLCM_Pan,0.5218953096860073,0.5218953096860073,0.0,ok
44488,Mean_G,0.7159017500587268,0.7159017500587268,0.0,ok
44488,Mean_NIR,0.6991034374755304,0.6991034374755304,0.0,ok
44488,Mean_R,0.6482974121055517,0.6482974121055517,0.0,ok
44488,SD_Plan,0.6394321118158327,0.6394321118158327,0.0,ok
44489,GLCM_Pan,0.5362638007986845,0.5362638007986845,0.0,ok
44489,Mean_G,0.6914762939472242,0.6914762939472242,0.0,ok
44489,Mean_NIR,0.6448007203821158,0.6448007203821158,0.0,ok
44489,Mean_R,0.6880481168271866,0.6880481168271866,0.0,ok
44489,SD_Plan,0.6598763800798685,0.6598763800798685,0.0,ok
44490,GLCM_Pan,0.4685028580377417,0.4685028580377417,0.0,ok
44490,Mean_G,0.7211088599169995,0.7211088599169995,0.0,ok
44490,Mean_NIR,0.6781330749354004,0.6781330749354004,0.0,ok
44490,Mean_R,0.685973103124266,0.685973103124266,0.0,ok
44490,SD_Plan,0.6419818338422989,0.6419818338422989,0.0,ok
44491,GLCM_Pan,0.4896029089343043,0.4896029089343043,0.0,ok
44491,Mean_G,0.7030577088716623,0.7030577088716623,0.0,ok
44491,Mean_NIR,0.6553837796570354,0.6553837796570354,0.0,ok
44491,Mean_R,0.6809666431759455,0.6809666431759455,0.0,ok
44491,SD_Plan,0.6274861013233106,0.6274861013233106,0.0,ok
44492,GLCM_Pan,0.48558501683501687,0.48558501683501687,0.0,ok
44492,Mean_G,0.7145436927413671,0.7145436927413671,0.0,ok
44492,Mean_NIR,0.6838883016208598,0.6838883016208598,0.0,ok
44492,Mean_R,0.6594188004071725,0.6594188004071725,0.0,ok
44492,SD_Plan,0.6351695247044084,0.6351695247044084,0.0,ok
44493,attribute_0,0.45735723572357234,0.45735723572357234,0.0,ok
44493,attribute_1,0.4707060706070607,0.4707060706070607,0.0,ok
44493,attribute_10,0.45854485448544857,0.45854485448544857,0.0,ok
44493,attribute_11,0.5204735473547355,0.5204735473547355,0.0,ok
44493,attribute_12,0.5381898189818982,0.5381898189818982,0.0,ok
44493,attribute_13,0.5262591259125912,0.5262591259125912,0.0,ok
44493,attribute_14,0.533956395639564,0.533956395639564,0.0,ok
44493,attribute_15,0.5232178217821782,0.5232178217821782,0.0,ok
44493,attribute_16,0.5276272627262726,0.5276272627262726,0.0,ok
44493,attribute_17,0.4680553055305531,0.4680553055305531,0.0,ok
44493,attribute_18,0.49197119711971193,0.49197119711971193,0.0,ok
44493,attribute_19,0.5223437343734374,0.5223437343734374,0.0,ok
44493,attribute_2,0.46198819881988196,0.46198819881988196,0.0,ok
44493,attribute_20,0.4547379737973798,0.4547379737973798,0.0,ok
44493,attribute_3,0.47814381438143816,0.47814381438143816,0.0,ok
44493,attribute_4,0.516976697669767,0.516976697669767,0.0,ok
44493,attribute_5,0.4878942894289429,0.4878942894289429,0.0,ok
44493,attribute_6,0.529023402340234,0.529023402340234,0.0,ok
44493,attribute_7,0.4662581258125813,0.4662581258125813,0.0,ok
44493,attribute_8,0.5164686468646865,0.5164686468646865,0.0,ok
44493,attribute_9,0.46014551455145514,0.46014551455145514,0.0,ok
44494,attribute_0,0.5165001500150015,0.5165001500150015,0.0,ok
44494,attribute_1,0.5068011801180118,0.5068011801180118,0.0,ok
44494,attribute_10,0.47189918991899193,0.47189918991899193,0.0,ok
44494,attribute_11,0.45816781678167817,0.45816781678167817,0.0,ok
44494,attribute_12,0.5135803580358036,0.5135803580358036,0.0,ok
44494,attribute_13,0.5240474047404741,0.5240474047404741,0.0,ok
44494,attribute_14,0.5166101610161016,0.5166101610161016,0.0,ok
44494,attribute_15,0.5238393839383939,0.5238393839383939,0.0,ok
44494,attribute_16,0.5052825282528253,0.5052825282528253,0.0,ok
44494,attribute_17,0.5147584758475847,0.5147584758475847,0.0,ok
44494,attribute_18,0.5259185918591859,0.5259185918591859,0.0,ok
44494,attribute_19,0.49316831683168316,0.49316831683168316,0.0,ok
44494,attribute_2,0.5134213421342134,0.5134213421342134,0.0,ok
44494,attribute_20,0.51999299929993,0.51999299929993,0.0,ok
44494,attribute_3,0.517002700270027,0.517002700270027,0.0,ok
44494,attribute_4,0.47346634663466347,0.47346634663466347,0.0,ok
44494,attribute_5,0.48027452745274524,0.48027452745274524,0.0,ok
44494,attribute_6,0.45893189318931893,0.45893189318931893,0.0,ok
44494,attribute_7,0.5182713271327133,0.5182713271327133,0.0,ok
44494,attribute_8,0.47751775177517747,0.47751775177517747,0.0,ok
44494,attribute_9,0.47313781378137815,0.47313781378137815,0.0,ok
44495,attribute_0,0.5199294929492949,0.5199294929492949,0.0,ok
44495,attribute_1,0.5173897389738974,0.5173897389738974,0.0,ok
44495,attribute_10,0.530925592559256,0.530925592559256,0.0,ok
44495,attribute_11,0.5126197619761976,0.5126197619761976,0.0,ok
44495,attribute_12,0.5294904490449045,0.5294904490449045,0.0,ok
44495,attribute_13,0.5235818581858186,0.5235818581858186,0.0,ok
44495,attribute_14,0.5332848284828483,0.5332848284828483,0.0,ok
44495,attribute_15,0.5322782278227823,0.5322782278227823,0.0,ok
44495,attribute_16,0.5058725872587259,0.5058725872587259,0.0,ok
44495,attribute_17,0.5074137413741373,0.5074137413741373,0.0,ok
44495,attribute_18,0.4876862686268627,0.4876862686268627,0.0,ok
44495,attribute_19,0.521933193319332,0.521933193319332,0.0,ok
44495,attribute_2,0.5117636763676368,0.5117636763676368,0.0,ok
44495,attribute_20,0.5261741174117412,0.5261741174117412,0.0,ok
44495,attribute_3,0.49435393539353933,0.49435393539353933,0.0,ok
44495,attribute_4,0.49195969596959693,0.49195969596959693,0.0,ok
44495,attribute_5,0.5186718671867186,0.5186718671867186,0.0,ok
44495,attribute_6,0.5193344334433443,0.5193344334433443,0.0,ok
44495,attribute_7,0.5105735573557355,0.5105735573557355,0.0,ok
44495,attribute_8,0.5217931793179318,0.5217931793179318,0.0,ok
44495,attribute_9,0.522021702170217,0.522021702170217,0.0,ok
44497,attribute_0,0.5166506650665066,0.5166506650665066,0.0,ok
44497,attribute_1,0.510916091609161,0.510916091609161,0.0,ok
44497,attribute_10,0.474001400140014,0.474001400140014,0.0,ok
44497,attribute_11,0.5070657065706571,0.5070657065706571,0.0,ok
44497,attribute_12,0.48403890389038906,0.48403890389038906,0.0,ok
44497,attribute_13,0.5318426842684268,0.5318426842684268,0.0,ok
44497,attribute_14,0.4855845584558456,0.4855845584558456,0.0,ok
44497,attribute_15,0.5185288528852885,0.5185288528852885,0.0,ok
44497,attribute_16,0.5195729572957296,0.5195729572957296,0.0,ok
44497,attribute_17,0.5161901190119011,0.5161901190119011,0.0,ok
44497,attribute_18,0.5286538653865387,0.5286538653865387,0.0,ok
44497,attribute_19,0.5168666866686669,0.5168666866686669,0.0,ok
44497,attribute_2,0.5233178317831784,0.5233178317831784,0.0,ok
44497,attribute_20,0.4797989798979898,0.4797989798979898,0.0,ok
44497,attribute_3,0.510059505950595,0.510059505950595,0.0,ok
44497,attribute_4,0.47329532953295333,0.47329532953295333,0.0,ok
44497,attribute_5,0.5326917691769177,0.5326917691769177,0.0,ok
44497,attribute_6,0.48137363736373634,0.48137363736373634,0.0,ok
44497,attribute_7,0.539920492049205,0.539920492049205,0.0,ok
44497,attribute_8,0.5085188518851885,0.5085188518851885,0.0,ok
44497,attribute_9,0.47658465846584663,0.47658465846584663,0.0,ok
44498,age,0.5697619047619048,0.5697619047619048,0.0,ok
44498,checking_status,0.6741142857142858,0.6741142857142858,0.0,ok
44498,credit_amount,0.5550499999999999,0.5550499999999999,0.0,ok
44498,credit_history,0.5617047619047619,0.5617047619047619,0.0,ok
44498,duration,0.6302285714285712,0.6302285714285712,0.0,ok
44498,employment,0.4751357142857142,0.4751357142857142,0.0,ok
44498,existing_credits,0.5190809523809523,0.5190809523809523,0.0,ok
44498,foreign_worker,0.517,0.517,0.0,ok
44498,housing,0.4839119047619047,0.4839119047619047,0.0,ok
44498,installment_commitment,0.5437833333333333,0.5437833333333333,0.0,ok
44498,job,0.5174357142857142,0.5174357142857142,0.0,ok
44498,num_dependents,0.4836404761904762,0.4836404761904762,0.0,ok
44498,other_parties,0.4874119047619047,0.4874119047619047,0.0,ok
44498,other_payment_plans,0.5298190476190476,0.5298190476190476,0.0,ok
44498,own_telephone,0.5096571428571429,0.5096571428571429,0.0,ok
44498,personal_status,0.5457023809523809,0.5457023809523809,0.0,ok
44498,property_magnitude,0.5255119047619048,0.5255119047619048,0.0,ok
44498,purpose,0.583404761904762,0.583404761904762,0.0,ok
44498,residence_since,0.4592785714285714,0.4592785714285714,0.0,ok
44498,savings_status,0.5471476190476191,0.5471476190476191,0.0,ok
44499,age,0.5697619047619048,0.5697619047619048,0.0,ok
44499,checking_status,0.6741142857142858,0.6741142857142858,0.0,ok
44499,credit_amount,0.5550499999999999,0.5550499999999999,0.0,ok
44499,credit_history,0.5617047619047619,0.5617047619047619,0.0,ok
44499,duration,0.6302285714285712,0.6302285714285712,0.0,ok
44499,employment,0.4751357142857142,0.4751357142857142,0.0,ok
44499,existing_credits,0.5190809523809523,0.5190809523809523,0.0,ok
44499,foreign_worker,0.517,0.517,0.0,ok
44499,housing,0.4839119047619047,0.4839119047619047,0.0,ok
44499,installment_commitment,0.5437833333333333,0.5437833333333333,0.0,ok
44499,job,0.5174357142857142,0.5174357142857142,0.0,ok
44499,num_dependents,0.4836404761904762,0.4836404761904762,0.0,ok
44499,other_parties,0.4874119047619047,0.4874119047619047,0.0,ok
44499,other_payment_plans,0.5298190476190476,0.5298190476190476,0.0,ok
44499,own_telephone,0.5096571428571429,0.5096571428571429,0.0,ok
44499,personal_status,0.5457023809523809,0.5457023809523809,0.0,ok
44499,property_magnitude,0.5255119047619048,0.5255119047619048,0.0,ok
44499,purpose,0.583404761904762,0.583404761904762,0.0,ok
44499,residence_since,0.4592785714285714,0.4592785714285714,0.0,ok
44499,savings_status,0.5471476190476191,0.5471476190476191,0.0,ok
44500,age,0.5697619047619048,0.5697619047619048,0.0,ok
44500,checking_status,0.6741142857142858,0.6741142857142858,0.0,ok
44500,credit_amount,0.5550499999999999,0.5550499999999999,0.0,ok
44500,credit_history,0.5617047619047619,0.5617047619047619,0.0,ok
44500,duration,0.6302285714285712,0.6302285714285712,0.0,ok
44500,employment,0.4751357142857142,0.4751357142857142,0.0,ok
44500,existing_credits,0.5190809523809523,0.5190809523809523,0.0,ok
44500,foreign_worker,0.517,0.517,0.0,ok
44500,housing,0.4839119047619047,0.4839119047619047,0.0,ok
44500,installment_commitment,0.5437833333333333,0.5437833333333333,0.0,ok
44500,job,0.5174357142857142,0.5174357142857142,0.0,ok
44500,num_dependents,0.4836404761904762,0.4836404761904762,0.0,ok
44500,other_parties,0.4874119047619047,0.4874119047619047,0.0,ok
44500,other_payment_plans,0.5298190476190476,0.5298190476190476,0.0,ok
44500,own_telephone,0.5096571428571429,0.5096571428571429,0.0,ok
44500,personal_status,0.5457023809523809,0.5457023809523809,0.0,ok
44500,property_magnitude,0.5255119047619048,0.5255119047619048,0.0,ok
44500,purpose,0.583404761904762,0.583404761904762,0.0,ok
44500,residence_since,0.4592785714285714,0.4592785714285714,0.0,ok
44500,savings_status,0.5471476190476191,0.5471476190476191,0.0,ok
44501,age,0.5697619047619048,0.5697619047619048,0.0,ok
44501,checking_status,0.6741142857142858,0.6741142857142858,0.0,ok
44501,credit_amount,0.5550499999999999,0.5550499999999999,0.0,ok
44501,credit_history,0.5617047619047619,0.5617047619047619,0.0,ok
44501,duration,0.6302285714285712,0.6302285714285712,0.0,ok
44501,employment,0.4751357142857142,0.4751357142857142,0.0,ok
44501,existing_credits,0.5190809523809523,0.5190809523809523,0.0,ok
44501,foreign_worker,0.517,0.517,0.0,ok
44501,housing,0.4839119047619047,0.4839119047619047,0.0,ok
44501,installment_commitment,0.5437833333333333,0.5437833333333333,0.0,ok
44501,job,0.5174357142857142,0.5174357142857142,0.0,ok
44501,num_dependents,0.4836404761904762,0.4836404761904762,0.0,ok
44501,other_parties,0.4874119047619047,0.4874119047619047,0.0,ok
44501,other_payment_plans,0.5298190476190476,0.5298190476190476,0.0,ok
44501,own_telephone,0.5096571428571429,0.5096571428571429,0.0,ok
44501,personal_status,0.5457023809523809,0.5457023809523809,0.0,ok
44501,property_magnitude,0.5255119047619048,0.5255119047619048,0.0,ok
44501,purpose,0.583404761904762,0.583404761904762,0.0,ok
44501,residence_since,0.4592785714285714,0.4592785714285714,0.0,ok
44501,savings_status,0.5471476190476191,0.5471476190476191,0.0,ok
44502,age,0.5697619047619048,0.5697619047619048,0.0,ok
44502,checking_status,0.6741142857142858,0.6741142857142858,0.0,ok
44502,credit_amount,0.5550499999999999,0.5550499999999999,0.0,ok
44502,credit_history,0.5617047619047619,0.5617047619047619,0.0,ok
44502,duration,0.6302285714285712,0.6302285714285712,0.0,ok
44502,employment,0.4751357142857142,0.4751357142857142,0.0,ok
44502,existing_credits,0.5190809523809523,0.5190809523809523,0.0,ok
44502,foreign_worker,0.517,0.517,0.0,ok
44502,housing,0.4839119047619047,0.4839119047619047,0.0,ok
44502,installment_commitment,0.5437833333333333,0.5437833333333333,0.0,ok
44502,job,0.5174357142857142,0.5174357142857142,0.0,ok
44502,num_dependents,0.4836404761904762,0.4836404761904762,0.0,ok
44502,other_parties,0.4874119047619047,0.4874119047619047,0.0,ok
44502,other_payment_plans,0.5298190476190476,0.5298190476190476,0.0,ok
44502,own_telephone,0.5096571428571429,0.5096571428571429,0.0,ok
44502,personal_status,0.5457023809523809,0.5457023809523809,0.0,ok
44502,property_magnitude,0.5255119047619048,0.5255119047619048,0.0,ok
44502,purpose,0.583404761904762,0.583404761904762,0.0,ok
44502,residence_since,0.4592785714285714,0.4592785714285714,0.0,ok
44502,savings_status,0.5471476190476191,0.5471476190476191,0.0,ok
44538,V11,0.6293955,0.6293955,0.0,ok
44538,V13,0.5848415,0.5848415,0.0,ok
44538,V14,0.499866,0.499866,0.0,ok
44538,V15,0.4722265,0.4722265,0.0,ok
44538,V16,0.4851039999999999,0.4851039999999999,0.0,ok
44538,V17,0.49824,0.49824,0.0,ok
44538,V18,0.5148765000000001,0.5148765000000001,0.0,ok
44538,V19,0.5087355,0.5087355,0.0,ok
44538,V2,0.5352475000000001,0.5352475000000001,0.0,ok
44538,V20,0.452855,0.452855,0.0,ok
44538,V21,0.5149785,0.5149785,0.0,ok
44538,V22,0.5445369999999999,0.5445369999999999,0.0,ok
44538,V23,0.5177855,0.5177855,0.0,ok
44538,V24,0.48058449999999997,0.48058449999999997,0.0,ok
44538,V25,0.49167900000000003,0.49167900000000003,0.0,ok
44538,V26,0.49476000000000003,0.49476000000000003,0.0,ok
44538,V27,0.5176820000000001,0.5176820000000001,0.0,ok
44538,V28,0.5211499999999999,0.5211499999999999,0.0,ok
44538,V29,0.49295,0.49295,0.0,ok
44538,V3,0.548057,0.548057,0.0,ok
44538,V30,0.547231,0.547231,0.0,ok
44538,V31,0.505212,0.505212,0.0,ok
44538,V32,0.5154120000000001,0.5154120000000001,0.0,ok
44538,V33,0.526488,0.526488,0.0,ok
44538,V34,0.49464199999999997,0.49464199999999997,0.0,ok
44538,V35,0.5284125,0.5284125,0.0,ok
44538,V36,0.5492125000000001,0.5492125000000001,0.0,ok
44538,V37,0.5162225,0.5162225,0.0,ok
44538,V38,0.5404355,0.5404355,0.0,ok
44538,V39,0.496956,0.496956,0.0,ok
44538,V4,0.54328,0.54328,0.0,ok
44538,V40,0.4895745,0.4895745,0.0,ok
44538,V41,0.492625,0.492625,0.0,ok
44538,V42,0.517695,0.517695,0.0,ok
44538,V43,0.5372014999999999,0.5372014999999999,0.0,ok
44538,V44,0.512762,0.512762,0.0,ok
44538,V45,0.515198,0.515198,0.0,ok
44538,V46,0.49101399999999995,0.49101399999999995,0.0,ok
44538,V47,0.4968929999999999,0.4968929999999999,0.0,ok
44538,V48,0.526081,0.526081,0.0,ok
44538,V49,0.4690075,0.4690075,0.0,ok
44538,V5,0.642612,0.642612,0.0,ok
44538,V50,0.512208,0.512208,0.0,ok
44538,V51,0.48755499999999996,0.48755499999999996,0.0,ok
44538,V54,0.4897575,0.4897575,0.0,ok
44538,V55,0.5027975,0.5027975,0.0,ok
44538,V56,0.489988,0.489988,0.0,ok
44538,V57,0.506867,0.506867,0.0,ok
44538,V58,0.5023759999999999,0.5023759999999999,0.0,ok
44538,V59,0.474512,0.474512,0.0,ok
44538,V6,0.6529320000000001,0.6529320000000001,0.0,ok
44538,V60,0.46953500000000004,0.46953500000000004,0.0,ok
44538,V61,0.523009,0.523009,0.0,ok
44538,V62,0.479624,0.479624,0.0,ok
44538,V63,0.4939835,0.4939835,0.0,ok
44538,V65,0.5219725000000001,0.5219725000000001,0.0,ok
44538,V66,0.509881,0.509881,0.0,ok
44538,V68,0.5248295,0.5248295,0.0,ok
44538,V7,0.6303025000000001,0.6303025000000001,0.0,ok
44538,V70,0.46785899999999997,0.46785899999999997,0.0,ok
44538,V71,0.5202864999999999,0.5202864999999999,0.0,ok
44538,V72,0.5323550000000001,0.5323550000000001,0.0,ok
44538,V73,0.49376000000000003,0.49376000000000003,0.0,ok
44538,V74,0.5188470000000001,0.5188470000000001,0.0,ok
44538,V75,0.48032800000000003,0.48032800000000003,0.0,ok
44538,V76,0.4903725,0.4903725,0.0,ok
44538,V77,0.505412,0.505412,0.0,ok
44538,V78,0.5139635,0.5139635,0.0,ok
44538,V8,0.5203195,0.5203195,0.0,ok
44538,V9,0.519755,0.519755,0.0,ok
44539,V11,0.6484144999999999,0.6484144999999999,0.0,ok
44539,V13,0.599525,0.599525,0.0,ok
44539,V14,0.512947,0.512947,0.0,ok
44539,V15,0.527791,0.527791,0.0,ok
44539,V16,0.49486549999999996,0.49486549999999996,0.0,ok
44539,V17,0.5022854999999999,0.5022854999999999,0.0,ok
44539,V18,0.485385,0.485385,0.0,ok
44539,V19,0.5232945,0.5232945,0.0,ok
44539,V2,0.48537800000000003,0.48537800000000003,0.0,ok
44539,V20,0.4742615,0.4742615,0.0,ok
44539,V21,0.5112749999999999,0.5112749999999999,0.0,ok
44539,V22,0.540608,0.540608,0.0,ok
44539,V23,0.5098835,0.5098835,0.0,ok
44539,V24,0.49025949999999996,0.49025949999999996,0.0,ok
44539,V25,0.508321,0.508321,0.0,ok
44539,V26,0.5094810000000001,0.5094810000000001,0.0,ok
44539,V27,0.5312015,0.5312015,0.0,ok
44539,V28,0.4940195,0.4940195,0.0,ok
44539,V29,0.51678,0.51678,0.0,ok
44539,V3,0.569922,0.569922,0.0,ok
44539,V30,0.551476,0.551476,0.0,ok
44539,V31,0.50175,0.50175,0.0,ok
44539,V32,0.520286,0.520286,0.0,ok
44539,V33,0.520465,0.520465,0.0,ok
44539,V34,0.5158045,0.5158045,0.0,ok
44539,V35,0.5274215,0.5274215,0.0,ok
44539,V36,0.537357,0.537357,0.0,ok
44539,V37,0.520845,0.520845,0.0,ok
44539,V38,0.5197565,0.5197565,0.0,ok
44539,V39,0.506111,0.506111,0.0,ok
44539,V4,0.5510665,0.5510665,0.0,ok
44539,V40,0.514423,0.514423,0.0,ok
44539,V41,0.48107500000000003,0.48107500000000003,0.0,ok
44539,V42,0.507664,0.507664,0.0,ok
44539,V43,0.46616900000000006,0.46616900000000006,0.0,ok
44539,V44,0.48706249999999995,0.48706249999999995,0.0,ok
44539,V45,0.5134705,0.5134705,0.0,ok
44539,V46,0.512788,0.512788,0.0,ok
44539,V47,0.480335,0.480335,0.0,ok
44539,V48,0.490618,0.490618,0.0,ok
44539,V49,0.5086539999999999,0.5086539999999999,0.0,ok
44539,V5,0.6260895,0.6260895,0.0,ok
44539,V50,0.5249520000000001,0.5249520000000001,0.0,ok
44539,V51,0.49065250000000005,0.49065250000000005,0.0,ok
44539,V54,0.5070089999999999,0.5070089999999999,0.0,ok
44539,V55,0.49209250000000004,0.49209250000000004,0.0,ok
44539,V56,0.47993499999999994,0.47993499999999994,0.0,ok
44539,V57,0.5113055000000001,0.5113055000000001,0.0,ok
44539,V58,0.48924749999999995,0.48924749999999995,0.0,ok
44539,V59,0.5091700000000001,0.5091700000000001,0.0,ok
44539,V6,0.6423825,0.6423825,0.0,ok
44539,V60,0.48175299999999993,0.48175299999999993,0.0,ok
44539,V61,0.49146100000000004,0.49146100000000004,0.0,ok
44539,V62,0.4913365,0.4913365,0.0,ok
44539,V63,0.5096585,0.5096585,0.0,ok
44539,V65,0.48413900000000004,0.48413900000000004,0.0,ok
44539,V66,0.507263,0.507263,0.0,ok
44539,V68,0.46914849999999997,0.46914849999999997,0.0,ok
44539,V7,0.653294,0.653294,0.0,ok
44539,V70,0.522644,0.522644,0.0,ok
44539,V71,0.484958,0.484958,0.0,ok
44539,V72,0.5150300000000001,0.5150300000000001,0.0,ok
44539,V73,0.516155,0.516155,0.0,ok
44539,V74,0.524646,0.524646,0.0,ok
44539,V75,0.5356690000000001,0.5356690000000001,0.0,ok
44539,V76,0.5054155,0.5054155,0.0,ok
44539,V77,0.496545,0.496545,0.0,ok
44539,V78,0.511577,0.511577,0.0,ok
44539,V8,0.5318735,0.5318735,0.0,ok
44539,V9,0.5128945,0.5128945,0.0,ok
44540,V11,0.640378,0.640378,0.0,ok
44540,V13,0.5810415,0.5810415,0.0,ok
44540,V14,0.4956279999999999,0.4956279999999999,0.0,ok
44540,V15,0.5112909999999999,0.5112909999999999,0.0,ok
44540,V16,0.495683,0.495683,0.0,ok
44540,V17,0.503636,0.503636,0.0,ok
44540,V18,0.5122975000000001,0.5122975000000001,0.0,ok
44540,V19,0.4803780000000001,0.4803780000000001,0.0,ok
44540,V2,0.5078440000000001,0.5078440000000001,0.0,ok
44540,V20,0.49024850000000003,0.49024850000000003,0.0,ok
44540,V21,0.508201,0.508201,0.0,ok
44540,V22,0.5396634999999999,0.5396634999999999,0.0,ok
44540,V23,0.4780225,0.4780225,0.0,ok
44540,V24,0.4947085,0.4947085,0.0,ok
44540,V25,0.4895595,0.4895595,0.0,ok
44540,V26,0.502256,0.502256,0.0,ok
44540,V27,0.5257815000000002,0.5257815000000002,0.0,ok
44540,V28,0.511136,0.511136,0.0,ok
44540,V29,0.5113325,0.5113325,0.0,ok
44540,V3,0.546531,0.546531,0.0,ok
44540,V30,0.539694,0.539694,0.0,ok
44540,V31,0.48543549999999996,0.48543549999999996,0.0,ok
44540,V32,0.5085540000000001,0.5085540000000001,0.0,ok
44540,V33,0.5123179999999999,0.5123179999999999,0.0,ok
44540,V34,0.4943740000000001,0.4943740000000001,0.0,ok
44540,V35,0.5252180000000001,0.5252180000000001,0.0,ok
44540,V36,0.5457609999999999,0.5457609999999999,0.0,ok
44540,V37,0.502397,0.502397,0.0,ok
44540,V38,0.5181140000000001,0.5181140000000001,0.0,ok
44540,V39,0.48000699999999996,0.48000699999999996,0.0,ok
44540,V4,0.5344975,0.5344975,0.0,ok
44540,V40,0.4628615,0.4628615,0.0,ok
44540,V41,0.5064995,0.5064995,0.0,ok
44540,V42,0.48688950000000003,0.48688950000000003,0.0,ok
44540,V43,0.521776,0.521776,0.0,ok
44540,V44,0.48119150000000005,0.48119150000000005,0.0,ok
44540,V45,0.49676850000000006,0.49676850000000006,0.0,ok
44540,V46,0.4976425,0.4976425,0.0,ok
44540,V47,0.487679,0.487679,0.0,ok
44540,V48,0.48672600000000005,0.48672600000000005,0.0,ok
44540,V49,0.5191605,0.5191605,0.0,ok
44540,V5,0.6250375,0.6250375,0.0,ok
44540,V50,0.4699905,0.4699905,0.0,ok
44540,V51,0.4973915,0.4973915,0.0,ok
44540,V54,0.484569,0.484569,0.0,ok
44540,V55,0.49671950000000004,0.49671950000000004,0.0,ok
44540,V56,0.5280285,0.5280285,0.0,ok
44540,V57,0.49696100000000004,0.49696100000000004,0.0,ok
44540,V58,0.49941349999999995,0.49941349999999995,0.0,ok
44540,V59,0.48412499999999997,0.48412499999999997,0.0,ok
44540,V6,0.6371065,0.6371065,0.0,ok
44540,V60,0.514242,0.514242,0.0,ok
44540,V61,0.5025265,0.5025265,0.0,ok
44540,V62,0.5032920000000001,0.5032920000000001,0.0,ok
44540,V63,0.5029785,0.5029785,0.0,ok
44540,V65,0.474793,0.474793,0.0,ok
44540,V66,0.508026,0.508026,0.0,ok
44540,V68,0.47911750000000014,0.47911750000000014,0.0,ok
44540,V7,0.6332575,0.6332575,0.0,ok
44540,V70,0.5170965,0.5170965,0.0,ok
44540,V71,0.47813249999999996,0.47813249999999996,0.0,ok
44540,V72,0.5166504999999999,0.5166504999999999,0.0,ok
44540,V73,0.493524,0.493524,0.0,ok
44540,V74,0.5256045,0.5256045,0.0,ok
44540,V75,0.489214,0.489214,0.0,ok
44540,V76,0.4829039999999999,0.4829039999999999,0.0,ok
44540,V77,0.503116,0.503116,0.0,ok
44540,V78,0.4979535,0.4979535,0.0,ok
44540,V8,0.521779,0.521779,0.0,ok
44540,V9,0.5125145000000001,0.5125145000000001,0.0,ok
44541,V11,0.6563564999999999,0.6563564999999999,0.0,ok
44541,V13,0.588867,0.588867,0.0,ok
44541,V14,0.4895905,0.4895905,0.0,ok
44541,V15,0.5308634999999999,0.5308634999999999,0.0,ok
44541,V16,0.500406,0.500406,0.0,ok
44541,V17,0.4948085,0.4948085,0.0,ok
44541,V18,0.5194320000000001,0.5194320000000001,0.0,ok
44541,V19,0.508011,0.508011,0.0,ok
44541,V2,0.508881,0.508881,0.0,ok
44541,V20,0.4874905,0.4874905,0.0,ok
44541,V21,0.49611550000000004,0.49611550000000004,0.0,ok
44541,V22,0.5342444999999999,0.5342444999999999,0.0,ok
44541,V23,0.5308145,0.5308145,0.0,ok
44541,V24,0.493322,0.493322,0.0,ok
44541,V25,0.502185,0.502185,0.0,ok
44541,V26,0.500311,0.500311,0.0,ok
44541,V27,0.48477050000000005,0.48477050000000005,0.0,ok
44541,V28,0.49607650000000003,0.49607650000000003,0.0,ok
44541,V29,0.4948585,0.4948585,0.0,ok
44541,V3,0.54943,0.54943,0.0,ok
44541,V30,0.529557,0.529557,0.0,ok
44541,V31,0.4909579999999999,0.4909579999999999,0.0,ok
44541,V32,0.5255135,0.5255135,0.0,ok
44541,V33,0.5232829999999999,0.5232829999999999,0.0,ok
44541,V34,0.503058,0.503058,0.0,ok
44541,V35,0.513051,0.513051,0.0,ok
44541,V36,0.5426325000000001,0.5426325000000001,0.0,ok
44541,V37,0.530579,0.530579,0.0,ok
44541,V38,0.5278179999999999,0.5278179999999999,0.0,ok
44541,V39,0.5166855,0.5166855,0.0,ok
44541,V4,0.5330615,0.5330615,0.0,ok
44541,V40,0.5109125,0.5109125,0.0,ok
44541,V41,0.5084784999999999,0.5084784999999999,0.0,ok
44541,V42,0.528832,0.528832,0.0,ok
44541,V43,0.5286470000000001,0.5286470000000001,0.0,ok
44541,V44,0.466483,0.466483,0.0,ok
44541,V45,0.5253015000000001,0.5253015000000001,0.0,ok
44541,V46,0.49101300000000003,0.49101300000000003,0.0,ok
44541,V47,0.487668,0.487668,0.0,ok
44541,V48,0.497002,0.497002,0.0,ok
44541,V49,0.5009205000000001,0.5009205000000001,0.0,ok
44541,V5,0.6478025000000001,0.6478025000000001,0.0,ok
44541,V50,0.4924145,0.4924145,0.0,ok
44541,V51,0.5084205,0.5084205,0.0,ok
44541,V54,0.5180775,0.5180775,0.0,ok
44541,V55,0.5092715,0.5092715,0.0,ok
44541,V56,0.5013825,0.5013825,0.0,ok
44541,V57,0.510101,0.510101,0.0,ok
44541,V58,0.489295,0.489295,0.0,ok
44541,V59,0.5146615,0.5146615,0.0,ok
44541,V6,0.6549515,0.6549515,0.0,ok
44541,V60,0.530937,0.530937,0.0,ok
44541,V61,0.4891665,0.4891665,0.0,ok
44541,V62,0.5025094999999999,0.5025094999999999,0.0,ok
44541,V63,0.5083275000000002,0.5083275000000002,0.0,ok
44541,V65,0.53035,0.53035,0.0,ok
44541,V66,0.49082349999999997,0.49082349999999997,0.0,ok
44541,V68,0.4871704999999999,0.4871704999999999,0.0,ok
44541,V7,0.6482010000000001,0.6482010000000001,0.0,ok
44541,V70,0.511117,0.511117,0.0,ok
44541,V71,0.488642,0.488642,0.0,ok
44541,V72,0.519193,0.519193,0.0,ok
44541,V73,0.5136870000000001,0.5136870000000001,0.0,ok
44541,V74,0.492869,0.492869,0.0,ok
44541,V75,0.4724880000000001,0.4724880000000001,0.0,ok
44541,V76,0.5196095000000001,0.5196095000000001,0.0,ok
44541,V77,0.50254,0.50254,0.0,ok
44541,V78,0.49141599999999996,0.49141599999999996,0.0,ok
44541,V8,0.5159735,0.5159735,0.0,ok
44541,V9,0.48357700000000003,0.48357700000000003,0.0,ok
44542,V11,0.6530855,0.6530855,0.0,ok
44542,V13,0.5809135,0.5809135,0.0,ok
44542,V14,0.4976715,0.4976715,0.0,ok
44542,V15,0.5208675,0.5208675,0.0,ok
44542,V16,0.4942365000000001,0.4942365000000001,0.0,ok
44542,V17,0.52413,0.52413,0.0,ok
44542,V18,0.501628,0.501628,0.0,ok
44542,V19,0.4800710000000001,0.4800710000000001,0.0,ok
44542,V2,0.5272304999999999,0.5272304999999999,0.0,ok
44542,V20,0.47125800000000007,0.47125800000000007,0.0,ok
44542,V21,0.47749699999999995,0.47749699999999995,0.0,ok
44542,V22,0.5423165000000001,0.5423165000000001,0.0,ok
44542,V23,0.51138,0.51138,0.0,ok
44542,V24,0.5050205,0.5050205,0.0,ok
44542,V25,0.5132245000000001,0.5132245000000001,0.0,ok
44542,V26,0.491421,0.491421,0.0,ok
44542,V27,0.4742435,0.4742435,0.0,ok
44542,V28,0.4958540000000001,0.4958540000000001,0.0,ok
44542,V29,0.507698,0.507698,0.0,ok
44542,V3,0.5376270000000001,0.5376270000000001,0.0,ok
44542,V30,0.5186855,0.5186855,0.0,ok
44542,V31,0.5122225,0.5122225,0.0,ok
44542,V32,0.5102055,0.5102055,0.0,ok
44542,V33,0.5238695,0.5238695,0.0,ok
44542,V34,0.5093530000000001,0.5093530000000001,0.0,ok
44542,V35,0.5223655,0.5223655,0.0,ok
44542,V36,0.5576000000000001,0.5576000000000001,0.0,ok
44542,V37,0.5164875,0.5164875,0.0,ok
44542,V38,0.5223669999999999,0.5223669999999999,0.0,ok
44542,V39,0.493828,0.493828,0.0,ok
44542,V4,0.513388,0.513388,0.0,ok
44542,V40,0.5073375,0.5073375,0.0,ok
44542,V41,0.511409,0.511409,0.0,ok
44542,V42,0.4722495,0.4722495,0.0,ok
44542,V43,0.4839905,0.4839905,0.0,ok
44542,V44,0.4932205,0.4932205,0.0,ok
44542,V45,0.493162,0.493162,0.0,ok
44542,V46,0.5105515,0.5105515,0.0,ok
44542,V47,0.5157995000000001,0.5157995000000001,0.0,ok
44542,V48,0.523294,0.523294,0.0,ok
44542,V49,0.512204,0.512204,0.0,ok
44542,V5,0.643617,0.643617,0.0,ok
44542,V50,0.4953185,0.4953185,0.0,ok
44542,V51,0.518318,0.518318,0.0,ok
44542,V54,0.498104,0.498104,0.0,ok
44542,V55,0.499116,0.499116,0.0,ok
44542,V56,0.49983999999999995,0.49983999999999995,0.0,ok
44542,V57,0.5238665,0.5238665,0.0,ok
44542,V58,0.4809995,0.4809995,0.0,ok
44542,V59,0.504185,0.504185,0.0,ok
44542,V6,0.6455365,0.6455365,0.0,ok
44542,V60,0.514127,0.514127,0.0,ok
44542,V61,0.46071150000000005,0.46071150000000005,0.0,ok
44542,V62,0.5150925,0.5150925,0.0,ok
44542,V63,0.49771799999999994,0.49771799999999994,0.0,ok
44542,V65,0.47638900000000006,0.47638900000000006,0.0,ok
44542,V66,0.48114400000000007,0.48114400000000007,0.0,ok
44542,V68,0.4767269999999999,0.4767269999999999,0.0,ok
44542,V7,0.6517035,0.6517035,0.0,ok
44542,V70,0.481753,0.481753,0.0,ok
44542,V71,0.4589365,0.4589365,0.0,ok
44542,V72,0.484433,0.484433,0.0,ok
44542,V73,0.5203115,0.5203115,0.0,ok
44542,V74,0.5083325,0.5083325,0.0,ok
44542,V75,0.494993,0.494993,0.0,ok
44542,V76,0.49074200000000007,0.49074200000000007,0.0,ok
44542,V77,0.4905980000000001,0.4905980000000001,0.0,ok
44542,V78,0.5074875,0.5074875,0.0,ok
44542,V8,0.5157825,0.5157825,0.0,ok
44542,V9,0.48355900000000007,0.48355900000000007,0.0,ok
44568,V1,0.5033841208390529,0.5033841208390529,0.0,ok
44568,V10,0.5226687167553192,0.5226687167553192,0.0,ok
44568,V11,0.5063707800703501,0.5063707800703501,0.0,ok
44568,V12,0.5050497061599176,0.5050497061599176,0.0,ok
44568,V13,0.5197712015271105,0.5197712015271105,0.0,ok
44568,V14,0.5,0.5,0.0,ok
44568,V15,0.7170616259866165,0.7170616259866165,0.0,ok
44568,V16,0.6110888437285519,0.6110888437285519,0.0,ok
44568,V17,0.530405477865477,0.530405477865477,0.0,ok
44568,V18,0.5359223522220316,0.5359223522220316,0.0,ok
44568,V19,0.5568537663006177,0.5568537663006177,0.0,ok
44568,V2,0.517393804692862,0.517393804692862,0.0,ok
44568,V20,0.5135988171328072,0.5135988171328072,0.0,ok
44568,V21,0.5,0.5,0.0,ok
44568,V22,0.5196579283201784,0.5196579283201784,0.0,ok
44568,V23,0.5185902110501031,0.5185902110501031,0.0,ok
44568,V24,0.5257981404426905,0.5257981404426905,0.0,ok
44568,V25,0.6675478294440631,0.6675478294440631,0.0,ok
44568,V26,0.49825867578929306,0.49825867578929306,0.0,ok
44568,V27,0.6686577728208648,0.6686577728208648,0.0,ok
44568,V28,0.5087233774450926,0.5087233774450926,0.0,ok
44568,V29,0.5009497522735072,0.5009497522735072,0.0,ok
44568,V3,0.5227960653311599,0.5227960653311599,0.0,ok
44568,V30,0.5572177151252574,0.5572177151252574,0.0,ok
44568,V31,0.740812805636582,0.740812805636582,0.0,ok
44568,V32,0.5724955226921756,0.5724955226921756,0.0,ok
44568,V33,0.5158951130319148,0.5158951130319148,0.0,ok
44568,V34,0.5113152560912834,0.5113152560912834,0.0,ok
44568,V35,0.5128092559625943,0.5128092559625943,0.0,ok
44568,V36,0.5227176454186685,0.5227176454186685,0.0,ok
44568,V37,0.5015174588194921,0.5015174588194921,0.0,ok
44568,V38,0.5046897788692519,0.5046897788692519,0.0,ok
44568,V39,0.503658925660604,0.503658925660604,0.0,ok
44568,V4,0.48911772906657514,0.48911772906657514,0.0,ok
44568,V40,0.6782142780542211,0.6782142780542211,0.0,ok
44568,V41,0.617881214610501,0.617881214610501,0.0,ok
44568,V42,0.5599469961822238,0.5599469961822238,0.0,ok
44568,V43,0.5,0.5,0.0,ok
44568,V44,0.7729904394732328,0.7729904394732328,0.0,ok
44568,V45,0.4920923236959506,0.4920923236959506,0.0,ok
44568,V46,0.5751892801990391,0.5751892801990391,0.0,ok
44568,V47,0.49973189773507204,0.49973189773507204,0.0,ok
44568,V48,0.5127857970144131,0.5127857970144131,0.0,ok
44568,V5,0.5439057674159231,0.5439057674159231,0.0,ok
44568,V6,0.5131510863503774,0.5131510863503774,0.0,ok
44568,V7,0.5809709055422101,0.5809709055422101,0.0,ok
44568,V8,0.5395960235072065,0.5395960235072065,0.0,ok
44568,V9,0.573887643702814,0.573887643702814,0.0,ok
44569,V1,0.5057843063658202,0.5057843063658202,0.0,ok
44569,V10,0.5258229399021963,0.5258229399021963,0.0,ok
44569,V11,0.49885855460706935,0.49885855460706935,0.0,ok
44569,V12,0.5055195553792039,0.5055195553792039,0.0,ok
44569,V13,0.5074827342141387,0.5074827342141387,0.0,ok
44569,V14,0.5,0.5,0.0,ok
44569,V15,0.7042356136324639,0.7042356136324639,0.0,ok
44569,V16,0.6157263426561427,0.6157263426561427,0.0,ok
44569,V17,0.5244241163349348,0.5244241163349348,0.0,ok
44569,V18,0.5189930347031572,0.5189930347031572,0.0,ok
44569,V19,0.5401248552247769,0.5401248552247769,0.0,ok
44569,V2,0.5103078618308167,0.5103078618308167,0.0,ok
44569,V20,0.5164480739533287,0.5164480739533287,0.0,ok
44569,V21,0.5,0.5,0.0,ok
44569,V22,0.4940367353723405,0.4940367353723405,0.0,ok
44569,V23,0.5214314248026768,0.5214314248026768,0.0,ok
44569,V24,0.5210647949553878,0.5210647949553878,0.0,ok
44569,V25,0.6912132163692519,0.6912132163692519,0.0,ok
44569,V26,0.5014557952985587,0.5014557952985587,0.0,ok
44569,V27,0.6769193441146191,0.6769193441146191,0.0,ok
44569,V28,0.4948638308596431,0.4948638308596431,0.0,ok
44569,V29,0.49802274579615646,0.49802274579615646,0.0,ok
44569,V3,0.5248028107841456,0.5248028107841456,0.0,ok
44569,V30,0.5501874034831846,0.5501874034831846,0.0,ok
44569,V31,0.7518566081846261,0.7518566081846261,0.0,ok
44569,V32,0.5853624206417296,0.5853624206417296,0.0,ok
44569,V33,0.5154748627316403,0.5154748627316403,0.0,ok
44569,V34,0.5150378560398079,0.5150378560398079,0.0,ok
44569,V35,0.5127395493737131,0.5127395493737131,0.0,ok
44569,V36,0.5161739393874399,0.5161739393874399,0.0,ok
44569,V37,0.5020965597117364,0.5020965597117364,0.0,ok
44569,V38,0.5029839782086478,0.5029839782086478,0.0,ok
44569,V39,0.5024658705816747,0.5024658705816747,0.0,ok
44569,V4,0.46757839310226496,0.46757839310226496,0.0,ok
44569,V40,0.6794187274794098,0.6794187274794098,0.0,ok
44569,V41,0.6062288199210707,0.6062288199210707,0.0,ok
44569,V42,0.5503844586479066,0.5503844586479066,0.0,ok
44569,V43,0.49973189773507204,0.49973189773507204,0.0,ok
44569,V44,0.7689112635123541,0.7689112635123541,0.0,ok
44569,V45,0.5015456095573096,0.5015456095573096,0.0,ok
44569,V46,0.5869274676132463,0.5869274676132463,0.0,ok
44569,V47,0.5,0.5,0.0,ok
44569,V48,0.51294665837337,0.51294665837337,0.0,ok
44569,V5,0.5516157182995882,0.5516157182995882,0.0,ok
44569,V6,0.5115900609128345,0.5115900609128345,0.0,ok
44569,V7,0.5807336350377488,0.5807336350377488,0.0,ok
44569,V8,0.5348372083047357,0.5348372083047357,0.0,ok
44569,V9,0.560033459162663,0.560033459162663,0.0,ok
44570,V1,0.5035128099262183,0.5035128099262183,0.0,ok
44570,V10,0.5338056848404256,0.5338056848404256,0.0,ok
44570,V11,0.5006943848661634,0.5006943848661634,0.0,ok
44570,V12,0.5066060398078243,0.5066060398078243,0.0,ok
44570,V13,0.5170432609814688,0.5170432609814688,0.0,ok
44570,V14,0.5,0.5,0.0,ok
44570,V15,0.7109026467055594,0.7109026467055594,0.0,ok
44570,V16,0.61303861745024,0.61303861745024,0.0,ok
44570,V17,0.5269228294440632,0.5269228294440632,0.0,ok
44570,V18,0.5264911847975292,0.5264911847975292,0.0,ok
44570,V19,0.5519836886582018,0.5519836886582018,0.0,ok
44570,V2,0.5162717967141386,0.5162717967141386,0.0,ok
44570,V20,0.5162530295555937,0.5162530295555937,0.0,ok
44570,V21,0.5,0.5,0.0,ok
44570,V22,0.5172188679649966,0.5172188679649966,0.0,ok
44570,V23,0.5159996729152367,0.5159996729152367,0.0,ok
44570,V24,0.528135992192862,0.528135992192862,0.0,ok
44570,V25,0.6886749581760467,0.6886749581760467,0.0,ok
44570,V26,0.5022252487989018,0.5022252487989018,0.0,ok
44570,V27,0.6854369530713795,0.6854369530713795,0.0,ok
44570,V28,0.5055812189001372,0.5055812189001372,0.0,ok
44570,V29,0.4977707296671242,0.4977707296671242,0.0,ok
44570,V3,0.5289128185054908,0.5289128185054908,0.0,ok
44570,V30,0.5475807792124228,0.5475807792124228,0.0,ok
44570,V31,0.7565658244680851,0.7565658244680851,0.0,ok
44570,V32,0.5742093664207275,0.5742093664207275,0.0,ok
44570,V33,0.5155526123884694,0.5155526123884694,0.0,ok
44570,V34,0.5115766557995881,0.5115766557995881,0.0,ok
44570,V35,0.5061254664979409,0.5061254664979409,0.0,ok
44570,V36,0.5224528944320521,0.5224528944320521,0.0,ok
44570,V37,0.5031146780628003,0.5031146780628003,0.0,ok
44570,V38,0.502577803277282,0.502577803277282,0.0,ok
44570,V39,0.5019263147735071,0.5019263147735071,0.0,ok
44570,V4,0.5192088570264242,0.5192088570264242,0.0,ok
44570,V40,0.6705968224519561,0.6705968224519561,0.0,ok
44570,V41,0.6183550853637612,0.6183550853637612,0.0,ok
44570,V42,0.5557578982927247,0.5557578982927247,0.0,ok
44570,V43,0.49973189773507204,0.49973189773507204,0.0,ok
44570,V44,0.7862822795126974,0.7862822795126974,0.0,ok
44570,V45,0.49741415365477004,0.49741415365477004,0.0,ok
44570,V46,0.5881091283459163,0.5881091283459163,0.0,ok
44570,V47,0.49973189773507204,0.49973189773507204,0.0,ok
44570,V48,0.5142616999828414,0.5142616999828414,0.0,ok
44570,V5,0.5485486283888126,0.5485486283888126,0.0,ok
44570,V6,0.5150190888812628,0.5150190888812628,0.0,ok
44570,V7,0.5877538928448868,0.5877538928448868,0.0,ok
44570,V8,0.53477487452814,0.53477487452814,0.0,ok
44570,V9,0.5593035507463967,0.5593035507463967,0.0,ok
44571,V1,0.5050456846259437,0.5050456846259437,0.0,ok
44571,V10,0.5388721473919011,0.5388721473919011,0.0,ok
44571,V11,0.5022031303620453,0.5022031303620453,0.0,ok
44571,V12,0.5055115123112559,0.5055115123112559,0.0,ok
44571,V13,0.5104251565717228,0.5104251565717228,0.0,ok
44571,V14,0.5,0.5,0.0,ok
44571,V15,0.7127257421070694,0.7127257421070694,0.0,ok
44571,V16,0.6195266922614963,0.6195266922614963,0.0,ok
44571,V17,0.5280361240991764,0.5280361240991764,0.0,ok
44571,V18,0.528314280199039,0.528314280199039,0.0,ok
44571,V19,0.5523643938743995,0.5523643938743995,0.0,ok
44571,V2,0.5066375418239533,0.5066375418239533,0.0,ok
44571,V20,0.5185117911376115,0.5185117911376115,0.0,ok
44571,V21,0.5,0.5,0.0,ok
44571,V22,0.5175258450583391,0.5175258450583391,0.0,ok
44571,V23,0.5137630297700755,0.5137630297700755,0.0,ok
44571,V24,0.5257699897048731,0.5257699897048731,0.0,ok
44571,V25,0.6917306537405629,0.6917306537405629,0.0,ok
44571,V26,0.5040764949382293,0.5040764949382293,0.0,ok
44571,V27,0.6741210267244337,0.6741210267244337,0.0,ok
44571,V28,0.5022353026338366,0.5022353026338366,0.0,ok
44571,V29,0.5055832296671243,0.5055832296671243,0.0,ok
44571,V3,0.5369840371911461,0.5369840371911461,0.0,ok
44571,V30,0.5567699843428278,0.5567699843428278,0.0,ok
44571,V31,0.7360479581331504,0.7360479581331504,0.0,ok
44571,V32,0.5848402914807824,0.5848402914807824,0.0,ok
44571,V33,0.5191076484214138,0.5191076484214138,0.0,ok
44571,V34,0.5093943033630748,0.5093943033630748,0.0,ok
44571,V35,0.5125920931280027,0.5125920931280027,0.0,ok
44571,V36,0.5283813057652711,0.5283813057652711,0.0,ok
44571,V37,0.5027098436427591,0.5027098436427591,0.0,ok
44571,V38,0.5027842420212766,0.5027842420212766,0.0,ok
44571,V39,0.5011280402796843,0.5011280402796843,0.0,ok
44571,V4,0.5091275416094716,0.5091275416094716,0.0,ok
44571,V40,0.6794381648936171,0.6794381648936171,0.0,ok
44571,V41,0.6125513415837337,0.6125513415837337,0.0,ok
44571,V42,0.5569750825754975,0.5569750825754975,0.0,ok
44571,V43,0.49973189773507204,0.49973189773507204,0.0,ok
44571,V44,0.7684923537234043,0.7684923537234043,0.0,ok
44571,V45,0.5050550682052162,0.5050550682052162,0.0,ok
44571,V46,0.5673848232669869,0.5673848232669869,0.0,ok
44571,V47,0.5,0.5,0.0,ok
44571,V48,0.5138260338023336,0.5138260338023336,0.0,ok
44571,V5,0.5588645332875772,0.5588645332875772,0.0,ok
44571,V6,0.51332803384523,0.51332803384523,0.0,ok
44571,V7,0.5780633364790666,0.5780633364790666,0.0,ok
44571,V8,0.5416637622254632,0.5416637622254632,0.0,ok
44571,V9,0.5721724594629376,0.5721724594629376,0.0,ok
44572,V1,0.5029839782086479,0.5029839782086479,0.0,ok
44572,V10,0.5294610876372683,0.5294610876372683,0.0,ok
44572,V11,0.5090538134866163,0.5090538134866163,0.0,ok
44572,V12,0.5062481232841455,0.5062481232841455,0.0,ok
44572,V13,0.5019504439773508,0.5019504439773508,0.0,ok
44572,V14,0.5,0.5,0.0,ok
44572,V15,0.7214705677333563,0.7214705677333563,0.0,ok
44572,V16,0.6287768906571722,0.6287768906571722,0.0,ok
44572,V17,0.5211210964310227,0.5211210964310227,0.0,ok
44572,V18,0.531512069963967,0.531512069963967,0.0,ok
44572,V19,0.548718873327042,0.548718873327042,0.0,ok
44572,V2,0.5139594146791352,0.5139594146791352,0.0,ok
44572,V20,0.5159520847632121,0.5159520847632121,0.0,ok
44572,V21,0.5,0.5,0.0,ok
44572,V22,0.4983143070092656,0.4983143070092656,0.0,ok
44572,V23,0.5204903858527796,0.5204903858527796,0.0,ok
44572,V24,0.5334269903912148,0.5334269903912148,0.0,ok
44572,V25,0.6856179221002059,0.6856179221002059,0.0,ok
44572,V26,0.5004497415494166,0.5004497415494166,0.0,ok
44572,V27,0.6818638201355525,0.6818638201355525,0.0,ok
44572,V28,0.4948242857755662,0.4948242857755662,0.0,ok
44572,V29,0.4942002777539465,0.4942002777539465,0.0,ok
44572,V3,0.5309074993565546,0.5309074993565546,0.0,ok
44572,V30,0.5519722943119424,0.5519722943119424,0.0,ok
44572,V31,0.7462056826956075,0.7462056826956075,0.0,ok
44572,V32,0.5755639531142759,0.5755639531142759,0.0,ok
44572,V33,0.5194695864790666,0.5194695864790666,0.0,ok
44572,V34,0.5168622919526424,0.5168622919526424,0.0,ok
44572,V35,0.5081342227179135,0.5081342227179135,0.0,ok
44572,V36,0.5252150180164723,0.5252150180164723,0.0,ok
44572,V37,0.5041716712422786,0.5041716712422786,0.0,ok
44572,V38,0.5053861745024022,0.5053861745024022,0.0,ok
44572,V39,0.5016541909746053,0.5016541909746053,0.0,ok
44572,V4,0.5147670727522307,0.5147670727522307,0.0,ok
44572,V40,0.6670270407944405,0.6670270407944405,0.0,ok
44572,V41,0.6106437939687714,0.6106437939687714,0.0,ok
44572,V42,0.5605797175274536,0.5605797175274536,0.0,ok
44572,V43,0.5008036365391214,0.5008036365391214,0.0,ok
44572,V44,0.770876453114276,0.770876453114276,0.0,ok
44572,V45,0.5079264434625944,0.5079264434625944,0.0,ok
44572,V46,0.5769285936427591,0.5769285936427591,0.0,ok
44572,V47,0.5,0.5,0.0,ok
44572,V48,0.5089345079787234,0.5089345079787234,0.0,ok
44572,V5,0.5548302644560742,0.5548302644560742,0.0,ok
44572,V6,0.5132207929392587,0.5132207929392587,0.0,ok
44572,V7,0.5805211639927934,0.5805211639927934,0.0,ok
44572,V8,0.5451135681194235,0.5451135681194235,0.0,ok
44572,V9,0.5757951913177762,0.5757951913177762,0.0,ok
44598,V1,0.7663777306264165,0.7663777306264165,0.0,ok
44598,V10,0.6285102313095754,0.6285102313095754,0.0,ok
44598,V11,0.6529472279821896,0.6529472279821896,0.0,ok
44598,V12,0.6150278889585442,0.6150278889585442,0.0,ok
44598,V13,0.7132279661153172,0.7132279661153172,0.0,ok
44598,V14,0.6671328221697127,0.6671328221697127,0.0,ok
44598,V15,0.7292661265692562,0.7292661265692562,0.0,ok
44598,V16,0.5421147385510601,0.5421147385510601,0.0,ok
44598,V17,0.5266934304222726,0.5266934304222726,0.0,ok
44598,V18,0.6589389336291009,0.6589389336291009,0.0,ok
44598,V19,0.50285922103808,0.50285922103808,0.0,ok
44598,V2,0.5270952886145537,0.5270952886145537,0.0,ok
44598,V20,0.5373748211731044,0.5373748211731044,0.0,ok
44598,V21,0.5150073941907379,0.5150073941907379,0.0,ok
44598,V22,0.7603659320698912,0.7603659320698912,0.0,ok
44598,V23,0.6963539406214334,0.6963539406214334,0.0,ok
44598,V24,0.5218711321148993,0.5218711321148993,0.0,ok
44598,V25,0.5830239025252768,0.5830239025252768,0.0,ok
44598,V26,0.5111817042002218,0.5111817042002218,0.0,ok
44598,V27,0.7639243863625402,0.7639243863625402,0.0,ok
44598,V28,0.4780866727749111,0.4780866727749111,0.0,ok
44598,V29,0.5162792753693077,0.5162792753693077,0.0,ok
44598,V3,0.6659875263217117,0.6659875263217117,0.0,ok
44598,V30,0.564345533748051,0.564345533748051,0.0,ok
44598,V31,0.5751032775554162,0.5751032775554162,0.0,ok
44598,V32,0.5241818167205157,0.5241818167205157,0.0,ok
44598,V33,0.6845533748050987,0.6845533748050987,0.0,ok
44598,V34,0.6498549291925866,0.6498549291925866,0.0,ok
44598,V35,0.48683110703894816,0.48683110703894816,0.0,ok
44598,V36,0.7982571410200768,0.7982571410200768,0.0,ok
44598,V37,0.5811753548407839,0.5811753548407839,0.0,ok
44598,V38,0.65727925929498,0.65727925929498,0.0,ok
44598,V39,0.7737156612174696,0.7737156612174696,0.0,ok
44598,V4,0.5195122245262092,0.5195122245262092,0.0,ok
44598,V40,0.5238100978926555,0.5238100978926555,0.0,ok
44598,V41,0.6277728215267396,0.6277728215267396,0.0,ok
44598,V5,0.6465295526514603,0.6465295526514603,0.0,ok
44598,V6,0.582053414990918,0.582053414990918,0.0,ok
44598,V7,0.7007141020076835,0.7007141020076835,0.0,ok
44598,V8,0.6273106846056162,0.6273106846056162,0.0,ok
44598,V9,0.5286022568356079,0.5286022568356079,0.0,ok
44599,V1,0.7663777306264165,0.7663777306264165,0.0,ok
44599,V10,0.6285102313095754,0.6285102313095754,0.0,ok
44599,V11,0.6529472279821896,0.6529472279821896,0.0,ok
44599,V12,0.6150278889585442,0.6150278889585442,0.0,ok
44599,V13,0.7132279661153172,0.7132279661153172,0.0,ok
44599,V14,0.6671328221697127,0.6671328221697127,0.0,ok
44599,V15,0.7292661265692562,0.7292661265692562,0.0,ok
44599,V16,0.5421147385510601,0.5421147385510601,0.0,ok
44599,V17,0.5266934304222726,0.5266934304222726,0.0,ok
44599,V18,0.6589389336291009,0.6589389336291009,0.0,ok
44599,V19,0.50285922103808,0.50285922103808,0.0,ok
44599,V2,0.5270952886145537,0.5270952886145537,0.0,ok
44599,V20,0.5373748211731044,0.5373748211731044,0.0,ok
44599,V21,0.5150073941907379,0.5150073941907379,0.0,ok
44599,V22,0.7603659320698912,0.7603659320698912,0.0,ok
44599,V23,0.6963539406214334,0.6963539406214334,0.0,ok
44599,V24,0.5218711321148993,0.5218711321148993,0.0,ok
44599,V25,0.5830239025252768,0.5830239025252768,0.0,ok
44599,V26,0.5111817042002218,0.5111817042002218,0.0,ok
44599,V27,0.7639243863625402,0.7639243863625402,0.0,ok
44599,V28,0.4780866727749111,0.4780866727749111,0.0,ok
44599,V29,0.5162792753693077,0.5162792753693077,0.0,ok
44599,V3,0.6659875263217117,0.6659875263217117,0.0,ok
44599,V30,0.564345533748051,0.564345533748051,0.0,ok
44599,V31,0.5751032775554162,0.5751032775554162,0.0,ok
44599,V32,0.5241818167205157,0.5241818167205157,0.0,ok
44599,V33,0.6845533748050987,0.6845533748050987,0.0,ok
44599,V34,0.6498549291925866,0.6498549291925866,0.0,ok
44599,V35,0.48683110703894816,0.48683110703894816,0.0,ok
44599,V36,0.7982571410200768,0.7982571410200768,0.0,ok
44599,V37,0.5811753548407839,0.5811753548407839,0.0,ok
44599,V38,0.65727925929498,0.65727925929498,0.0,ok
44599,V39,0.7737156612174696,0.7737156612174696,0.0,ok
44599,V4,0.5195122245262092,0.5195122245262092,0.0,ok
44599,V40,0.5238100978926555,0.5238100978926555,0.0,ok
44599,V41,0.6277728215267396,0.6277728215267396,0.0,ok
44599,V5,0.6465295526514603,0.6465295526514603,0.0,ok
44599,V6,0.582053414990918,0.582053414990918,0.0,ok
44599,V7,0.7007141020076835,0.7007141020076835,0.0,ok
44599,V8,0.6273106846056162,0.6273106846056162,0.0,ok
44599,V9,0.5286022568356079,0.5286022568356079,0.0,ok
44600,V1,0.7663777306264165,0.7663777306264165,0.0,ok
44600,V10,0.6285102313095754,0.6285102313095754,0.0,ok
44600,V11,0.6529472279821896,0.6529472279821896,0.0,ok
44600,V12,0.6150278889585442,0.6150278889585442,0.0,ok
44600,V13,0.7132279661153172,0.7132279661153172,0.0,ok
44600,V14,0.6671328221697127,0.6671328221697127,0.0,ok
44600,V15,0.7292661265692562,0.7292661265692562,0.0,ok
44600,V16,0.5421147385510601,0.5421147385510601,0.0,ok
44600,V17,0.5266934304222726,0.5266934304222726,0.0,ok
44600,V18,0.6589389336291009,0.6589389336291009,0.0,ok
44600,V19,0.50285922103808,0.50285922103808,0.0,ok
44600,V2,0.5270952886145537,0.5270952886145537,0.0,ok
44600,V20,0.5373748211731044,0.5373748211731044,0.0,ok
44600,V21,0.5150073941907379,0.5150073941907379,0.0,ok
44600,V22,0.7603659320698912,0.7603659320698912,0.0,ok
44600,V23,0.6963539406214334,0.6963539406214334,0.0,ok
44600,V24,0.5218711321148993,0.5218711321148993,0.0,ok
44600,V25,0.5830239025252768,0.5830239025252768,0.0,ok
44600,V26,0.5111817042002218,0.5111817042002218,0.0,ok
44600,V27,0.7639243863625402,0.7639243863625402,0.0,ok
44600,V28,0.4780866727749111,0.4780866727749111,0.0,ok
44600,V29,0.5162792753693077,0.5162792753693077,0.0,ok
44600,V3,0.6659875263217117,0.6659875263217117,0.0,ok
44600,V30,0.564345533748051,0.564345533748051,0.0,ok
44600,V31,0.5751032775554162,0.5751032775554162,0.0,ok
44600,V32,0.5241818167205157,0.5241818167205157,0.0,ok
44600,V33,0.6845533748050987,0.6845533748050987,0.0,ok
44600,V34,0.6498549291925866,0.6498549291925866,0.0,ok
44600,V35,0.48683110703894816,0.48683110703894816,0.0,ok
44600,V36,0.7982571410200768,0.7982571410200768,0.0,ok
44600,V37,0.5811753548407839,0.5811753548407839,0.0,ok
44600,V38,0.65727925929498,0.65727925929498,0.0,ok
44600,V39,0.7737156612174696,0.7737156612174696,0.0,ok
44600,V4,0.5195122245262092,0.5195122245262092,0.0,ok
44600,V40,0.5238100978926555,0.5238100978926555,0.0,ok
44600,V41,0.6277728215267396,0.6277728215267396,0.0,ok
44600,V5,0.6465295526514603,0.6465295526514603,0.0,ok
44600,V6,0.582053414990918,0.582053414990918,0.0,ok
44600,V7,0.7007141020076835,0.7007141020076835,0.0,ok
44600,V8,0.6273106846056162,0.6273106846056162,0.0,ok
44600,V9,0.5286022568356079,0.5286022568356079,0.0,ok
44601,V1,0.7663777306264165,0.7663777306264165,0.0,ok
44601,V10,0.6285102313095754,0.6285102313095754,0.0,ok
44601,V11,0.6529472279821896,0.6529472279821896,0.0,ok
44601,V12,0.6150278889585442,0.6150278889585442,0.0,ok
44601,V13,0.7132279661153172,0.7132279661153172,0.0,ok
44601,V14,0.6671328221697127,0.6671328221697127,0.0,ok
44601,V15,0.7292661265692562,0.7292661265692562,0.0,ok
44601,V16,0.5421147385510601,0.5421147385510601,0.0,ok
44601,V17,0.5266934304222726,0.5266934304222726,0.0,ok
44601,V18,0.6589389336291009,0.6589389336291009,0.0,ok
44601,V19,0.50285922103808,0.50285922103808,0.0,ok
44601,V2,0.5270952886145537,0.5270952886145537,0.0,ok
44601,V20,0.5373748211731044,0.5373748211731044,0.0,ok
44601,V21,0.5150073941907379,0.5150073941907379,0.0,ok
44601,V22,0.7603659320698912,0.7603659320698912,0.0,ok
44601,V23,0.6963539406214334,0.6963539406214334,0.0,ok
44601,V24,0.5218711321148993,0.5218711321148993,0.0,ok
44601,V25,0.5830239025252768,0.5830239025252768,0.0,ok
44601,V26,0.5111817042002218,0.5111817042002218,0.0,ok
44601,V27,0.7639243863625402,0.7639243863625402,0.0,ok
44601,V28,0.4780866727749111,0.4780866727749111,0.0,ok
44601,V29,0.5162792753693077,0.5162792753693077,0.0,ok
44601,V3,0.6659875263217117,0.6659875263217117,0.0,ok
44601,V30,0.564345533748051,0.564345533748051,0.0,ok
44601,V31,0.5751032775554162,0.5751032775554162,0.0,ok
44601,V32,0.5241818167205157,0.5241818167205157,0.0,ok
44601,V33,0.6845533748050987,0.6845533748050987,0.0,ok
44601,V34,0.6498549291925866,0.6498549291925866,0.0,ok
44601,V35,0.48683110703894816,0.48683110703894816,0.0,ok
44601,V36,0.7982571410200768,0.7982571410200768,0.0,ok
44601,V37,0.5811753548407839,0.5811753548407839,0.0,ok
44601,V38,0.65727925929498,0.65727925929498,0.0,ok
44601,V39,0.7737156612174696,0.7737156612174696,0.0,ok
44601,V4,0.5195122245262092,0.5195122245262092,0.0,ok
44601,V40,0.5238100978926555,0.5238100978926555,0.0,ok
44601,V41,0.6277728215267396,0.6277728215267396,0.0,ok
44601,V5,0.6465295526514603,0.6465295526514603,0.0,ok
44601,V6,0.582053414990918,0.582053414990918,0.0,ok
44601,V7,0.7007141020076835,0.7007141020076835,0.0,ok
44601,V8,0.6273106846056162,0.6273106846056162,0.0,ok
44601,V9,0.5286022568356079,0.5286022568356079,0.0,ok
44602,V1,0.7663777306264165,0.7663777306264165,0.0,ok
44602,V10,0.6285102313095754,0.6285102313095754,0.0,ok
44602,V11,0.6529472279821896,0.6529472279821896,0.0,ok
44602,V12,0.6150278889585442,0.6150278889585442,0.0,ok
44602,V13,0.7132279661153172,0.7132279661153172,0.0,ok
44602,V14,0.6671328221697127,0.6671328221697127,0.0,ok
44602,V15,0.7292661265692562,0.7292661265692562,0.0,ok
44602,V16,0.5421147385510601,0.5421147385510601,0.0,ok
44602,V17,0.5266934304222726,0.5266934304222726,0.0,ok
44602,V18,0.6589389336291009,0.6589389336291009,0.0,ok
44602,V19,0.50285922103808,0.50285922103808,0.0,ok
44602,V2,0.5270952886145537,0.5270952886145537,0.0,ok
44602,V20,0.5373748211731044,0.5373748211731044,0.0,ok
44602,V21,0.5150073941907379,0.5150073941907379,0.0,ok
44602,V22,0.7603659320698912,0.7603659320698912,0.0,ok
44602,V23,0.6963539406214334,0.6963539406214334,0.0,ok
44602,V24,0.5218711321148993,0.5218711321148993,0.0,ok
44602,V25,0.5830239025252768,0.5830239025252768,0.0,ok
44602,V26,0.5111817042002218,0.5111817042002218,0.0,ok
44602,V27,0.7639243863625402,0.7639243863625402,0.0,ok
44602,V28,0.4780866727749111,0.4780866727749111,0.0,ok
44602,V29,0.5162792753693077,0.5162792753693077,0.0,ok
44602,V3,0.6659875263217117,0.6659875263217117,0.0,ok
44602,V30,0.564345533748051,0.564345533748051,0.0,ok
44602,V31,0.5751032775554162,0.5751032775554162,0.0,ok
44602,V32,0.5241818167205157,0.5241818167205157,0.0,ok
44602,V33,0.6845533748050987,0.6845533748050987,0.0,ok
44602,V34,0.6498549291925866,0.6498549291925866,0.0,ok
44602,V35,0.48683110703894816,0.48683110703894816,0.0,ok
44602,V36,0.7982571410200768,0.7982571410200768,0.0,ok
44602,V37,0.5811753548407839,0.5811753548407839,0.0,ok
44602,V38,0.65727925929498,0.65727925929498,0.0,ok
44602,V39,0.7737156612174696,0.7737156612174696,0.0,ok
44602,V4,0.5195122245262092,0.5195122245262092,0.0,ok
44602,V40,0.5238100978926555,0.5238100978926555,0.0,ok
44602,V41,0.6277728215267396,0.6277728215267396,0.0,ok
44602,V5,0.6465295526514603,0.6465295526514603,0.0,ok
44602,V6,0.582053414990918,0.582053414990918,0.0,ok
44602,V7,0.7007141020076835,0.7007141020076835,0.0,ok
44602,V8,0.6273106846056162,0.6273106846056162,0.0,ok
44602,V9,0.5286022568356079,0.5286022568356079,0.0,ok
44608,BRANCH_COUNT,0.5927361306179776,0.5927361306179776,0.0,ok
44608,CALL_PAIRS,0.5696936446629214,0.5696936446629214,0.0,ok
44608,CONDITION_COUNT,0.7623397998595506,0.7623397998595506,0.0,ok
44608,CYCLOMATIC_COMPLEXITY,0.5954200316011236,0.5954200316011236,0.0,ok
44608,CYCLOMATIC_DENSITY,0.7581658181179776,0.7581658181179776,0.0,ok
44608,DECISION_COUNT,0.7621554599719101,0.7621554599719101,0.0,ok
44608,DECISION_DENSITY,0.7387662394662922,0.7387662394662922,0.0,ok
44608,DESIGN_COMPLEXITY,0.5651422050561797,0.5651422050561797,0.0,ok
44608,DESIGN_DENSITY,0.5759326720505618,0.5759326720505618,0.0,ok
44608,EDGE_COUNT,0.616114378511236,0.616114378511236,0.0,ok
44608,ESSENTIAL_COMPLEXITY,0.5276970681179776,0.5276970681179776,0.0,ok
44608,ESSENTIAL_DENSITY,0.5095066713483146,0.5095066713483146,0.0,ok
44608,HALSTEAD_CONTENT,0.6941976825842697,0.6941976825842697,0.0,ok
44608,HALSTEAD_DIFFICULTY,0.6560393258426966,0.6560393258426966,0.0,ok
44608,HALSTEAD_EFFORT,0.6839404845505617,0.6839404845505617,0.0,ok
44608,HALSTEAD_ERROR_EST,0.6964997366573035,0.6964997366573035,0.0,ok
44608,HALSTEAD_LENGTH,0.6960805828651686,0.6960805828651686,0.0,ok
44608,HALSTEAD_LEVEL,0.5715370435393259,0.5715370435393259,0.0,ok
44608,HALSTEAD_PROG_TIME,0.6839404845505617,0.6839404845505617,0.0,ok
44608,HALSTEAD_VOLUME,0.6978427844101123,0.6978427844101123,0.0,ok
44608,LOC_BLANK,0.7566845154494382,0.7566845154494382,0.0,ok
44608,LOC_CODE_AND_COMMENT,0.8688882549157303,0.8688882549157303,0.0,ok
44608,LOC_COMMENTS,0.7047972261235955,0.7047972261235955,0.0,ok
44608,LOC_EXECUTABLE,0.6888891327247191,0.6888891327247191,0.0,ok
44608,LOC_TOTAL,0.746262728230337,0.746262728230337,0.0,ok
44608,MAINTENANCE_SEVERITY,0.6592433286516853,0.6592433286516853,0.0,ok
44608,MODIFIED_CONDITION_COUNT,0.7605468750000001,0.7605468750000001,0.0,ok
44608,MULTIPLE_CONDITION_COUNT,0.762254213483146,0.762254213483146,0.0,ok
44608,NODE_COUNT,0.6195795294943821,0.6195795294943821,0.0,ok
44608,NORMALIZED_CYLOMATIC_COMPLEXITY,0.7133909761235955,0.7133909761235955,0.0,ok
44608,NUMBER_OF_LINES,0.7270365168539327,0.7270365168539327,0.0,ok
44608,NUM_OPERANDS,0.6920580231741573,0.6920580231741573,0.0,ok
44608,NUM_OPERATORS,0.6988785990168539,0.6988785990168539,0.0,ok
44608,NUM_UNIQUE_OPERANDS,0.6955846207865168,0.6955846207865168,0.0,ok
44608,NUM_UNIQUE_OPERATORS,0.649754213483146,0.649754213483146,0.0,ok
44608,PARAMETER_COUNT,0.5850772471910112,0.5850772471910112,0.0,ok
44608,PERCENT_COMMENTS,0.7798389220505617,0.7798389220505617,0.0,ok
44609,BRANCH_COUNT,0.5927361306179776,0.5927361306179776,0.0,ok
44609,CALL_PAIRS,0.5696936446629214,0.5696936446629214,0.0,ok
44609,CONDITION_COUNT,0.7623397998595506,0.7623397998595506,0.0,ok
44609,CYCLOMATIC_COMPLEXITY,0.5954200316011236,0.5954200316011236,0.0,ok
44609,CYCLOMATIC_DENSITY,0.7581658181179776,0.7581658181179776,0.0,ok
44609,DECISION_COUNT,0.7621554599719101,0.7621554599719101,0.0,ok
44609,DECISION_DENSITY,0.7387662394662922,0.7387662394662922,0.0,ok
44609,DESIGN_COMPLEXITY,0.5651422050561797,0.5651422050561797,0.0,ok
44609,DESIGN_DENSITY,0.5759326720505618,0.5759326720505618,0.0,ok
44609,EDGE_COUNT,0.616114378511236,0.616114378511236,0.0,ok
44609,ESSENTIAL_COMPLEXITY,0.5276970681179776,0.5276970681179776,0.0,ok
44609,ESSENTIAL_DENSITY,0.5095066713483146,0.5095066713483146,0.0,ok
44609,HALSTEAD_CONTENT,0.6941976825842697,0.6941976825842697,0.0,ok
44609,HALSTEAD_DIFFICULTY,0.6560393258426966,0.6560393258426966,0.0,ok
44609,HALSTEAD_EFFORT,0.6839404845505617,0.6839404845505617,0.0,ok
44609,HALSTEAD_ERROR_EST,0.6964997366573035,0.6964997366573035,0.0,ok
44609,HALSTEAD_LENGTH,0.6960805828651686,0.6960805828651686,0.0,ok
44609,HALSTEAD_LEVEL,0.5715370435393259,0.5715370435393259,0.0,ok
44609,HALSTEAD_PROG_TIME,0.6839404845505617,0.6839404845505617,0.0,ok
44609,HALSTEAD_VOLUME,0.6978427844101123,0.6978427844101123,0.0,ok
44609,LOC_BLANK,0.7566845154494382,0.7566845154494382,0.0,ok
44609,LOC_CODE_AND_COMMENT,0.8688882549157303,0.8688882549157303,0.0,ok
44609,LOC_COMMENTS,0.7047972261235955,0.7047972261235955,0.0,ok
44609,LOC_EXECUTABLE,0.6888891327247191,0.6888891327247191,0.0,ok
44609,LOC_TOTAL,0.746262728230337,0.746262728230337,0.0,ok
44609,MAINTENANCE_SEVERITY,0.6592433286516853,0.6592433286516853,0.0,ok
44609,MODIFIED_CONDITION_COUNT,0.7605468750000001,0.7605468750000001,0.0,ok
44609,MULTIPLE_CONDITION_COUNT,0.762254213483146,0.762254213483146,0.0,ok
44609,NODE_COUNT,0.6195795294943821,0.6195795294943821,0.0,ok
44609,NORMALIZED_CYLOMATIC_COMPLEXITY,0.7133909761235955,0.7133909761235955,0.0,ok
44609,NUMBER_OF_LINES,0.7270365168539327,0.7270365168539327,0.0,ok
44609,NUM_OPERANDS,0.6920580231741573,0.6920580231741573,0.0,ok
44609,NUM_OPERATORS,0.6988785990168539,0.6988785990168539,0.0,ok
44609,NUM_UNIQUE_OPERANDS,0.6955846207865168,0.6955846207865168,0.0,ok
44609,NUM_UNIQUE_OPERATORS,0.649754213483146,0.649754213483146,0.0,ok
44609,PARAMETER_COUNT,0.5850772471910112,0.5850772471910112,0.0,ok
44609,PERCENT_COMMENTS,0.7798389220505617,0.7798389220505617,0.0,ok
44610,BRANCH_COUNT,0.5927361306179776,0.5927361306179776,0.0,ok
44610,CALL_PAIRS,0.5696936446629214,0.5696936446629214,0.0,ok
44610,CONDITION_COUNT,0.7623397998595506,0.7623397998595506,0.0,ok
44610,CYCLOMATIC_COMPLEXITY,0.5954200316011236,0.5954200316011236,0.0,ok
44610,CYCLOMATIC_DENSITY,0.7581658181179776,0.7581658181179776,0.0,ok
44610,DECISION_COUNT,0.7621554599719101,0.7621554599719101,0.0,ok
44610,DECISION_DENSITY,0.7387662394662922,0.7387662394662922,0.0,ok
44610,DESIGN_COMPLEXITY,0.5651422050561797,0.5651422050561797,0.0,ok
44610,DESIGN_DENSITY,0.5759326720505618,0.5759326720505618,0.0,ok
44610,EDGE_COUNT,0.616114378511236,0.616114378511236,0.0,ok
44610,ESSENTIAL_COMPLEXITY,0.5276970681179776,0.5276970681179776,0.0,ok
44610,ESSENTIAL_DENSITY,0.5095066713483146,0.5095066713483146,0.0,ok
44610,HALSTEAD_CONTENT,0.6941976825842697,0.6941976825842697,0.0,ok
44610,HALSTEAD_DIFFICULTY,0.6560393258426966,0.6560393258426966,0.0,ok
44610,HALSTEAD_EFFORT,0.6839404845505617,0.6839404845505617,0.0,ok
44610,HALSTEAD_ERROR_EST,0.6964997366573035,0.6964997366573035,0.0,ok
44610,HALSTEAD_LENGTH,0.6960805828651686,0.6960805828651686,0.0,ok
44610,HALSTEAD_LEVEL,0.5715370435393259,0.5715370435393259,0.0,ok
44610,HALSTEAD_PROG_TIME,0.6839404845505617,0.6839404845505617,0.0,ok
44610,HALSTEAD_VOLUME,0.6978427844101123,0.6978427844101123,0.0,ok
44610,LOC_BLANK,0.7566845154494382,0.7566845154494382,0.0,ok
44610,LOC_CODE_AND_COMMENT,0.8688882549157303,0.8688882549157303,0.0,ok
44610,LOC_COMMENTS,0.7047972261235955,0.7047972261235955,0.0,ok
44610,LOC_EXECUTABLE,0.6888891327247191,0.6888891327247191,0.0,ok
44610,LOC_TOTAL,0.746262728230337,0.746262728230337,0.0,ok
44610,MAINTENANCE_SEVERITY,0.6592433286516853,0.6592433286516853,0.0,ok
44610,MODIFIED_CONDITION_COUNT,0.7605468750000001,0.7605468750000001,0.0,ok
44610,MULTIPLE_CONDITION_COUNT,0.762254213483146,0.762254213483146,0.0,ok
44610,NODE_COUNT,0.6195795294943821,0.6195795294943821,0.0,ok
44610,NORMALIZED_CYLOMATIC_COMPLEXITY,0.7133909761235955,0.7133909761235955,0.0,ok
44610,NUMBER_OF_LINES,0.7270365168539327,0.7270365168539327,0.0,ok
44610,NUM_OPERANDS,0.6920580231741573,0.6920580231741573,0.0,ok
44610,NUM_OPERATORS,0.6988785990168539,0.6988785990168539,0.0,ok
44610,NUM_UNIQUE_OPERANDS,0.6955846207865168,0.6955846207865168,0.0,ok
44610,NUM_UNIQUE_OPERATORS,0.649754213483146,0.649754213483146,0.0,ok
44610,PARAMETER_COUNT,0.5850772471910112,0.5850772471910112,0.0,ok
44610,PERCENT_COMMENTS,0.7798389220505617,0.7798389220505617,0.0,ok
44611,BRANCH_COUNT,0.5927361306179776,0.5927361306179776,0.0,ok
44611,CALL_PAIRS,0.5696936446629214,0.5696936446629214,0.0,ok
44611,CONDITION_COUNT,0.7623397998595506,0.7623397998595506,0.0,ok
44611,CYCLOMATIC_COMPLEXITY,0.5954200316011236,0.5954200316011236,0.0,ok
44611,CYCLOMATIC_DENSITY,0.7581658181179776,0.7581658181179776,0.0,ok
44611,DECISION_COUNT,0.7621554599719101,0.7621554599719101,0.0,ok
44611,DECISION_DENSITY,0.7387662394662922,0.7387662394662922,0.0,ok
44611,DESIGN_COMPLEXITY,0.5651422050561797,0.5651422050561797,0.0,ok
44611,DESIGN_DENSITY,0.5759326720505618,0.5759326720505618,0.0,ok
44611,EDGE_COUNT,0.616114378511236,0.616114378511236,0.0,ok
44611,ESSENTIAL_COMPLEXITY,0.5276970681179776,0.5276970681179776,0.0,ok
44611,ESSENTIAL_DENSITY,0.5095066713483146,0.5095066713483146,0.0,ok
44611,HALSTEAD_CONTENT,0.6941976825842697,0.6941976825842697,0.0,ok
44611,HALSTEAD_DIFFICULTY,0.6560393258426966,0.6560393258426966,0.0,ok
44611,HALSTEAD_EFFORT,0.6839404845505617,0.6839404845505617,0.0,ok
44611,HALSTEAD_ERROR_EST,0.6964997366573035,0.6964997366573035,0.0,ok
44611,HALSTEAD_LENGTH,0.6960805828651686,0.6960805828651686,0.0,ok
44611,HALSTEAD_LEVEL,0.5715370435393259,0.5715370435393259,0.0,ok
44611,HALSTEAD_PROG_TIME,0.6839404845505617,0.6839404845505617,0.0,ok
44611,HALSTEAD_VOLUME,0.6978427844101123,0.6978427844101123,0.0,ok
44611,LOC_BLANK,0.7566845154494382,0.7566845154494382,0.0,ok
44611,LOC_CODE_AND_COMMENT,0.8688882549157303,0.8688882549157303,0.0,ok
44611,LOC_COMMENTS,0.7047972261235955,0.7047972261235955,0.0,ok
44611,LOC_EXECUTABLE,0.6888891327247191,0.6888891327247191,0.0,ok
44611,LOC_TOTAL,0.746262728230337,0.746262728230337,0.0,ok
44611,MAINTENANCE_SEVERITY,0.6592433286516853,0.6592433286516853,0.0,ok
44611,MODIFIED_CONDITION_COUNT,0.7605468750000001,0.7605468750000001,0.0,ok
44611,MULTIPLE_CONDITION_COUNT,0.762254213483146,0.762254213483146,0.0,ok
44611,NODE_COUNT,0.6195795294943821,0.6195795294943821,0.0,ok
44611,NORMALIZED_CYLOMATIC_COMPLEXITY,0.7133909761235955,0.7133909761235955,0.0,ok
44611,NUMBER_OF_LINES,0.7270365168539327,0.7270365168539327,0.0,ok
44611,NUM_OPERANDS,0.6920580231741573,0.6920580231741573,0.0,ok
44611,NUM_OPERATORS,0.6988785990168539,0.6988785990168539,0.0,ok
44611,NUM_UNIQUE_OPERANDS,0.6955846207865168,0.6955846207865168,0.0,ok
44611,NUM_UNIQUE_OPERATORS,0.649754213483146,0.649754213483146,0.0,ok
44611,PARAMETER_COUNT,0.5850772471910112,0.5850772471910112,0.0,ok
44611,PERCENT_COMMENTS,0.7798389220505617,0.7798389220505617,0.0,ok
44612,BRANCH_COUNT,0.5927361306179776,0.5927361306179776,0.0,ok
44612,CALL_PAIRS,0.5696936446629214,0.5696936446629214,0.0,ok
44612,CONDITION_COUNT,0.7623397998595506,0.7623397998595506,0.0,ok
44612,CYCLOMATIC_COMPLEXITY,0.5954200316011236,0.5954200316011236,0.0,ok
44612,CYCLOMATIC_DENSITY,0.7581658181179776,0.7581658181179776,0.0,ok
44612,DECISION_COUNT,0.7621554599719101,0.7621554599719101,0.0,ok
44612,DECISION_DENSITY,0.7387662394662922,0.7387662394662922,0.0,ok
44612,DESIGN_COMPLEXITY,0.5651422050561797,0.5651422050561797,0.0,ok
44612,DESIGN_DENSITY,0.5759326720505618,0.5759326720505618,0.0,ok
44612,EDGE_COUNT,0.616114378511236,0.616114378511236,0.0,ok
44612,ESSENTIAL_COMPLEXITY,0.5276970681179776,0.5276970681179776,0.0,ok
44612,ESSENTIAL_DENSITY,0.5095066713483146,0.5095066713483146,0.0,ok
44612,HALSTEAD_CONTENT,0.6941976825842697,0.6941976825842697,0.0,ok
44612,HALSTEAD_DIFFICULTY,0.6560393258426966,0.6560393258426966,0.0,ok
44612,HALSTEAD_EFFORT,0.6839404845505617,0.6839404845505617,0.0,ok
44612,HALSTEAD_ERROR_EST,0.6964997366573035,0.6964997366573035,0.0,ok
44612,HALSTEAD_LENGTH,0.6960805828651686,0.6960805828651686,0.0,ok
44612,HALSTEAD_LEVEL,0.5715370435393259,0.5715370435393259,0.0,ok
44612,HALSTEAD_PROG_TIME,0.6839404845505617,0.6839404845505617,0.0,ok
44612,HALSTEAD_VOLUME,0.6978427844101123,0.6978427844101123,0.0,ok
44612,LOC_BLANK,0.7566845154494382,0.7566845154494382,0.0,ok
44612,LOC_CODE_AND_COMMENT,0.8688882549157303,0.8688882549157303,0.0,ok
44612,LOC_COMMENTS,0.7047972261235955,0.7047972261235955,0.0,ok
44612,LOC_EXECUTABLE,0.6888891327247191,0.6888891327247191,0.0,ok
44612,LOC_TOTAL,0.746262728230337,0.746262728230337,0.0,ok
44612,MAINTENANCE_SEVERITY,0.6592433286516853,0.6592433286516853,0.0,ok
44612,MODIFIED_CONDITION_COUNT,0.7605468750000001,0.7605468750000001,0.0,ok
44612,MULTIPLE_CONDITION_COUNT,0.762254213483146,0.762254213483146,0.0,ok
44612,NODE_COUNT,0.6195795294943821,0.6195795294943821,0.0,ok
44612,NORMALIZED_CYLOMATIC_COMPLEXITY,0.7133909761235955,0.7133909761235955,0.0,ok
44612,NUMBER_OF_LINES,0.7270365168539327,0.7270365168539327,0.0,ok
44612,NUM_OPERANDS,0.6920580231741573,0.6920580231741573,0.0,ok
44612,NUM_OPERATORS,0.6988785990168539,0.6988785990168539,0.0,ok
44612,NUM_UNIQUE_OPERANDS,0.6955846207865168,0.6955846207865168,0.0,ok
44612,NUM_UNIQUE_OPERATORS,0.649754213483146,0.649754213483146,0.0,ok
44612,PARAMETER_COUNT,0.5850772471910112,0.5850772471910112,0.0,ok
44612,PERCENT_COMMENTS,0.7798389220505617,0.7798389220505617,0.0,ok
44628,b,0.7957710628704411,0.7957710628704411,0.0,ok
44628,branchCount,0.7292213297506884,0.7292213297506884,0.0,ok
44628,d,0.7833571602180973,0.7833571602180973,0.0,ok
44628,e,0.7917779066407155,0.7917779066407155,0.0,ok
44628,ev(g),0.6083788340711055,0.6083788340711055,0.0,ok
44628,i,0.7785056619950663,0.7785056619950663,0.0,ok
44628,iv(g),0.7209249807184046,0.7209249807184046,0.0,ok
44628,l,0.7060393976104218,0.7060393976104218,0.0,ok
44628,lOBlank,0.7374181608707051,0.7374181608707051,0.0,ok
44628,lOCode,0.7905951745295386,0.7905951745295386,0.0,ok
44628,lOComment,0.6352113511661777,0.6352113511661777,0.0,ok
44628,loc,0.7882670295242853,0.7882670295242853,0.0,ok
44628,locCodeAndComment,0.5024630683286159,0.5024630683286159,0.0,ok
44628,n,0.7935883671215784,0.7935883671215784,0.0,ok
44628,t,0.7926171105739697,0.7926171105739697,0.0,ok
44628,total_Op,0.7888564817738685,0.7888564817738685,0.0,ok
44628,total_Opnd,0.7952428524130225,0.7952428524130225,0.0,ok
44628,uniq_Op,0.7753143904814945,0.7753143904814945,0.0,ok
44628,uniq_Opnd,0.7901234213492717,0.7901234213492717,0.0,ok
44628,v,0.7934802370822879,0.7934802370822879,0.0,ok
44628,v(g),0.7263831554450652,0.7263831554450652,0.0,ok
44629,b,0.7980791129126406,0.7980791129126406,0.0,ok
44629,branchCount,0.7302595695084771,0.7302595695084771,0.0,ok
44629,d,0.7860508421703324,0.7860508421703324,0.0,ok
44629,e,0.7944189589278093,0.7944189589278093,0.0,ok
44629,ev(g),0.6137307925644808,0.6137307925644808,0.0,ok
44629,i,0.7780061586277245,0.7780061586277245,0.0,ok
44629,iv(g),0.7172428179645143,0.7172428179645143,0.0,ok
44629,l,0.7126755199332465,0.7126755199332465,0.0,ok
44629,lOBlank,0.7369693733624998,0.7369693733624998,0.0,ok
44629,lOCode,0.7931721143154604,0.7931721143154604,0.0,ok
44629,lOComment,0.6271149948614309,0.6271149948614309,0.0,ok
44629,loc,0.7901597836633693,0.7901597836633693,0.0,ok
44629,locCodeAndComment,0.4931351778595611,0.4931351778595611,0.0,ok
44629,n,0.795254335249053,0.795254335249053,0.0,ok
44629,t,0.7953997845054439,0.7953997845054439,0.0,ok
44629,total_Op,0.7908506676312249,0.7908506676312249,0.0,ok
44629,total_Opnd,0.798187242951931,0.798187242951931,0.0,ok
44629,uniq_Op,0.7760043175463477,0.7760043175463477,0.0,ok
44629,uniq_Opnd,0.7915913105552143,0.7915913105552143,0.0,ok
44629,v,0.7947031591195726,0.7947031591195726,0.0,ok
44629,v(g),0.7251851128858473,0.7251851128858473,0.0,ok
44630,b,0.7892574241319456,0.7892574241319456,0.0,ok
44630,branchCount,0.7262156974196152,0.7262156974196152,0.0,ok
44630,d,0.7770913593572673,0.7770913593572673,0.0,ok
44630,e,0.7855484680939833,0.7855484680939833,0.0,ok
44630,ev(g),0.5970519732296815,0.5970519732296815,0.0,ok
44630,i,0.7716140465705553,0.7716140465705553,0.0,ok
44630,iv(g),0.713119522926439,0.713119522926439,0.0,ok
44630,l,0.7033811210692816,0.7033811210692816,0.0,ok
44630,lOBlank,0.735087145156444,0.735087145156444,0.0,ok
44630,lOCode,0.7848757652831763,0.7848757652831763,0.0,ok
44630,lOComment,0.6298211165526996,0.6298211165526996,0.0,ok
44630,loc,0.7812701547694916,0.7812701547694916,0.0,ok
44630,locCodeAndComment,0.5088924996028853,0.5088924996028853,0.0,ok
44630,n,0.7874220841730156,0.7874220841730156,0.0,ok
44630,t,0.7864996296785379,0.7864996296785379,0.0,ok
44630,total_Op,0.7832595561118351,0.7832595561118351,0.0,ok
44630,total_Opnd,0.788180908254054,0.788180908254054,0.0,ok
44630,uniq_Op,0.7675175448165521,0.7675175448165521,0.0,ok
44630,uniq_Opnd,0.7822471527351159,0.7822471527351159,0.0,ok
44630,v,0.7867685194222602,0.7867685194222602,0.0,ok
44630,v(g),0.7218933665570056,0.7218933665570056,0.0,ok
44631,b,0.7965337145634896,0.7965337145634896,0.0,ok
44631,branchCount,0.7282883493231825,0.7282883493231825,0.0,ok
44631,d,0.7819830475064066,0.7819830475064066,0.0,ok
44631,e,0.7897272635062074,0.7897272635062074,0.0,ok
44631,ev(g),0.6021025072772473,0.6021025072772473,0.0,ok
44631,i,0.7736541637720351,0.7736541637720351,0.0,ok
44631,iv(g),0.7211986549771395,0.7211986549771395,0.0,ok
44631,l,0.7110038103877563,0.7110038103877563,0.0,ok
44631,lOBlank,0.7495440357192753,0.7495440357192753,0.0,ok
44631,lOCode,0.7892602948409533,0.7892602948409533,0.0,ok
44631,lOComment,0.6287943596309415,0.6287943596309415,0.0,ok
44631,loc,0.7864316895653555,0.7864316895653555,0.0,ok
44631,locCodeAndComment,0.5085355747829267,0.5085355747829267,0.0,ok
44631,n,0.7910047290146386,0.7910047290146386,0.0,ok
44631,t,0.79051001016231,0.79051001016231,0.0,ok
44631,total_Op,0.7863398268771088,0.7863398268771088,0.0,ok
44631,total_Opnd,0.7933242618928689,0.7933242618928689,0.0,ok
44631,uniq_Op,0.7732216436148731,0.7732216436148731,0.0,ok
44631,uniq_Opnd,0.7878392938821365,0.7878392938821365,0.0,ok
44631,v,0.7905387172523869,0.7905387172523869,0.0,ok
44631,v(g),0.7293055372149146,0.7293055372149146,0.0,ok
44632,b,0.7999307202226139,0.7999307202226139,0.0,ok
44632,branchCount,0.7333073055716635,0.7333073055716635,0.0,ok
44632,d,0.788276598554311,0.788276598554311,0.0,ok
44632,e,0.7955490613738448,0.7955490613738448,0.0,ok
44632,ev(g),0.6072716972971318,0.6072716972971318,0.0,ok
44632,i,0.7801544058684947,0.7801544058684947,0.0,ok
44632,iv(g),0.7260080494680575,0.7260080494680575,0.0,ok
44632,l,0.7116009178613603,0.7116009178613603,0.0,ok
44632,lOBlank,0.7458044587852308,0.7458044587852308,0.0,ok
44632,lOCode,0.7948151167708734,0.7948151167708734,0.0,ok
44632,lOComment,0.6239553011469439,0.6239553011469439,0.0,ok
44632,loc,0.7901454301183306,0.7901454301183306,0.0,ok
44632,locCodeAndComment,0.5053940622254884,0.5053940622254884,0.0,ok
44632,n,0.7972322537553659,0.7972322537553659,0.0,ok
44632,t,0.796314583775901,0.796314583775901,0.0,ok
44632,total_Op,0.7925367307217538,0.7925367307217538,0.0,ok
44632,total_Opnd,0.798610194079067,0.798610194079067,0.0,ok
44632,uniq_Op,0.7774942155213495,0.7774942155213495,0.0,ok
44632,uniq_Opnd,0.7923520484422576,0.7923520484422576,0.0,ok
44632,v,0.79667533620787,0.79667533620787,0.0,ok
44632,v(g),0.7313313008713559,0.7313313008713559,0.0,ok
44643,bkblk,0.5007895285272287,0.5007895285272287,0.0,ok
44643,bknwy,0.502220298497892,0.502220298497892,0.0,ok
44643,bkon8,0.5165605612465735,0.5165605612465735,0.0,ok
44643,bkona,0.5051529761618493,0.5051529761618493,0.0,ok
44643,bkspr,0.5119661664983408,0.5119661664983408,0.0,ok
44643,bkxbq,0.5844905737507815,0.5844905737507815,0.0,ok
44643,bkxcr,0.5772956443674955,0.5772956443674955,0.0,ok
44643,bkxwp,0.5879658017922699,0.5879658017922699,0.0,ok
44643,blxwp,0.5312840659516824,0.5312840659516824,0.0,ok
44643,bxqsq,0.6675999735487904,0.6675999735487904,0.0,ok
44643,cntxt,0.540059555299059,0.540059555299059,0.0,ok
44643,dsopp,0.5018590992160823,0.5018590992160823,0.0,ok
44643,dwipd,0.5403496168582376,0.5403496168582376,0.0,ok
44643,hdchk,0.5040142716298754,0.5040142716298754,0.0,ok
44643,katri,0.5835442416518379,0.5835442416518379,0.0,ok
44643,mulch,0.5332919532214367,0.5332919532214367,0.0,ok
44643,qxmsq,0.4978363110982863,0.4978363110982863,0.0,ok
44643,r2ar8,0.5692936525112618,0.5692936525112618,0.0,ok
44643,reskd,0.5006702976963402,0.5006702976963402,0.0,ok
44643,reskr,0.4953484946857115,0.4953484946857115,0.0,ok
44643,rimmx,0.6612306425239263,0.6612306425239263,0.0,ok
44643,rkxwp,0.5407198335978454,0.5407198335978454,0.0,ok
44643,rxmsq,0.5201359832635983,0.5201359832635983,0.0,ok
44643,simpl,0.5122191562865708,0.5122191562865708,0.0,ok
44643,skach,0.501072075538242,0.501072075538242,0.0,ok
44643,skewr,0.5145341380913449,0.5145341380913449,0.0,ok
44643,skrxp,0.525056008432325,0.525056008432325,0.0,ok
44643,spcop,0.5,0.5,0.0,ok
44643,stlmt,0.5126815514836724,0.5126815514836724,0.0,ok
44643,thrsk,0.5022663877266388,0.5022663877266388,0.0,ok
44643,wkcti,0.5417232762628449,0.5417232762628449,0.0,ok
44643,wkna8,0.5469413785087931,0.5469413785087931,0.0,ok
44643,wknck,0.6825228642652175,0.6825228642652175,0.0,ok
44643,wkovl,0.5135963224803219,0.5135963224803219,0.0,ok
44643,wkpos,0.5603658683210696,0.5603658683210696,0.0,ok
44643,wtoeg,0.5012995158627102,0.5012995158627102,0.0,ok
44644,bkblk,0.49166937190400617,0.49166937190400617,0.0,ok
44644,bknwy,0.49956616008592636,0.49956616008592636,0.0,ok
44644,bkon8,0.511467701470046,0.511467701470046,0.0,ok
44644,bkona,0.5042542362012856,0.5042542362012856,0.0,ok
44644,bkspr,0.5227385217781625,0.5227385217781625,0.0,ok
44644,bkxbq,0.5676670033184245,0.5676670033184245,0.0,ok
44644,bkxcr,0.5787985540005451,0.5787985540005451,0.0,ok
44644,bkxwp,0.588022411388448,0.588022411388448,0.0,ok
44644,blxwp,0.5312099224097853,0.5312099224097853,0.0,ok
44644,bxqsq,0.6703673311531124,0.6703673311531124,0.0,ok
44644,cntxt,0.54512135494317,0.54512135494317,0.0,ok
44644,dsopp,0.496394519790314,0.496394519790314,0.0,ok
44644,dwipd,0.5467500080155181,0.5467500080155181,0.0,ok
44644,hdchk,0.5032633177832283,0.5032633177832283,0.0,ok
44644,katri,0.5986429727953317,0.5986429727953317,0.0,ok
44644,mulch,0.5323310929960403,0.5323310929960403,0.0,ok
44644,qxmsq,0.49575828804565636,0.49575828804565636,0.0,ok
44644,r2ar8,0.5837461325125441,0.5837461325125441,0.0,ok
44644,reskd,0.5040438288526587,0.5040438288526587,0.0,ok
44644,reskr,0.5060416967248593,0.5060416967248593,0.0,ok
44644,rimmx,0.6695101716923965,0.6695101716923965,0.0,ok
44644,rkxwp,0.5427292237772328,0.5427292237772328,0.0,ok
44644,rxmsq,0.5194857243623656,0.5194857243623656,0.0,ok
44644,simpl,0.5244287941454657,0.5244287941454657,0.0,ok
44644,skach,0.5002274403244681,0.5002274403244681,0.0,ok
44644,skewr,0.5126184292790843,0.5126184292790843,0.0,ok
44644,skrxp,0.5242850157905706,0.5242850157905706,0.0,ok
44644,spcop,0.50114171035124,0.50114171035124,0.0,ok
44644,stlmt,0.516164294073326,0.516164294073326,0.0,ok
44644,thrsk,0.509536963561455,0.509536963561455,0.0,ok
44644,wkcti,0.5563175307395117,0.5563175307395117,0.0,ok
44644,wkna8,0.5379730157585084,0.5379730157585084,0.0,ok
44644,wknck,0.6725961461389249,0.6725961461389249,0.0,ok
44644,wkovl,0.523792562400808,0.523792562400808,0.0,ok
44644,wkpos,0.5575950039276039,0.5575950039276039,0.0,ok
44644,wtoeg,0.4977105676589878,0.4977105676589878,0.0,ok
44645,bkblk,0.5034055932284903,0.5034055932284903,0.0,ok
44645,bknwy,0.5021922441847416,0.5021922441847416,0.0,ok
44645,bkon8,0.5131003623014155,0.5131003623014155,0.0,ok
44645,bkona,0.5065551908494846,0.5065551908494846,0.0,ok
44645,bkspr,0.5186726502508857,0.5186726502508857,0.0,ok
44645,bkxbq,0.5689444765065166,0.5689444765065166,0.0,ok
44645,bkxcr,0.5624183419099377,0.5624183419099377,0.0,ok
44645,bkxwp,0.5931518419660462,0.5931518419660462,0.0,ok
44645,blxwp,0.5353399180814056,0.5353399180814056,0.0,ok
44645,bxqsq,0.6797885706728226,0.6797885706728226,0.0,ok
44645,cntxt,0.5359716410971641,0.5359716410971641,0.0,ok
44645,dsopp,0.5046369771878356,0.5046369771878356,0.0,ok
44645,dwipd,0.5505273208932494,0.5505273208932494,0.0,ok
44645,hdchk,0.5045613307363055,0.5045613307363055,0.0,ok
44645,katri,0.5875815578960867,0.5875815578960867,0.0,ok
44645,mulch,0.5276820925311404,0.5276820925311404,0.0,ok
44645,qxmsq,0.5026967208515686,0.5026967208515686,0.0,ok
44645,r2ar8,0.5775341060292727,0.5775341060292727,0.0,ok
44645,reskd,0.5008842118341108,0.5008842118341108,0.0,ok
44645,reskr,0.49542814889626313,0.49542814889626313,0.0,ok
44645,rimmx,0.6618698800878501,0.6618698800878501,0.0,ok
44645,rkxwp,0.5420028174545921,0.5420028174545921,0.0,ok
44645,rxmsq,0.5163797111207298,0.5163797111207298,0.0,ok
44645,simpl,0.5122737620032384,0.5122737620032384,0.0,ok
44645,skach,0.50232450023245,0.50232450023245,0.0,ok
44645,skewr,0.5156923804485484,0.5156923804485484,0.0,ok
44645,skrxp,0.5206179162859296,0.5206179162859296,0.0,ok
44645,spcop,0.5,0.5,0.0,ok
44645,stlmt,0.5143778354895077,0.5143778354895077,0.0,ok
44645,thrsk,0.5040678754067875,0.5040678754067875,0.0,ok
44645,wkcti,0.5447566488722166,0.5447566488722166,0.0,ok
44645,wkna8,0.5434095408711266,0.5434095408711266,0.0,ok
44645,wknck,0.6744181735840588,0.6744181735840588,0.0,ok
44645,wkovl,0.5151768824444123,0.5151768824444123,0.0,ok
44645,wkpos,0.5579171275589541,0.5579171275589541,0.0,ok
44645,wtoeg,0.4892216330816461,0.4892216330816461,0.0,ok
44646,bkblk,0.502089044389939,0.502089044389939,0.0,ok
44646,bknwy,0.502073013353853,0.502073013353853,0.0,ok
44646,bkon8,0.5182773850173936,0.5182773850173936,0.0,ok
44646,bkona,0.511031356706584,0.511031356706584,0.0,ok
44646,bkspr,0.5195889241571683,0.5195889241571683,0.0,ok
44646,bkxbq,0.5585428389361804,0.5585428389361804,0.0,ok
44646,bkxcr,0.5737923620128569,0.5737923620128569,0.0,ok
44646,bkxwp,0.5933201678449478,0.5933201678449478,0.0,ok
44646,blxwp,0.5380231127462768,0.5380231127462768,0.0,ok
44646,bxqsq,0.6739647958447554,0.6739647958447554,0.0,ok
44646,cntxt,0.52405807643598,0.52405807643598,0.0,ok
44646,dsopp,0.503493262957085,0.503493262957085,0.0,ok
44646,dwipd,0.5306433254781256,0.5306433254781256,0.0,ok
44646,hdchk,0.5014653368922233,0.5014653368922233,0.0,ok
44646,katri,0.5762411027749723,0.5762411027749723,0.0,ok
44646,mulch,0.5352176814312509,0.5352176814312509,0.0,ok
44646,qxmsq,0.5011346967729524,0.5011346967729524,0.0,ok
44646,r2ar8,0.5750052100867279,0.5750052100867279,0.0,ok
44646,reskd,0.5037342294682505,0.5037342294682505,0.0,ok
44646,reskr,0.4936041175716186,0.4936041175716186,0.0,ok
44646,rimmx,0.6780271605828885,0.6780271605828885,0.0,ok
44646,rkxwp,0.5423149216883887,0.5423149216883887,0.0,ok
44646,rxmsq,0.5180329117170843,0.5180329117170843,0.0,ok
44646,simpl,0.5050668093428878,0.5050668093428878,0.0,ok
44646,skach,0.5025359095208324,0.5025359095208324,0.0,ok
44646,skewr,0.5146879358437936,0.5146879358437936,0.0,ok
44646,skrxp,0.5250009017457798,0.5250009017457798,0.0,ok
44646,spcop,0.50114171035124,0.50114171035124,0.0,ok
44646,stlmt,0.510972743230895,0.510972743230895,0.0,ok
44646,thrsk,0.5128959665913209,0.5128959665913209,0.0,ok
44646,wkcti,0.5418585381298193,0.5418585381298193,0.0,ok
44646,wkna8,0.5379629963609548,0.5379629963609548,0.0,ok
44646,wknck,0.6643662129883455,0.6643662129883455,0.0,ok
44646,wkovl,0.5194852233924879,0.5194852233924879,0.0,ok
44646,wkpos,0.5637474149954311,0.5637474149954311,0.0,ok
44646,wtoeg,0.501494393145129,0.501494393145129,0.0,ok
44647,bkblk,0.49908372609371743,0.49908372609371743,0.0,ok
44647,bknwy,0.4991628793343914,0.4991628793343914,0.0,ok
44647,bkon8,0.5150130652944099,0.5150130652944099,0.0,ok
44647,bkona,0.5060336812068164,0.5060336812068164,0.0,ok
44647,bkspr,0.52005131935427,0.52005131935427,0.0,ok
44647,bkxbq,0.5689915676750189,0.5689915676750189,0.0,ok
44647,bkxcr,0.5769960643806409,0.5769960643806409,0.0,ok
44647,bkxwp,0.5951787660911525,0.5951787660911525,0.0,ok
44647,blxwp,0.5513754628961669,0.5513754628961669,0.0,ok
44647,bxqsq,0.6611494854037416,0.6611494854037416,0.0,ok
44647,cntxt,0.5341446039532535,0.5341446039532535,0.0,ok
44647,dsopp,0.5121450127446737,0.5121450127446737,0.0,ok
44647,dwipd,0.5383522499559147,0.5383522499559147,0.0,ok
44647,hdchk,0.5043935058272816,0.5043935058272816,0.0,ok
44647,katri,0.5792960170890845,0.5792960170890845,0.0,ok
44647,mulch,0.5229514339761778,0.5229514339761778,0.0,ok
44647,qxmsq,0.5042732730566377,0.5042732730566377,0.0,ok
44647,r2ar8,0.5616789103704773,0.5616789103704773,0.0,ok
44647,reskd,0.5056419227624682,0.5056419227624682,0.0,ok
44647,reskr,0.501073578447875,0.501073578447875,0.0,ok
44647,rimmx,0.6707435595312525,0.6707435595312525,0.0,ok
44647,rkxwp,0.5277387021273185,0.5277387021273185,0.0,ok
44647,rxmsq,0.5126685262668526,0.5126685262668526,0.0,ok
44647,simpl,0.5264532134211835,0.5264532134211835,0.0,ok
44647,skach,0.5006923403709582,0.5006923403709582,0.0,ok
44647,skewr,0.5210607736578015,0.5210607736578015,0.0,ok
44647,skrxp,0.531809583353372,0.531809583353372,0.0,ok
44647,spcop,0.50114171035124,0.50114171035124,0.0,ok
44647,stlmt,0.5089969180333125,0.5089969180333125,0.0,ok
44647,thrsk,0.5037918410041841,0.5037918410041841,0.0,ok
44647,wkcti,0.5480705646130909,0.5480705646130909,0.0,ok
44647,wkna8,0.5370572428221037,0.5370572428221037,0.0,ok
44647,wknck,0.6788457453630228,0.6788457453630228,0.0,ok
44647,wkovl,0.5095720314528928,0.5095720314528928,0.0,ok
44647,wkpos,0.5546397826191508,0.5546397826191508,0.0,ok
44647,wtoeg,0.495059936036166,0.495059936036166,0.0,ok
44658,account_length,0.5182677486206322,0.5182677486206322,0.0,ok
44658,area_code,0.5174322046629939,0.5174322046629939,0.0,ok
44658,international_plan,0.5884740209626865,0.5884740209626865,0.0,ok
44658,number_customer_service_calls,0.6163371481608773,0.6163371481608773,0.0,ok
44658,number_vmail_messages,0.5601910637956333,0.5601910637956333,0.0,ok
44658,phone_number,0.4626762925720965,0.4626762925720965,0.0,ok
44658,state,0.5080189582042802,0.5080189582042802,0.0,ok
44658,total_day_calls,0.519967648396517,0.519967648396517,0.0,ok
44658,total_day_charge,0.6423995340710542,0.6423995340710542,0.0,ok
44658,total_day_minutes,0.6423995340710542,0.6423995340710542,0.0,ok
44658,total_eve_calls,0.48463813332071093,0.48463813332071093,0.0,ok
44658,total_eve_charge,0.5723465819872363,0.5723465819872363,0.0,ok
44658,total_eve_minutes,0.572358929927497,0.572358929927497,0.0,ok
44658,total_intl_calls,0.5456359292133744,0.5456359292133744,0.0,ok
44658,total_intl_charge,0.5697411665922361,0.5697411665922361,0.0,ok
44658,total_intl_minutes,0.5697411665922361,0.5697411665922361,0.0,ok
44658,total_night_calls,0.5072276610325759,0.5072276610325759,0.0,ok
44658,total_night_charge,0.5345505658443624,0.5345505658443624,0.0,ok
44658,total_night_minutes,0.5345392468991235,0.5345392468991235,0.0,ok
44658,voice_mail_plan,0.5649367888358157,0.5649367888358157,0.0,ok
44659,account_length,0.4747916799578524,0.4747916799578524,0.0,ok
44659,area_code,0.5420766354332378,0.5420766354332378,0.0,ok
44659,international_plan,0.593296920629498,0.593296920629498,0.0,ok
44659,number_customer_service_calls,0.6105150943279736,0.6105150943279736,0.0,ok
44659,number_vmail_messages,0.5499669692598027,0.5499669692598027,0.0,ok
44659,phone_number,0.48161803293195665,0.48161803293195665,0.0,ok
44659,state,0.5082988448501886,0.5082988448501886,0.0,ok
44659,total_day_calls,0.5324627349452883,0.5324627349452883,0.0,ok
44659,total_day_charge,0.6481372103121765,0.6481372103121765,0.0,ok
44659,total_day_minutes,0.6481372103121765,0.6481372103121765,0.0,ok
44659,total_eve_calls,0.5242338617565768,0.5242338617565768,0.0,ok
44659,total_eve_charge,0.5661221911008395,0.5661221911008395,0.0,ok
44659,total_eve_minutes,0.566127336075948,0.566127336075948,0.0,ok
44659,total_intl_calls,0.541035292471255,0.541035292471255,0.0,ok
44659,total_intl_charge,0.5658289275196486,0.5658289275196486,0.0,ok
44659,total_intl_minutes,0.5658289275196486,0.5658289275196486,0.0,ok
44659,total_night_calls,0.5277427347806491,0.5277427347806491,0.0,ok
44659,total_night_charge,0.5157034930265008,0.5157034930265008,0.0,ok
44659,total_night_minutes,0.515772435692956,0.515772435692956,0.0,ok
44659,voice_mail_plan,0.5533616238364638,0.5533616238364638,0.0,ok
44660,account_length,0.47224491727909024,0.47224491727909024,0.0,ok
44660,area_code,0.5152301553165086,0.5152301553165086,0.0,ok
44660,international_plan,0.6084848871501161,0.6084848871501161,0.0,ok
44660,number_customer_service_calls,0.591005348716123,0.591005348716123,0.0,ok
44660,number_vmail_messages,0.5696022522643036,0.5696022522643036,0.0,ok
44660,phone_number,0.4499116093276341,0.4499116093276341,0.0,ok
44660,state,0.47991813315607174,0.47991813315607174,0.0,ok
44660,total_day_calls,0.5349076271169,0.5349076271169,0.0,ok
44660,total_day_charge,0.6457653767871071,0.6457653767871071,0.0,ok
44660,total_day_minutes,0.6457653767871071,0.6457653767871071,0.0,ok
44660,total_eve_calls,0.4821880961739907,0.4821880961739907,0.0,ok
44660,total_eve_charge,0.5724577134495823,0.5724577134495823,0.0,ok
44660,total_eve_minutes,0.5724340465640827,0.5724340465640827,0.0,ok
44660,total_intl_calls,0.5420972153336723,0.5420972153336723,0.0,ok
44660,total_intl_charge,0.53462671147597,0.53462671147597,0.0,ok
44660,total_intl_minutes,0.53462671147597,0.53462671147597,0.0,ok
44660,total_night_calls,0.5274710800949145,0.5274710800949145,0.0,ok
44660,total_night_charge,0.5412801932864248,0.5412801932864248,0.0,ok
44660,total_night_minutes,0.5412153666000564,0.5412153666000564,0.0,ok
44660,voice_mail_plan,0.5766591001232735,0.5766591001232735,0.0,ok
44661,account_length,0.519367744298853,0.519367744298853,0.0,ok
44661,area_code,0.5251815661715828,0.5251815661715828,0.0,ok
44661,international_plan,0.6155695178746725,0.6155695178746725,0.0,ok
44661,number_customer_service_calls,0.6280213866325314,0.6280213866325314,0.0,ok
44661,number_vmail_messages,0.5661859887921862,0.5661859887921862,0.0,ok
44661,phone_number,0.48266966584415666,0.48266966584415666,0.0,ok
44661,state,0.47154520066431926,0.47154520066431926,0.0,ok
44661,total_day_calls,0.4880224979471549,0.4880224979471549,0.0,ok
44661,total_day_charge,0.6308634708825278,0.6308634708825278,0.0,ok
44661,total_day_minutes,0.6308634708825278,0.6308634708825278,0.0,ok
44661,total_eve_calls,0.4510702577220931,0.4510702577220931,0.0,ok
44661,total_eve_charge,0.5421579260399537,0.5421579260399537,0.0,ok
44661,total_eve_minutes,0.5421579260399538,0.5421579260399538,0.0,ok
44661,total_intl_calls,0.5590015455505226,0.5590015455505226,0.0,ok
44661,total_intl_charge,0.5698986028305595,0.5698986028305595,0.0,ok
44661,total_intl_minutes,0.5698986028305595,0.5698986028305595,0.0,ok
44661,total_night_calls,0.47342620356402715,0.47342620356402715,0.0,ok
44661,total_night_charge,0.536274132505747,0.536274132505747,0.0,ok
44661,total_night_minutes,0.5362833934609423,0.5362833934609423,0.0,ok
44661,voice_mail_plan,0.5736379707394975,0.5736379707394975,0.0,ok
44662,account_length,0.47388101936362836,0.47388101936362836,0.0,ok
44662,area_code,0.49119591859414585,0.49119591859414585,0.0,ok
44662,international_plan,0.5994184120137227,0.5994184120137227,0.0,ok
44662,number_customer_service_calls,0.6141217218791096,0.6141217218791096,0.0,ok
44662,number_vmail_messages,0.5626184630518758,0.5626184630518758,0.0,ok
44662,phone_number,0.5247102864516342,0.5247102864516342,0.0,ok
44662,state,0.511381713935268,0.511381713935268,0.0,ok
44662,total_day_calls,0.5127173494734633,0.5127173494734633,0.0,ok
44662,total_day_charge,0.6277651668721227,0.6277651668721227,0.0,ok
44662,total_day_minutes,0.6277651668721227,0.6277651668721227,0.0,ok
44662,total_eve_calls,0.5249706221921299,0.5249706221921299,0.0,ok
44662,total_eve_charge,0.569363525419264,0.569363525419264,0.0,ok
44662,total_eve_minutes,0.5693326555686123,0.5693326555686123,0.0,ok
44662,total_intl_calls,0.5675689581013806,0.5675689581013806,0.0,ok
44662,total_intl_charge,0.5462111374305171,0.5462111374305171,0.0,ok
44662,total_intl_minutes,0.5462111374305171,0.5462111374305171,0.0,ok
44662,total_night_calls,0.5277828655864962,0.5277828655864962,0.0,ok
44662,total_night_charge,0.5254130900514703,0.5254130900514703,0.0,ok
44662,total_night_minutes,0.5253667852754929,0.5253667852754929,0.0,ok
44662,voice_mail_plan,0.5648369763187086,0.5648369763187086,0.0,ok
44673,Abnormal_URL,0.5114574003752771,0.5114574003752771,0.0,ok
44673,DNSRecord,0.5273843874999493,0.5273843874999493,0.0,ok
44673,Domain_registeration_length,0.622151987225989,0.622151987225989,0.0,ok
44673,Favicon,0.4973328375568893,0.4973328375568893,0.0,ok
44673,HTTPS_token,0.5054918723733642,0.5054918723733642,0.0,ok
44673,Iframe,0.49705067051399987,0.49705067051399987,0.0,ok
44673,Links_in_tags,0.6154823080757524,0.6154823080757524,0.0,ok
44673,Links_pointing_to_page,0.5174639616455454,0.5174639616455454,0.0,ok
44673,Page_Rank,0.5342465684029649,0.5342465684029649,0.0,ok
44673,Prefix_Suffix,0.6078045276412253,0.6078045276412253,0.0,ok
44673,Redirect,0.5087557902500901,0.5087557902500901,0.0,ok
44673,Request_URL,0.6441787469959595,0.6441787469959595,0.0,ok
44673,RightClick,0.4983652548520573,0.4983652548520573,0.0,ok
44673,SFH,0.5910740989904802,0.5910740989904802,0.0,ok
44673,SSLfinal_State,0.8996842971254423,0.8996842971254423,0.0,ok
44673,Shortining_Service,0.5162076344168819,0.5162076344168819,0.0,ok
44673,Statistical_report,0.5248393116947854,0.5248393116947854,0.0,ok
44673,Submitting_to_email,0.5058743429611228,0.5058743429611228,0.0,ok
44673,URL_Length,0.5234259435625388,0.5234259435625388,0.0,ok
44673,URL_of_Anchor,0.8706205851242752,0.8706205851242752,0.0,ok
44673,age_of_domain,0.5546786031262284,0.5546786031262284,0.0,ok
44673,double_slash_redirecting,0.511965503685902,0.511965503685902,0.0,ok
44673,having_At_Symbol,0.5341675413676135,0.5341675413676135,0.0,ok
44673,having_IP_Address,0.5615260931060057,0.5615260931060057,0.0,ok
44673,having_Sub_Domain,0.6432425805771811,0.6432425805771811,0.0,ok
44673,on_mouseover,0.5122664143205095,0.5122664143205095,0.0,ok
44673,popUpWidnow,0.5053439499738602,0.5053439499738602,0.0,ok
44673,port,0.49641541472982886,0.49641541472982886,0.0,ok
44673,web_traffic,0.6809187196809738,0.6809187196809738,0.0,ok
44674,Abnormal_URL,0.5303853885090638,0.5303853885090638,0.0,ok
44674,DNSRecord,0.5341214422636585,0.5341214422636585,0.0,ok
44674,Domain_registeration_length,0.6138004506567349,0.6138004506567349,0.0,ok
44674,Favicon,0.4920785528731394,0.4920785528731394,0.0,ok
44674,HTTPS_token,0.5206878594210358,0.5206878594210358,0.0,ok
44674,Iframe,0.4977801508403208,0.4977801508403208,0.0,ok
44674,Links_in_tags,0.659365615539552,0.659365615539552,0.0,ok
44674,Links_pointing_to_page,0.49086579183063084,0.49086579183063084,0.0,ok
44674,Page_Rank,0.548783996822708,0.548783996822708,0.0,ok
44674,Prefix_Suffix,0.6008957410506949,0.6008957410506949,0.0,ok
44674,Redirect,0.518924948632427,0.518924948632427,0.0,ok
44674,Request_URL,0.6156459345656147,0.6156459345656147,0.0,ok
44674,RightClick,0.5055014974610031,0.5055014974610031,0.0,ok
44674,SFH,0.5806399974062921,0.5806399974062921,0.0,ok
44674,SSLfinal_State,0.8688353846590288,0.8688353846590288,0.0,ok
44674,Shortining_Service,0.5226088242803474,0.5226088242803474,0.0,ok
44674,Statistical_report,0.5221827875064337,0.5221827875064337,0.0,ok
44674,Submitting_to_email,0.5069584317794051,0.5069584317794051,0.0,ok
44674,URL_Length,0.5144492828803126,0.5144492828803126,0.0,ok
44674,URL_of_Anchor,0.8584261056692779,0.8584261056692779,0.0,ok
44674,age_of_domain,0.5672018553116299,0.5672018553116299,0.0,ok
44674,double_slash_redirecting,0.513284140692439,0.513284140692439,0.0,ok
44674,having_At_Symbol,0.5254674753091173,0.5254674753091173,0.0,ok
44674,having_IP_Address,0.5562206434827012,0.5562206434827012,0.0,ok
44674,having_Sub_Domain,0.6674157348906388,0.6674157348906388,0.0,ok
44674,on_mouseover,0.5144801844774692,0.5144801844774692,0.0,ok
44674,popUpWidnow,0.4963328416095578,0.4963328416095578,0.0,ok
44674,port,0.5181063095995558,0.5181063095995558,0.0,ok
44674,web_traffic,0.6845448448030605,0.6845448448030605,0.0,ok
44675,Abnormal_URL,0.5157739988895689,0.5157739988895689,0.0,ok
44675,DNSRecord,0.535250617018776,0.535250617018776,0.0,ok
44675,Domain_registeration_length,0.611366316651199,0.611366316651199,0.0,ok
44675,Favicon,0.4854661176651766,0.4854661176651766,0.0,ok
44675,HTTPS_token,0.5121210248388052,0.5121210248388052,0.0,ok
44675,Iframe,0.49387895084518396,0.49387895084518396,0.0,ok
44675,Links_in_tags,0.6375627657030772,0.6375627657030772,0.0,ok
44675,Links_pointing_to_page,0.5229193600025938,0.5229193600025938,0.0,ok
44675,Page_Rank,0.5465119695563544,0.5465119695563544,0.0,ok
44675,Prefix_Suffix,0.6144488776134646,0.6144488776134646,0.0,ok
44675,Redirect,0.5056681634522251,0.5056681634522251,0.0,ok
44675,Request_URL,0.6242011177259668,0.6242011177259668,0.0,ok
44675,RightClick,0.4994701135962975,0.4994701135962975,0.0,ok
44675,SFH,0.5763350503138791,0.5763350503138791,0.0,ok
44675,SSLfinal_State,0.8644377327751458,0.8644377327751458,0.0,ok
44675,Shortining_Service,0.5169756150937586,0.5169756150937586,0.0,ok
44675,Statistical_report,0.5236989921013492,0.5236989921013492,0.0,ok
44675,Submitting_to_email,0.4787103193097495,0.4787103193097495,0.0,ok
44675,URL_Length,0.49841034078889246,0.49841034078889246,0.0,ok
44675,URL_of_Anchor,0.8797537801265243,0.8797537801265243,0.0,ok
44675,age_of_domain,0.5629354085697728,0.5629354085697728,0.0,ok
44675,double_slash_redirecting,0.5150333737249292,0.5150333737249292,0.0,ok
44675,having_At_Symbol,0.5340236716365891,0.5340236716365891,0.0,ok
44675,having_IP_Address,0.552803230787312,0.552803230787312,0.0,ok
44675,having_Sub_Domain,0.6618129207176465,0.6618129207176465,0.0,ok
44675,on_mouseover,0.5160272906695413,0.5160272906695413,0.0,ok
44675,popUpWidnow,0.48452589857791867,0.48452589857791867,0.0,ok
44675,port,0.5134776556123379,0.5134776556123379,0.0,ok
44675,web_traffic,0.6803478000089159,0.6803478000089159,0.0,ok
44676,Abnormal_URL,0.5314193255549117,0.5314193255549117,0.0,ok
44676,DNSRecord,0.5325692702359869,0.5325692702359869,0.0,ok
44676,Domain_registeration_length,0.6026459872503049,0.6026459872503049,0.0,ok
44676,Favicon,0.5078206369984316,0.5078206369984316,0.0,ok
44676,HTTPS_token,0.5223013280594608,0.5223013280594608,0.0,ok
44676,Iframe,0.5086154666039854,0.5086154666039854,0.0,ok
44676,Links_in_tags,0.6300440525063727,0.6300440525063727,0.0,ok
44676,Links_pointing_to_page,0.5073125336878067,0.5073125336878067,0.0,ok
44676,Page_Rank,0.5439734793374698,0.5439734793374698,0.0,ok
44676,Prefix_Suffix,0.6101393712690121,0.6101393712690121,0.0,ok
44676,Redirect,0.5165389400650859,0.5165389400650859,0.0,ok
44676,Request_URL,0.6224549241948362,0.6224549241948362,0.0,ok
44676,RightClick,0.5051200400403646,0.5051200400403646,0.0,ok
44676,SFH,0.5931541310876146,0.5931541310876146,0.0,ok
44676,SSLfinal_State,0.8845105997544083,0.8845105997544083,0.0,ok
44676,Shortining_Service,0.5220875497971639,0.5220875497971639,0.0,ok
44676,Statistical_report,0.5384420934464298,0.5384420934464298,0.0,ok
44676,Submitting_to_email,0.5059310803198366,0.5059310803198366,0.0,ok
44676,URL_Length,0.5194619272059688,0.5194619272059688,0.0,ok
44676,URL_of_Anchor,0.8757816584329952,0.8757816584329952,0.0,ok
44676,age_of_domain,0.5512946249457955,0.5512946249457955,0.0,ok
44676,double_slash_redirecting,0.5158591049276395,0.5158591049276395,0.0,ok
44676,having_At_Symbol,0.5068069632949816,0.5068069632949816,0.0,ok
44676,having_IP_Address,0.5550555012948276,0.5550555012948276,0.0,ok
44676,having_Sub_Domain,0.6682987100356229,0.6682987100356229,0.0,ok
44676,on_mouseover,0.5126428059055484,0.5126428059055484,0.0,ok
44676,popUpWidnow,0.5064265190414629,0.5064265190414629,0.0,ok
44676,port,0.5158287099140428,0.5158287099140428,0.0,ok
44676,web_traffic,0.6910934504824702,0.6910934504824702,0.0,ok
44677,Abnormal_URL,0.5229978804543851,0.5229978804543851,0.0,ok
44677,DNSRecord,0.5263686874622595,0.5263686874622595,0.0,ok
44677,Domain_registeration_length,0.5967949471329397,0.5967949471329397,0.0,ok
44677,Favicon,0.5072107103922578,0.5072107103922578,0.0,ok
44677,HTTPS_token,0.507918914209061,0.507918914209061,0.0,ok
44677,Iframe,0.49468391212193674,0.49468391212193674,0.0,ok
44677,Links_in_tags,0.6238738647462422,0.6238738647462422,0.0,ok
44677,Links_pointing_to_page,0.5370469623223411,0.5370469623223411,0.0,ok
44677,Page_Rank,0.5394431025608812,0.5394431025608812,0.0,ok
44677,Prefix_Suffix,0.6171337704811733,0.6171337704811733,0.0,ok
44677,Redirect,0.5177481550226747,0.5177481550226747,0.0,ok
44677,Request_URL,0.624180347800009,0.624180347800009,0.0,ok
44677,RightClick,0.49428269794246016,0.49428269794246016,0.0,ok
44677,SFH,0.59098392711681,0.59098392711681,0.0,ok
44677,SSLfinal_State,0.8783231881532395,0.8783231881532395,0.0,ok
44677,Shortining_Service,0.5169168514008049,0.5169168514008049,0.0,ok
44677,Statistical_report,0.5424542352411946,0.5424542352411946,0.0,ok
44677,Submitting_to_email,0.5102694619272059,0.5102694619272059,0.0,ok
44677,URL_Length,0.5267850991485343,0.5267850991485343,0.0,ok
44677,URL_of_Anchor,0.8778682761164088,0.8778682761164088,0.0,ok
44677,age_of_domain,0.5790077851761493,0.5790077851761493,0.0,ok
44677,double_slash_redirecting,0.5045248043574291,0.5045248043574291,0.0,ok
44677,having_At_Symbol,0.5100161701472334,0.5100161701472334,0.0,ok
44677,having_IP_Address,0.5514253235042614,0.5514253235042614,0.0,ok
44677,having_Sub_Domain,0.6634299354409912,0.6634299354409912,0.0,ok
44677,on_mouseover,0.5209112627709716,0.5209112627709716,0.0,ok
44677,popUpWidnow,0.5131853568982497,0.5131853568982497,0.0,ok
44677,port,0.5209056903518121,0.5209056903518121,0.0,ok
44677,web_traffic,0.695197790485145,0.695197790485145,0.0,ok
44678,V1,0.5344285,0.5344285,0.0,ok
44678,V10,0.5687,0.5687,0.0,ok
44678,V11,0.4927769999999999,0.4927769999999999,0.0,ok
44678,V12,0.4562045,0.4562045,0.0,ok
44678,V13,0.536715,0.536715,0.0,ok
44678,V14,0.4751485,0.4751485,0.0,ok
44678,V15,0.5448465,0.5448465,0.0,ok
44678,V16,0.5746490000000001,0.5746490000000001,0.0,ok
44678,V17,0.5216175000000001,0.5216175000000001,0.0,ok
44678,V18,0.517779,0.517779,0.0,ok
44678,V19,0.515857,0.515857,0.0,ok
44678,V2,0.492485,0.492485,0.0,ok
44678,V20,0.529697,0.529697,0.0,ok
44678,V3,0.487832,0.487832,0.0,ok
44678,V4,0.483703,0.483703,0.0,ok
44678,V5,0.5218015,0.5218015,0.0,ok
44678,V6,0.4862195,0.4862195,0.0,ok
44678,V7,0.959214,0.959214,0.0,ok
44678,V8,0.4852685,0.4852685,0.0,ok
44678,V9,0.6030305,0.6030305,0.0,ok
44679,V1,0.525138,0.525138,0.0,ok
44679,V10,0.557141,0.557141,0.0,ok
44679,V11,0.51442,0.51442,0.0,ok
44679,V12,0.5177045,0.5177045,0.0,ok
44679,V13,0.5386044999999999,0.5386044999999999,0.0,ok
44679,V14,0.46223050000000004,0.46223050000000004,0.0,ok
44679,V15,0.5486534999999999,0.5486534999999999,0.0,ok
44679,V16,0.5592385,0.5592385,0.0,ok
44679,V17,0.5161204999999999,0.5161204999999999,0.0,ok
44679,V18,0.4749665,0.4749665,0.0,ok
44679,V19,0.5265195,0.5265195,0.0,ok
44679,V2,0.482964,0.482964,0.0,ok
44679,V20,0.530046,0.530046,0.0,ok
44679,V3,0.5117875000000001,0.5117875000000001,0.0,ok
44679,V4,0.47237349999999995,0.47237349999999995,0.0,ok
44679,V5,0.5087780000000001,0.5087780000000001,0.0,ok
44679,V6,0.476462,0.476462,0.0,ok
44679,V7,0.9639614999999999,0.9639614999999999,0.0,ok
44679,V8,0.484949,0.484949,0.0,ok
44679,V9,0.625065,0.625065,0.0,ok
44680,V1,0.48803399999999997,0.48803399999999997,0.0,ok
44680,V10,0.5693614999999999,0.5693614999999999,0.0,ok
44680,V11,0.5131180000000001,0.5131180000000001,0.0,ok
44680,V12,0.5097869999999999,0.5097869999999999,0.0,ok
44680,V13,0.5538465,0.5538465,0.0,ok
44680,V14,0.4771765,0.4771765,0.0,ok
44680,V15,0.5581385000000001,0.5581385000000001,0.0,ok
44680,V16,0.562884,0.562884,0.0,ok
44680,V17,0.5104204999999999,0.5104204999999999,0.0,ok
44680,V18,0.47422450000000005,0.47422450000000005,0.0,ok
44680,V19,0.5197185,0.5197185,0.0,ok
44680,V2,0.482653,0.482653,0.0,ok
44680,V20,0.535577,0.535577,0.0,ok
44680,V3,0.486233,0.486233,0.0,ok
44680,V4,0.4777330000000001,0.4777330000000001,0.0,ok
44680,V5,0.5094890000000001,0.5094890000000001,0.0,ok
44680,V6,0.474615,0.474615,0.0,ok
44680,V7,0.9644505,0.9644505,0.0,ok
44680,V8,0.5191414999999999,0.5191414999999999,0.0,ok
44680,V9,0.5950504999999999,0.5950504999999999,0.0,ok
44681,V1,0.5171165,0.5171165,0.0,ok
44681,V10,0.569942,0.569942,0.0,ok
44681,V11,0.4883185,0.4883185,0.0,ok
44681,V12,0.5265704999999998,0.5265704999999998,0.0,ok
44681,V13,0.5652214999999999,0.5652214999999999,0.0,ok
44681,V14,0.49148800000000004,0.49148800000000004,0.0,ok
44681,V15,0.550557,0.550557,0.0,ok
44681,V16,0.579253,0.579253,0.0,ok
44681,V17,0.519923,0.519923,0.0,ok
44681,V18,0.5130455,0.5130455,0.0,ok
44681,V19,0.5157585,0.5157585,0.0,ok
44681,V2,0.5080775,0.5080775,0.0,ok
44681,V20,0.548249,0.548249,0.0,ok
44681,V3,0.5095105000000001,0.5095105000000001,0.0,ok
44681,V4,0.5139644999999999,0.5139644999999999,0.0,ok
44681,V5,0.507575,0.507575,0.0,ok
44681,V6,0.48583999999999994,0.48583999999999994,0.0,ok
44681,V7,0.9628305,0.9628305,0.0,ok
44681,V8,0.5082745,0.5082745,0.0,ok
44681,V9,0.6101745,0.6101745,0.0,ok
44682,V1,0.5292395,0.5292395,0.0,ok
44682,V10,0.5625754999999999,0.5625754999999999,0.0,ok
44682,V11,0.519647,0.519647,0.0,ok
44682,V12,0.49101399999999995,0.49101399999999995,0.0,ok
44682,V13,0.5511455000000001,0.5511455000000001,0.0,ok
44682,V14,0.512,0.512,0.0,ok
44682,V15,0.5434805,0.5434805,0.0,ok
44682,V16,0.571306,0.571306,0.0,ok
44682,V17,0.5233865,0.5233865,0.0,ok
44682,V18,0.47353850000000003,0.47353850000000003,0.0,ok
44682,V19,0.5115025,0.5115025,0.0,ok
44682,V2,0.5148874999999999,0.5148874999999999,0.0,ok
44682,V20,0.5393205,0.5393205,0.0,ok
44682,V3,0.4832385,0.4832385,0.0,ok
44682,V4,0.47829999999999995,0.47829999999999995,0.0,ok
44682,V5,0.518481,0.518481,0.0,ok
44682,V6,0.48465300000000006,0.48465300000000006,0.0,ok
44682,V7,0.963387,0.963387,0.0,ok
44682,V8,0.4806255,0.4806255,0.0,ok
44682,V9,0.6074775,0.6074775,0.0,ok
44708,RESOURCE,0.5509577018815434,0.5509577018815434,0.0,ok
44708,ROLE_CODE,0.5153630390218903,0.5153630390218903,0.0,ok
44708,ROLE_DEPTNAME,0.5742138882787904,0.5742138882787904,0.0,ok
44708,ROLE_FAMILY,0.5583223515630721,0.5583223515630721,0.0,ok
44708,ROLE_FAMILY_DESC,0.5195910205725163,0.5195910205725163,0.0,ok
44708,ROLE_ROLLUP_1,0.5842164506918516,0.5842164506918516,0.0,ok
44708,ROLE_ROLLUP_2,0.46374871879346946,0.46374871879346946,0.0,ok
44708,ROLE_TITLE,0.5161889596602973,0.5161889596602973,0.0,ok
44709,RESOURCE,0.5242651365400102,0.5242651365400102,0.0,ok
44709,ROLE_CODE,0.5382989237865143,0.5382989237865143,0.0,ok
44709,ROLE_DEPTNAME,0.5633304963760158,0.5633304963760158,0.0,ok
44709,ROLE_FAMILY,0.5463362068965517,0.5463362068965517,0.0,ok
44709,ROLE_FAMILY_DESC,0.4834998901822974,0.4834998901822974,0.0,ok
44709,ROLE_ROLLUP_1,0.47101956585401566,0.47101956585401566,0.0,ok
44709,ROLE_ROLLUP_2,0.4685761219708616,0.4685761219708616,0.0,ok
44709,ROLE_TITLE,0.5067972582180247,0.5067972582180247,0.0,ok
44710,RESOURCE,0.5451831210191083,0.5451831210191083,0.0,ok
44710,ROLE_CODE,0.5640992202943115,0.5640992202943115,0.0,ok
44710,ROLE_DEPTNAME,0.5764422724943261,0.5764422724943261,0.0,ok
44710,ROLE_FAMILY,0.5474252324474705,0.5474252324474705,0.0,ok
44710,ROLE_FAMILY_DESC,0.49105672084339996,0.49105672084339996,0.0,ok
44710,ROLE_ROLLUP_1,0.567945127754594,0.567945127754594,0.0,ok
44710,ROLE_ROLLUP_2,0.471051596017278,0.471051596017278,0.0,ok
44710,ROLE_TITLE,0.5445150633282085,0.5445150633282085,0.0,ok
44711,RESOURCE,0.5620401383703053,0.5620401383703053,0.0,ok
44711,ROLE_CODE,0.4868378907679918,0.4868378907679918,0.0,ok
44711,ROLE_DEPTNAME,0.5504932645142397,0.5504932645142397,0.0,ok
44711,ROLE_FAMILY,0.6427149681528662,0.6427149681528662,0.0,ok
44711,ROLE_FAMILY_DESC,0.5100734863459989,0.5100734863459989,0.0,ok
44711,ROLE_ROLLUP_1,0.6050635112380116,0.6050635112380116,0.0,ok
44711,ROLE_ROLLUP_2,0.48027170729921664,0.48027170729921664,0.0,ok
44711,ROLE_TITLE,0.4737650084193572,0.4737650084193572,0.0,ok
44712,RESOURCE,0.5358074346584669,0.5358074346584669,0.0,ok
44712,ROLE_CODE,0.5188886448495498,0.5188886448495498,0.0,ok
44712,ROLE_DEPTNAME,0.5886434768284646,0.5886434768284646,0.0,ok
44712,ROLE_FAMILY,0.5403557178417161,0.5403557178417161,0.0,ok
44712,ROLE_FAMILY_DESC,0.514910040998609,0.514910040998609,0.0,ok
44712,ROLE_ROLLUP_1,0.5654238963320888,0.5654238963320888,0.0,ok
44712,ROLE_ROLLUP_2,0.4699785855479903,0.4699785855479903,0.0,ok
44712,ROLE_TITLE,0.5094923676696682,0.5094923676696682,0.0,ok
44723,age,0.6732735440781049,0.6732735440781049,0.0,ok
44723,capital-gain,0.588686022683132,0.588686022683132,0.0,ok
44723,capital-loss,0.5265290800058746,0.5265290800058746,0.0,ok
44723,education,0.5245244379659025,0.5245244379659025,0.0,ok
44723,education-num,0.6851387464844988,0.6851387464844988,0.0,ok
44723,fnlwgt,0.5134965047442966,0.5134965047442966,0.0,ok
44723,hours-per-week,0.676291830860644,0.676291830860644,0.0,ok
44723,marital-status,0.6387094250431331,0.6387094250431331,0.0,ok
44723,native-country,0.5100966428250835,0.5100966428250835,0.0,ok
44723,occupation,0.5248998365266231,0.5248998365266231,0.0,ok
44723,race,0.5201898542190817,0.5201898542190817,0.0,ok
44723,relationship,0.7203466019910535,0.7203466019910535,0.0,ok
44723,sex,0.6134877202807186,0.6134877202807186,0.0,ok
44723,workclass,0.5109668537482894,0.5109668537482894,0.0,ok
44724,age,0.6719929339971094,0.6719929339971094,0.0,ok
44724,capital-gain,0.5794376296223092,0.5794376296223092,0.0,ok
44724,capital-loss,0.5350404016695971,0.5350404016695971,0.0,ok
44724,education,0.517354119570275,0.517354119570275,0.0,ok
44724,education-num,0.7365786435964691,0.7365786435964691,0.0,ok
44724,fnlwgt,0.5126379606867804,0.5126379606867804,0.0,ok
44724,hours-per-week,0.6686301315336164,0.6686301315336164,0.0,ok
44724,marital-status,0.6490792097825983,0.6490792097825983,0.0,ok
44724,native-country,0.5165841064347569,0.5165841064347569,0.0,ok
44724,occupation,0.5388136032908797,0.5388136032908797,0.0,ok
44724,race,0.5359119851652371,0.5359119851652371,0.0,ok
44724,relationship,0.7234808711442724,0.7234808711442724,0.0,ok
44724,sex,0.6352985825444473,0.6352985825444473,0.0,ok
44724,workclass,0.5166012635901829,0.5166012635901829,0.0,ok
44725,age,0.6870884856271077,0.6870884856271077,0.0,ok
44725,capital-gain,0.5817806107672817,0.5817806107672817,0.0,ok
44725,capital-loss,0.5363114037435541,0.5363114037435541,0.0,ok
44725,education,0.5370024939641126,0.5370024939641126,0.0,ok
44725,education-num,0.7139675716036724,0.7139675716036724,0.0,ok
44725,fnlwgt,0.4813810549317214,0.4813810549317214,0.0,ok
44725,hours-per-week,0.6814527032127804,0.6814527032127804,0.0,ok
44725,marital-status,0.6549064660514796,0.6549064660514796,0.0,ok
44725,native-country,0.5271666399015041,0.5271666399015041,0.0,ok
44725,occupation,0.49349057523138135,0.49349057523138135,0.0,ok
44725,race,0.5431921093555909,0.5431921093555909,0.0,ok
44725,relationship,0.7307870742108739,0.7307870742108739,0.0,ok
44725,sex,0.6182560369167082,0.6182560369167082,0.0,ok
44725,workclass,0.5314923019275035,0.5314923019275035,0.0,ok
44726,age,0.6764833047151981,0.6764833047151981,0.0,ok
44726,capital-gain,0.5696141287116074,0.5696141287116074,0.0,ok
44726,capital-loss,0.5300229631368222,0.5300229631368222,0.0,ok
44726,education,0.5100993879699516,0.5100993879699516,0.0,ok
44726,education-num,0.7234925380099622,0.7234925380099622,0.0,ok
44726,fnlwgt,0.5133194429003005,0.5133194429003005,0.0,ok
44726,hours-per-week,0.6760852587093151,0.6760852587093151,0.0,ok
44726,marital-status,0.6526183878038704,0.6526183878038704,0.0,ok
44726,native-country,0.5131986565261015,0.5131986565261015,0.0,ok
44726,occupation,0.47753785211630073,0.47753785211630073,0.0,ok
44726,race,0.5226694063212453,0.5226694063212453,0.0,ok
44726,relationship,0.7079248214626407,0.7079248214626407,0.0,ok
44726,sex,0.6144759724332552,0.6144759724332552,0.0,ok
44726,workclass,0.4716364769359791,0.4716364769359791,0.0,ok
44727,age,0.6970883620955887,0.6970883620955887,0.0,ok
44727,capital-gain,0.5922382401425279,0.5922382401425279,0.0,ok
44727,capital-loss,0.5307428773784963,0.5307428773784963,0.0,ok
44727,education,0.5262827032539575,0.5262827032539575,0.0,ok
44727,education-num,0.7255870835443663,0.7255870835443663,0.0,ok
44727,fnlwgt,0.5246424791952333,0.5246424791952333,0.0,ok
44727,hours-per-week,0.6801686617006996,0.6801686617006996,0.0,ok
44727,marital-status,0.6497936337345362,0.6497936337345362,0.0,ok
44727,native-country,0.5088112287405685,0.5088112287405685,0.0,ok
44727,occupation,0.5468733486237902,0.5468733486237902,0.0,ok
44727,race,0.5326946753797565,0.5326946753797565,0.0,ok
44727,relationship,0.7144596388212897,0.7144596388212897,0.0,ok
44727,sex,0.6227114070377279,0.6227114070377279,0.0,ok
44727,workclass,0.4771274529585112,0.4771274529585112,0.0,ok
44758,Auction,0.5234458288140464,0.5234458288140464,0.0,ok
44758,BYRNO,0.5798349417359625,0.5798349417359625,0.0,ok
44758,Color,0.4664077926412103,0.4664077926412103,0.0,ok
44758,IsOnlineSale,0.49405076433888623,0.49405076433888623,0.0,ok
44758,MMRAcquisitionAuctionAveragePrice,0.5820123110011032,0.5820123110011032,0.0,ok
44758,MMRAcquisitionAuctionCleanPrice,0.5707175700605354,0.5707175700605354,0.0,ok
44758,MMRAcquisitionRetailAveragePrice,0.5638575242650945,0.5638575242650945,0.0,ok
44758,MMRAcquisitonRetailCleanPrice,0.5550368032186593,0.5550368032186593,0.0,ok
44758,MMRCurrentAuctionAveragePrice,0.5767212689230655,0.5767212689230655,0.0,ok
44758,MMRCurrentAuctionCleanPrice,0.5681751814667519,0.5681751814667519,0.0,ok
44758,MMRCurrentRetailAveragePrice,0.576360884760501,0.576360884760501,0.0,ok
44758,MMRCurrentRetailCleanPrice,0.5663697842793707,0.5663697842793707,0.0,ok
44758,Make,0.5185719516830288,0.5185719516830288,0.0,ok
44758,Model,0.4956325147630039,0.4956325147630039,0.0,ok
44758,Nationality,0.48501450806982416,0.48501450806982416,0.0,ok
44758,PurchDate,0.4723767277581556,0.4723767277581556,0.0,ok
44758,Size,0.5223403417044433,0.5223403417044433,0.0,ok
44758,SubModel,0.47470937508690936,0.47470937508690936,0.0,ok
44758,TopThreeAmericanName,0.4612720286267858,0.4612720286267858,0.0,ok
44758,Transmission,0.5071903013784984,0.5071903013784984,0.0,ok
44758,Trim,0.44809193388399104,0.44809193388399104,0.0,ok
44758,VNST,0.5224550620648739,0.5224550620648739,0.0,ok
44758,VNZIP1,0.48899727452234615,0.48899727452234615,0.0,ok
44758,VehBCost,0.5544377080030778,0.5544377080030778,0.0,ok
44758,VehOdo,0.5996189893483883,0.5996189893483883,0.0,ok
44758,VehYear,0.6561216638392154,0.6561216638392154,0.0,ok
44758,VehicleAge,0.670022526907139,0.670022526907139,0.0,ok
44758,WarrantyCost,0.5606024788868186,0.5606024788868186,0.0,ok
44758,WheelType,0.6090040418648199,0.6090040418648199,0.0,ok
44759,Auction,0.515801281159904,0.515801281159904,0.0,ok
44759,BYRNO,0.5417292414087198,0.5417292414087198,0.0,ok
44759,Color,0.48434240898851405,0.48434240898851405,0.0,ok
44759,IsOnlineSale,0.5095113607920572,0.5095113607920572,0.0,ok
44759,MMRAcquisitionAuctionAveragePrice,0.5825314496018392,0.5825314496018392,0.0,ok
44759,MMRAcquisitionAuctionCleanPrice,0.5781651231563627,0.5781651231563627,0.0,ok
44759,MMRAcquisitionRetailAveragePrice,0.5581076007453347,0.5581076007453347,0.0,ok
44759,MMRAcquisitonRetailCleanPrice,0.5548676196568123,0.5548676196568123,0.0,ok
44759,MMRCurrentAuctionAveragePrice,0.5757953944989849,0.5757953944989849,0.0,ok
44759,MMRCurrentAuctionCleanPrice,0.5711799278768159,0.5711799278768159,0.0,ok
44759,MMRCurrentRetailAveragePrice,0.563905034717394,0.563905034717394,0.0,ok
44759,MMRCurrentRetailCleanPrice,0.5607264695794051,0.5607264695794051,0.0,ok
44759,Make,0.5419911282921267,0.5419911282921267,0.0,ok
44759,Model,0.4925431765720166,0.4925431765720166,0.0,ok
44759,Nationality,0.5168152237394665,0.5168152237394665,0.0,ok
44759,PurchDate,0.536102149790027,0.536102149790027,0.0,ok
44759,Size,0.5201652900223416,0.5201652900223416,0.0,ok
44759,SubModel,0.5180829416617998,0.5180829416617998,0.0,ok
44759,TopThreeAmericanName,0.48733788506642195,0.48733788506642195,0.0,ok
44759,Transmission,0.49563946751212096,0.49563946751212096,0.0,ok
44759,Trim,0.48955233566018674,0.48955233566018674,0.0,ok
44759,VNST,0.5570403537558751,0.5570403537558751,0.0,ok
44759,VNZIP1,0.535483355118614,0.535483355118614,0.0,ok
44759,VehBCost,0.5807897859480305,0.5807897859480305,0.0,ok
44759,VehOdo,0.5456123517905647,0.5456123517905647,0.0,ok
44759,VehYear,0.5908423023796943,0.5908423023796943,0.0,ok
44759,VehicleAge,0.6021555839845741,0.6021555839845741,0.0,ok
44759,WarrantyCost,0.46894091090283774,0.46894091090283774,0.0,ok
44759,WheelType,0.5849510062945555,0.5849510062945555,0.0,ok
44760,Auction,0.5108219540006118,0.5108219540006118,0.0,ok
44760,BYRNO,0.5818025697360736,0.5818025697360736,0.0,ok
44760,Color,0.5161477598242346,0.5161477598242346,0.0,ok
44760,IsOnlineSale,0.5062145989190793,0.5062145989190793,0.0,ok
44760,MMRAcquisitionAuctionAveragePrice,0.6168710774907065,0.6168710774907065,0.0,ok
44760,MMRAcquisitionAuctionCleanPrice,0.6096193601616746,0.6096193601616746,0.0,ok
44760,MMRAcquisitionRetailAveragePrice,0.5939478636519547,0.5939478636519547,0.0,ok
44760,MMRAcquisitonRetailCleanPrice,0.5895687904997636,0.5895687904997636,0.0,ok
44760,MMRCurrentAuctionAveragePrice,0.6201110585792289,0.6201110585792289,0.0,ok
44760,MMRCurrentAuctionCleanPrice,0.6143356416460402,0.6143356416460402,0.0,ok
44760,MMRCurrentRetailAveragePrice,0.6183473778865497,0.6183473778865497,0.0,ok
44760,MMRCurrentRetailCleanPrice,0.6116831678579044,0.6116831678579044,0.0,ok
44760,Make,0.5635064104346859,0.5635064104346859,0.0,ok
44760,Model,0.4670880032631569,0.4670880032631569,0.0,ok
44760,Nationality,0.5212290606372426,0.5212290606372426,0.0,ok
44760,PurchDate,0.4891629817096347,0.4891629817096347,0.0,ok
44760,Size,0.5171477969055631,0.5171477969055631,0.0,ok
44760,SubModel,0.5610231202083971,0.5610231202083971,0.0,ok
44760,TopThreeAmericanName,0.5349062769419028,0.5349062769419028,0.0,ok
44760,Transmission,0.4964123814556276,0.4964123814556276,0.0,ok
44760,Trim,0.5058843433360217,0.5058843433360217,0.0,ok
44760,VNST,0.5405530680164271,0.5405530680164271,0.0,ok
44760,VNZIP1,0.5321344476272585,0.5321344476272585,0.0,ok
44760,VehBCost,0.5926245237366854,0.5926245237366854,0.0,ok
44760,VehOdo,0.5898306773831705,0.5898306773831705,0.0,ok
44760,VehYear,0.6726413957412094,0.6726413957412094,0.0,ok
44760,VehicleAge,0.677466603628408,0.677466603628408,0.0,ok
44760,WarrantyCost,0.5654856263499921,0.5654856263499921,0.0,ok
44760,WheelType,0.5948273864152552,0.5948273864152552,0.0,ok
44761,Auction,0.5153875925874424,0.5153875925874424,0.0,ok
44761,BYRNO,0.5390593857477913,0.5390593857477913,0.0,ok
44761,Color,0.48181276710144527,0.48181276710144527,0.0,ok
44761,IsOnlineSale,0.49577041095382457,0.49577041095382457,0.0,ok
44761,MMRAcquisitionAuctionAveragePrice,0.580670430421522,0.580670430421522,0.0,ok
44761,MMRAcquisitionAuctionCleanPrice,0.580663477672405,0.580663477672405,0.0,ok
44761,MMRAcquisitionRetailAveragePrice,0.5574714242011292,0.5574714242011292,0.0,ok
44761,MMRAcquisitonRetailCleanPrice,0.5568514707381965,0.5568514707381965,0.0,ok
44761,MMRCurrentAuctionAveragePrice,0.5888688804219855,0.5888688804219855,0.0,ok
44761,MMRCurrentAuctionCleanPrice,0.5897959136375857,0.5897959136375857,0.0,ok
44761,MMRCurrentRetailAveragePrice,0.5742484078204522,0.5742484078204522,0.0,ok
44761,MMRCurrentRetailCleanPrice,0.5750398624282708,0.5750398624282708,0.0,ok
44761,Make,0.5530738103846262,0.5530738103846262,0.0,ok
44761,Model,0.4949812739290449,0.4949812739290449,0.0,ok
44761,Nationality,0.5277623272241844,0.5277623272241844,0.0,ok
44761,PurchDate,0.5300694811395092,0.5300694811395092,0.0,ok
44761,Size,0.4442250465834191,0.4442250465834191,0.0,ok
44761,SubModel,0.4948005024520029,0.4948005024520029,0.0,ok
44761,TopThreeAmericanName,0.5116736657674444,0.5116736657674444,0.0,ok
44761,Transmission,0.49672409637437304,0.49672409637437304,0.0,ok
44761,Trim,0.48259611016862747,0.48259611016862747,0.0,ok
44761,VNST,0.4703349371007963,0.4703349371007963,0.0,ok
44761,VNZIP1,0.524965004496111,0.524965004496111,0.0,ok
44761,VehBCost,0.584803839771579,0.584803839771579,0.0,ok
44761,VehOdo,0.5552291626108963,0.5552291626108963,0.0,ok
44761,VehYear,0.6020107350446368,0.6020107350446368,0.0,ok
44761,VehicleAge,0.6137597222608486,0.6137597222608486,0.0,ok
44761,WarrantyCost,0.5172625172659937,0.5172625172659937,0.0,ok
44761,WheelType,0.5608226492755236,0.5608226492755236,0.0,ok
44762,Auction,0.467736926514077,0.467736926514077,0.0,ok
44762,BYRNO,0.5172648348490326,0.5172648348490326,0.0,ok
44762,Color,0.4820781303594108,0.4820781303594108,0.0,ok
44762,IsOnlineSale,0.49526517785132246,0.49526517785132246,0.0,ok
44762,MMRAcquisitionAuctionAveragePrice,0.6507680470191247,0.6507680470191247,0.0,ok
44762,MMRAcquisitionAuctionCleanPrice,0.648338061202733,0.648338061202733,0.0,ok
44762,MMRAcquisitionRetailAveragePrice,0.6090631402323146,0.6090631402323146,0.0,ok
44762,MMRAcquisitonRetailCleanPrice,0.6120029943172864,0.6120029943172864,0.0,ok
44762,MMRCurrentAuctionAveragePrice,0.6493149224536716,0.6493149224536716,0.0,ok
44762,MMRCurrentAuctionCleanPrice,0.6475280659306023,0.6475280659306023,0.0,ok
44762,MMRCurrentRetailAveragePrice,0.6344232926365752,0.6344232926365752,0.0,ok
44762,MMRCurrentRetailCleanPrice,0.6315483308766953,0.6315483308766953,0.0,ok
44762,Make,0.5181466751953723,0.5181466751953723,0.0,ok
44762,Model,0.5363953240444606,0.5363953240444606,0.0,ok
44762,Nationality,0.5217644223192517,0.5217644223192517,0.0,ok
44762,PurchDate,0.5337741376273512,0.5337741376273512,0.0,ok
44762,Size,0.48451970409099754,0.48451970409099754,0.0,ok
44762,SubModel,0.5206195362979856,0.5206195362979856,0.0,ok
44762,TopThreeAmericanName,0.48393451437365,0.48393451437365,0.0,ok
44762,Transmission,0.50813703404993,0.50813703404993,0.0,ok
44762,Trim,0.5006825282049856,0.5006825282049856,0.0,ok
44762,VNST,0.4655850506623653,0.4655850506623653,0.0,ok
44762,VNZIP1,0.4956661197170694,0.4956661197170694,0.0,ok
44762,VehBCost,0.6255596963039186,0.6255596963039186,0.0,ok
44762,VehOdo,0.5591180669503388,0.5591180669503388,0.0,ok
44762,VehYear,0.6416078000574761,0.6416078000574761,0.0,ok
44762,VehicleAge,0.6554066894716838,0.6554066894716838,0.0,ok
44762,WarrantyCost,0.5329224258605185,0.5329224258605185,0.0,ok
44762,WheelType,0.5815916696795246,0.5815916696795246,0.0,ok
44773,Address,0.46060437848839797,0.46060437848839797,0.0,ok
44773,DayOfWeek,0.5388252984534525,0.5388252984534525,0.0,ok
44773,Hour,0.5171214026902384,0.5171214026902384,0.0,ok
44773,Month,0.5190092071455507,0.5190092071455507,0.0,ok
44773,PdDistrict,0.5118959786954475,0.5118959786954475,0.0,ok
44773,X,0.5108337959156906,0.5108337959156906,0.0,ok
44773,Y,0.546411649111959,0.546411649111959,0.0,ok
44773,Year,0.5202786736651279,0.5202786736651279,0.0,ok
44774,Address,0.4891017938826704,0.4891017938826704,0.0,ok
44774,DayOfWeek,0.48675726254300844,0.48675726254300844,0.0,ok
44774,Hour,0.4830694857255282,0.4830694857255282,0.0,ok
44774,Month,0.5138224292717432,0.5138224292717432,0.0,ok
44774,PdDistrict,0.46242308836377005,0.46242308836377005,0.0,ok
44774,X,0.5299952453560245,0.5299952453560245,0.0,ok
44774,Y,0.5436232729282751,0.5436232729282751,0.0,ok
44774,Year,0.47546791083754336,0.47546791083754336,0.0,ok
44775,Address,0.48931376200079163,0.48931376200079163,0.0,ok
44775,DayOfWeek,0.476299387985975,0.476299387985975,0.0,ok
44775,Hour,0.48229422111670894,0.48229422111670894,0.0,ok
44775,Month,0.5148658745382959,0.5148658745382959,0.0,ok
44775,PdDistrict,0.5304133261193907,0.5304133261193907,0.0,ok
44775,X,0.533537806446173,0.533537806446173,0.0,ok
44775,Y,0.5298406608720907,0.5298406608720907,0.0,ok
44775,Year,0.5275347756534121,0.5275347756534121,0.0,ok
44776,Address,0.4866928523413694,0.4866928523413694,0.0,ok
44776,DayOfWeek,0.4674681637939717,0.4674681637939717,0.0,ok
44776,Hour,0.5243306608955126,0.5243306608955126,0.0,ok
44776,Month,0.47127187897440226,0.47127187897440226,0.0,ok
44776,PdDistrict,0.5065546163377062,0.5065546163377062,0.0,ok
44776,X,0.5161775004625824,0.5161775004625824,0.0,ok
44776,Y,0.46984548578174073,0.46984548578174073,0.0,ok
44776,Year,0.48522898412229976,0.48522898412229976,0.0,ok
44777,Address,0.48272869720412886,0.48272869720412886,0.0,ok
44777,DayOfWeek,0.5332860211124929,0.5332860211124929,0.0,ok
44777,Hour,0.4837791690381332,0.4837791690381332,0.0,ok
44777,Month,0.4610025506439848,0.4610025506439848,0.0,ok
44777,PdDistrict,0.5490079657853009,0.5490079657853009,0.0,ok
44777,X,0.5515773472834119,0.5515773472834119,0.0,ok
44777,Y,0.516061562099632,0.516061562099632,0.0,ok
44777,Year,0.527936461092725,0.527936461092725,0.0,ok
45023,AverageMInFile,0.63748268,0.63748268,0.0,ok
45023,ExternalRiskEstimate,0.74153702,0.74153702,0.0,ok
45023,MSinceMostRecentDelq,0.56962664,0.56962664,0.0,ok
45023,MSinceMostRecentInqexcl7days,0.5576820599999999,0.5576820599999999,0.0,ok
45023,MSinceMostRecentTradeOpen,0.53119416,0.53119416,0.0,ok
45023,MSinceOldestTradeOpen,0.61277352,0.61277352,0.0,ok
45023,MaxDelq2PublicRecLast12M,0.6325966599999999,0.6325966599999999,0.0,ok
45023,NetFractionInstallBurden,0.54415128,0.54415128,0.0,ok
45023,NetFractionRevolvingBurden,0.66090716,0.66090716,0.0,ok
45023,NumBank2NatlTradesWHighUtilization,0.5942401000000002,0.5942401000000002,0.0,ok
45023,NumInqLast6M,0.5692825,0.5692825,0.0,ok
45023,NumInqLast6Mexcl7days,0.5659398999999999,0.5659398999999999,0.0,ok
45023,NumInstallTradesWBalance,0.5293673999999999,0.5293673999999999,0.0,ok
45023,NumRevolvingTradesWBalance,0.5489313,0.5489313,0.0,ok
45023,NumSatisfactoryTrades,0.57904258,0.57904258,0.0,ok
45023,NumTotalTrades,0.5573832000000001,0.5573832000000001,0.0,ok
45023,NumTrades60Ever2DerogPubRec,0.5836053800000001,0.5836053800000001,0.0,ok
45023,NumTrades90Ever2DerogPubRec,0.56236142,0.56236142,0.0,ok
45023,NumTradesOpeninLast12M,0.53196576,0.53196576,0.0,ok
45023,PercentInstallTrades,0.5655264799999999,0.5655264799999999,0.0,ok
45023,PercentTradesNeverDelq,0.64016052,0.64016052,0.0,ok
45023,PercentTradesWBalance,0.63841998,0.63841998,0.0,ok
45039,age,0.6097998001391338,0.6097998001391338,0.0,ok
45039,age_cat_25-45,0.5142836775372575,0.5142836775372575,0.0,ok
45039,age_cat_Greaterthan45,0.5593163597034949,0.5593163597034949,0.0,ok
45039,age_cat_Lessthan25,0.54362739524457,0.54362739524457,0.0,ok
45039,c_charge_degree_F,0.5552952181154849,0.5552952181154849,0.0,ok
45039,c_charge_degree_M,0.5506158754277375,0.5506158754277375,0.0,ok
45039,juv_misd_count,0.5306628772795565,0.5306628772795565,0.0,ok
45039,priors_count,0.6752398792660004,0.6752398792660004,0.0,ok
45039,race_African-American,0.5656682922730791,0.5656682922730791,0.0,ok
45039,race_Caucasian,0.5602033416438386,0.5602033416438386,0.0,ok
45039,sex,0.5421787202513946,0.5421787202513946,0.0,ok
45059,FTI,0.46940507633833667,0.46940507633833667,0.0,ok
45059,I131_treatment,0.5033643625587837,0.5033643625587837,0.0,ok
45059,T3_measured,0.5726728080912195,0.5726728080912195,0.0,ok
45059,T4U,0.7807269857630612,0.7807269857630612,0.0,ok
45059,TSH,0.5324445983379501,0.5324445983379501,0.0,ok
45059,TT4,0.6739386716485216,0.6739386716485216,0.0,ok
45059,age,0.6975262513689364,0.6975262513689364,0.0,ok
45059,goitre,0.4978652644463055,0.4978652644463055,0.0,ok
45059,hypopituitary,0.4958835276686207,0.4958835276686207,0.0,ok
45059,lithium,0.4996344134510082,0.4996344134510082,0.0,ok
45059,on_antithyroid_medication,0.5044667590027702,0.5044667590027702,0.0,ok
45059,on_thyroxine,0.540012400953424,0.540012400953424,0.0,ok
45059,pregnant,0.5064404432132964,0.5064404432132964,0.0,ok
45059,psych,0.5143021645300522,0.5143021645300522,0.0,ok
45059,query_on_thyroxine,0.5007988146621143,0.5007988146621143,0.0,ok
45059,referral_source,0.6444445339174129,0.6444445339174129,0.0,ok
45059,sex,0.5438872962700508,0.5438872962700508,0.0,ok
45059,sick,0.5354997423178509,0.5354997423178509,0.0,ok
45059,thyroid_surgery,0.5066481994459834,0.5066481994459834,0.0,ok
45059,tumor,0.5087676351220769,0.5087676351220769,0.0,ok
45063,A1,0.506382958588841,0.506382958588841,0.0,ok
45063,A10,0.7242930956166249,0.7242930956166249,0.0,ok
45063,A11,0.765524453024453,0.765524453024453,0.0,ok
45063,A12,0.5220162389280036,0.5220162389280036,0.0,ok
45063,A13,0.5242826860473919,0.5242826860473919,0.0,ok
45063,A14,0.5748637292754939,0.5748637292754939,0.0,ok
45063,A15,0.652325119236884,0.652325119236884,0.0,ok
45063,A2,0.6002299568476039,0.6002299568476039,0.0,ok
45063,A3,0.6143443864032099,0.6143443864032099,0.0,ok
45063,A4,0.5759898554016201,0.5759898554016201,0.0,ok
45063,A5,0.5719490498902263,0.5719490498902263,0.0,ok
45063,A6,0.5739931107578167,0.5739931107578167,0.0,ok
45063,A7,0.47748220909985606,0.47748220909985606,0.0,ok
45063,A8,0.7247473313649784,0.7247473313649784,0.0,ok
45063,A9,0.8695870239987887,0.8695870239987887,0.0,ok
45077,0,0.7658171384481844,0.7658171384481844,0.0,ok
45077,1,0.5274067287135716,0.5274067287135716,0.0,ok
45077,10,0.644843757534841,0.644843757534841,0.0,ok
45077,11,0.610155358377136,0.610155358377136,0.0,ok
45077,12,0.7126613460642007,0.7126613460642007,0.0,ok
45077,13,0.6673136583562392,0.6673136583562392,0.0,ok
45077,14,0.7287155808458312,0.7287155808458312,0.0,ok
45077,15,0.541554146372828,0.541554146372828,0.0,ok
45077,16,0.5269204803009114,0.5269204803009114,0.0,ok
45077,17,0.6588565526996834,0.6588565526996834,0.0,ok
45077,19,0.5360728006301136,0.5360728006301136,0.0,ok
45077,2,0.6715371879571137,0.6715371879571137,0.0,ok
45077,20,0.5108702641012041,0.5108702641012041,0.0,ok
45077,21,0.7598214142193502,0.7598214142193502,0.0,ok
45077,22,0.6960625934320297,0.6960625934320297,0.0,ok
45077,23,0.520388275385382,0.520388275385382,0.0,ok
45077,24,0.5907958399639934,0.5907958399639934,0.0,ok
45077,25,0.5097350147080097,0.5097350147080097,0.0,ok
45077,26,0.7633678127662309,0.7633678127662309,0.0,ok
45077,27,0.4758161739885229,0.4758161739885229,0.0,ok
45077,28,0.5103378019964315,0.5103378019964315,0.0,ok
45077,29,0.5688222340100625,0.5688222340100625,0.0,ok
45077,3,0.5127871276783849,0.5127871276783849,0.0,ok
45077,30,0.5751715934481041,0.5751715934481041,0.0,ok
45077,31,0.5168820626577293,0.5168820626577293,0.0,ok
45077,32,0.683731574801884,0.683731574801884,0.0,ok
45077,33,0.6491034543730209,0.6491034543730209,0.0,ok
45077,34,0.47559314269180686,0.47559314269180686,0.0,ok
45077,35,0.7979778495764415,0.7979778495764415,0.0,ok
45077,36,0.5814707206121104,0.5814707206121104,0.0,ok
45077,37,0.6490773335905227,0.6490773335905227,0.0,ok
45077,38,0.773663419652473,0.773663419652473,0.0,ok
45077,39,0.5161446528748935,0.5161446528748935,0.0,ok
45077,4,0.6476768577904229,0.6476768577904229,0.0,ok
45077,40,0.633784620083265,0.633784620083265,0.0,ok
45077,5,0.5833996399350597,0.5833996399350597,0.0,ok
45077,6,0.7056147626625516,0.7056147626625516,0.0,ok
45077,7,0.6275015672469498,0.6275015672469498,0.0,ok
45077,8,0.5232233849319252,0.5232233849319252,0.0,ok
45077,9,0.6278531931651958,0.6278531931651958,0.0,ok
45545,AccountSyncedToSocialMedia,0.5425605430528375,0.5425605430528375,0.0,ok
45545,Age,0.6028864970645792,0.6028864970645792,0.0,ok
45545,AnnualIncomeClass,0.7589285714285714,0.7589285714285714,0.0,ok
45545,BookedHotelOrNot,0.596538649706458,0.596538649706458,0.0,ok
45545,FrequentFlyer,0.7353290117416829,0.7353290117416829,0.0,ok
45545,ServicesOpted,0.4969881360078278,0.4969881360078278,0.0,ok
45553,AverageMInFile,0.6508010622164764,0.6508010622164764,0.0,ok
45553,ExternalRiskEstimate,0.7694097527196886,0.7694097527196886,0.0,ok
45553,MSinceMostRecentDelq,0.5785776406556858,0.5785776406556858,0.0,ok
45553,MSinceMostRecentInqexcl7days,0.564069680611342,0.564069680611342,0.0,ok
45553,MSinceMostRecentTradeOpen,0.5302543570942178,0.5302543570942178,0.0,ok
45553,MSinceOldestTradeOpen,0.6240549760351594,0.6240549760351594,0.0,ok
45553,MaxDelq2PublicRecLast12M,0.6469223190465382,0.6469223190465382,0.0,ok
45553,MaxDelqEver,0.6246898716063517,0.6246898716063517,0.0,ok
45553,NetFractionInstallBurden,0.5521204854154947,0.5521204854154947,0.0,ok
45553,NetFractionRevolvingBurden,0.6851023645748009,0.6851023645748009,0.0,ok
45553,NumBank2NatlTradesWHighUtilization,0.6126290556833023,0.6126290556833023,0.0,ok
45553,NumInqLast6M,0.5804129576264774,0.5804129576264774,0.0,ok
45553,NumInqLast6Mexcl7days,0.5760898286768843,0.5760898286768843,0.0,ok
45553,NumInstallTradesWBalance,0.5370515227624866,0.5370515227624866,0.0,ok
45553,NumRevolvingTradesWBalance,0.5606377493116482,0.5606377493116482,0.0,ok
45553,NumSatisfactoryTrades,0.5873733087270181,0.5873733087270181,0.0,ok
45553,NumTotalTrades,0.5633271529703574,0.5633271529703574,0.0,ok
45553,NumTrades60Ever2DerogPubRec,0.5949303753121021,0.5949303753121021,0.0,ok
45553,NumTrades90Ever2DerogPubRec,0.5725054854319429,0.5725054854319429,0.0,ok
45553,NumTradesOpeninLast12M,0.5382432472441255,0.5382432472441255,0.0,ok
45553,PercentInstallTrades,0.5744933377085205,0.5744933377085205,0.0,ok
45553,PercentTradesNeverDelq,0.6547412183744701,0.6547412183744701,0.0,ok
45553,PercentTradesWBalance,0.6618416864865931,0.6618416864865931,0.0,ok
45562,energy,0.697895852624397,0.697895852624397,0.0,ok
45562,gdenergy,0.4694332082460159,0.4694332082460159,0.0,ok
45562,gdpuls,0.5414871582435792,0.5414871582435792,0.0,ok
45562,genergy,0.7197609532628296,0.7197609532628296,0.0,ok
45562,ghazard,0.49807495491983045,0.49807495491983045,0.0,ok
45562,gpuls,0.6988985818022322,0.6988985818022322,0.0,ok
45562,maxenergy,0.692082947512062,0.692082947512062,0.0,ok
45562,nbumps,0.7278095911106779,0.7278095911106779,0.0,ok
45562,nbumps2,0.6661849992689702,0.6661849992689702,0.0,ok
45562,nbumps3,0.6726984745845315,0.6726984745845315,0.0,ok
45562,nbumps4,0.5401639943467031,0.5401639943467031,0.0,ok
45562,nbumps5,0.4991215458843023,0.4991215458843023,0.0,ok
45562,nbumps6,0.5,0.5,0.0,ok
45562,nbumps7,0.5,0.5,0.0,ok
45562,nbumps89,0.5,0.5,0.0,ok
45562,seismic,0.5772540084799453,0.5772540084799453,0.0,ok
45562,seismoacoustic,0.5083702909498513,0.5083702909498513,0.0,ok
45562,shift,0.6356949656416004,0.6356949656416004,0.0,ok
45604,X0,0.7102271868434178,0.7102271868434178,0.0,ok
45604,X1,0.701684377062644,0.701684377062644,0.0,ok
45604,X2,0.5130875543530289,0.5130875543530289,0.0,ok
45604,X3,0.7217452423779798,0.7217452423779798,0.0,ok
45604,X4,0.7220248802091993,0.7220248802091993,0.0,ok
45604,X5,0.7675403459447475,0.7675403459447475,0.0,ok
45686,ESA_Amperage,0.5013424988753936,0.5013424988753936,0.0,ok
45686,ESA_Voltage,0.5678418803418803,0.5678418803418803,0.0,ok
45686,anode_space_ratio,0.43889170040485836,0.43889170040485836,0.0,ok
45686,blade_mfg,0.49938849527665313,0.49938849527665313,0.0,ok
45686,blade_pressure,0.46353463787674315,0.46353463787674315,0.0,ok
45686,caliper,0.515625,0.515625,0.0,ok
45686,chrome_content,0.5323394624381467,0.5323394624381467,0.0,ok
45686,current_density,0.5605178812415655,0.5605178812415655,0.0,ok
45686,customer,0.446426563202879,0.446426563202879,0.0,ok
45686,cylinder_division,0.5,0.5,0.0,ok
45686,cylinder_number,0.5056511470985154,0.5056511470985154,0.0,ok
45686,cylinder_size,0.46824392712550605,0.46824392712550605,0.0,ok
45686,direct_steam,0.4982568600989654,0.4982568600989654,0.0,ok
45686,grain_screened,0.5373931623931624,0.5373931623931624,0.0,ok
45686,hardener,0.5590066914080072,0.5590066914080072,0.0,ok
45686,humifity,0.5579945456590193,0.5579945456590193,0.0,ok
45686,ink_color,0.5,0.5,0.0,ok
45686,ink_pct,0.5623313090418353,0.5623313090418353,0.0,ok
45686,ink_temperature,0.4549313990103464,0.4549313990103464,0.0,ok
45686,ink_type,0.5975877192982455,0.5975877192982455,0.0,ok
45686,paper_mill_location,0.5881410256410257,0.5881410256410257,0.0,ok
45686,paper_type,0.5536437246963564,0.5536437246963564,0.0,ok
45686,plating_tank,0.498917566351777,0.498917566351777,0.0,ok
45686,press,0.5426788124156545,0.5426788124156545,0.0,ok
45686,press_speed,0.5964631129104814,0.5964631129104814,0.0,ok
45686,press_type,0.5824969073324336,0.5824969073324336,0.0,ok
45686,proof_cut,0.5347362798020693,0.5347362798020693,0.0,ok
45686,proof_on_ctd_ink,0.5164333108412057,0.5164333108412057,0.0,ok
45686,roller_durometer,0.5801563202878992,0.5801563202878992,0.0,ok
45686,roughness,0.5599907219973008,0.5599907219973008,0.0,ok
45686,solvent_pct,0.5014268443544758,0.5014268443544758,0.0,ok
45686,solvent_type,0.4968159581646424,0.4968159581646424,0.0,ok
45686,timestamp,0.2818825910931174,0.2818825910931174,0.0,ok
45686,type_on_cylinder,0.5414206590193432,0.5414206590193432,0.0,ok
45686,unit_number,0.5490890688259109,0.5490890688259109,0.0,ok
45686,varnish_pct,0.5467695681511471,0.5467695681511471,0.0,ok
45686,viscosity,0.5346308479532164,0.5346308479532164,0.0,ok
45686,wax,0.4160762483130905,0.4160762483130905,0.0,ok
45711,Gender,0.5197419106317411,0.5197419106317411,0.0,ok
45711,Zp2bpd1m,0.5286979969183359,0.5286979969183359,0.0,ok
45711,Zp2stakeSD1m,0.5240193246019517,0.5240193246019517,0.0,ok
45711,Zp2stakeslope1m,0.48215202876219826,0.48215202876219826,0.0,ok
45711,Zp2totalactivedays1m,0.5204802259887006,0.5204802259887006,0.0,ok
45711,ageRDATE,0.5142767719568567,0.5142767719568567,0.0,ok
45711,p2bpd,0.5230643297380586,0.5230643297380586,0.0,ok
45711,p2intvday,0.6246549178222907,0.6246549178222907,0.0,ok
45711,p2net,0.5178319209039548,0.5178319209039548,0.0,ok
45711,p2sumbet,0.4878659476117104,0.4878659476117104,0.0,ok
45711,p2sumday,0.47882960965588084,0.47882960965588084,0.0,ok
45711,p2sumstake,0.46436825885978433,0.46436825885978433,0.0,ok
45712,Gender,0.529309904561269,0.529309904561269,0.0,ok
45712,Zp2bpd1m,0.5368668007277602,0.5368668007277602,0.0,ok
45712,Zp2stakeSD1m,0.5326574419866578,0.5326574419866578,0.0,ok
45712,Zp2stakeslope1m,0.459997127262281,0.459997127262281,0.0,ok
45712,Zp2totalactivedays1m,0.5215375530658495,0.5215375530658495,0.0,ok
45712,ageRDATE,0.5251843340036388,0.5251843340036388,0.0,ok
45712,p2bpd,0.524334482428421,0.524334482428421,0.0,ok
45712,p2intvday,0.6303385042612276,0.6303385042612276,0.0,ok
45712,p2net,0.5220961409556641,0.5220961409556641,0.0,ok
45712,p2sumbet,0.485596412269782,0.485596412269782,0.0,ok
45712,p2sumday,0.5114470618276996,0.5114470618276996,0.0,ok
45712,p2sumstake,0.47100928851862495,0.47100928851862495,0.0,ok
45717,Gender,0.5197419106317411,0.5197419106317411,0.0,ok
45717,ageRDATE,0.5142767719568567,0.5142767719568567,0.0,ok
45717,p2bpd,0.5230643297380586,0.5230643297380586,0.0,ok
45717,p2bpd1m,0.5286979969183359,0.5286979969183359,0.0,ok
45717,p2intvday,0.6246549178222907,0.6246549178222907,0.0,ok
45717,p2net,0.5178319209039548,0.5178319209039548,0.0,ok
45717,p2stakeSD1m,0.5240193246019517,0.5240193246019517,0.0,ok
45717,p2stakeSlope1m,0.4821199280945044,0.4821199280945044,0.0,ok
45717,p2sumbet,0.4878659476117104,0.4878659476117104,0.0,ok
45717,p2sumday,0.47882960965588084,0.47882960965588084,0.0,ok
45717,p2sumstake,0.46436825885978433,0.46436825885978433,0.0,ok
45717,p2totalactivedays1m,0.5204802259887006,0.5204802259887006,0.0,ok
46116,Age,0.5697619047619048,0.5697619047619048,0.0,ok
46116,Credit amount,0.5550499999999999,0.5550499999999999,0.0,ok
46116,Duration,0.6302285714285712,0.6302285714285712,0.0,ok
46116,Housing,0.4839119047619047,0.4839119047619047,0.0,ok
46116,Job,0.5242571428571429,0.5242571428571429,0.0,ok
46116,Saving accounts,0.5264404761904762,0.5264404761904762,0.0,ok
46116,Sex,0.535452380952381,0.535452380952381,0.0,ok
46279,BUI,0.9156452279300371,0.9156452279300371,0.0,ok
46279,DC,0.8908552540972319,0.8908552540972319,0.0,ok
46279,DMC,0.9174011844098608,0.9174011844098608,0.0,ok
46279,FFMC,0.9982440435201763,0.9982440435201763,0.0,ok
46279,FWI,0.9898429968323923,0.9898429968323923,0.0,ok
46279,ISI,0.9986227792315108,0.9986227792315108,0.0,ok
46279,RH,0.7424597162925216,0.7424597162925216,0.0,ok
46279,Rain,0.8584561355185236,0.8584561355185236,0.0,ok
46279,Temperature,0.8003718496074921,0.8003718496074921,0.0,ok
46279,Ws,0.48536702933480236,0.48536702933480236,0.0,ok
46279,day,0.6179589588210991,0.6179589588210991,0.0,ok
46279,month,0.44494559977964465,0.44494559977964465,0.0,ok
46279,year,0.5,0.5,0.0,ok
46280,Contract,0.7361275447493052,0.7361275447493052,0.0,ok
46280,Dependents,0.5837993006560563,0.5837993006560563,0.0,ok
46280,DeviceProtection,0.6112951988820094,0.6112951988820094,0.0,ok
46280,InternetService,0.5148695901617815,0.5148695901617815,0.0,ok
46280,MonthlyCharges,0.6206955156901518,0.6206955156901518,0.0,ok
46280,MultipleLines,0.5223413027602515,0.5223413027602515,0.0,ok
46280,OnlineBackup,0.6250673460317184,0.6250673460317184,0.0,ok
46280,OnlineSecurity,0.681481087372906,0.681481087372906,0.0,ok
46280,PaperlessBilling,0.6047797223761314,0.6047797223761314,0.0,ok
46280,Partner,0.5815325443946076,0.5815325443946076,0.0,ok
46280,PaymentMethod,0.5653062096091852,0.5653062096091852,0.0,ok
46280,PhoneService,0.5038422139094039,0.5038422139094039,0.0,ok
46280,SeniorCitizen,0.5606730611529889,0.5606730611529889,0.0,ok
46280,StreamingMovies,0.5208776834743748,0.5208776834743748,0.0,ok
46280,StreamingTV,0.5201713903509397,0.5201713903509397,0.0,ok
46280,TechSupport,0.6770007278024894,0.6770007278024894,0.0,ok
46280,TotalCharges,0.6516988366121673,0.6516988366121673,0.0,ok
46280,gender,0.5059827060561066,0.5059827060561066,0.0,ok
46280,tenure,0.7396311412600725,0.7396311412600725,0.0,ok
46281,0,0.5171516857171152,0.5171516857171152,0.0,ok
46281,1,0.5028539643803664,0.5028539643803664,0.0,ok
46281,10,0.5307563555282269,0.5307563555282269,0.0,ok
46281,11,0.5690208924271696,0.5690208924271696,0.0,ok
46281,12,0.5633208161563965,0.5633208161563965,0.0,ok
46281,13,0.4701167489730791,0.4701167489730791,0.0,ok
46281,14,0.5432856037437718,0.5432856037437718,0.0,ok
46281,15,0.5877375332021751,0.5877375332021751,0.0,ok
46281,16,0.5416243863971963,0.5416243863971963,0.0,ok
46281,17,0.6005935373822867,0.6005935373822867,0.0,ok
46281,18,0.5580841291754922,0.5580841291754922,0.0,ok
46281,19,0.5273922564471714,0.5273922564471714,0.0,ok
46281,2,0.5496135096823973,0.5496135096823973,0.0,ok
46281,20,0.5591518830455688,0.5591518830455688,0.0,ok
46281,21,0.5388775854092238,0.5388775854092238,0.0,ok
46281,22,0.5528176027327404,0.5528176027327404,0.0,ok
46281,23,0.5662648532157147,0.5662648532157147,0.0,ok
46281,24,0.565636099725514,0.565636099725514,0.0,ok
46281,25,0.5338043226017203,0.5338043226017203,0.0,ok
46281,26,0.4905158550086691,0.4905158550086691,0.0,ok
46281,27,0.5636070163198762,0.5636070163198762,0.0,ok
46281,28,0.5639103071967979,0.5639103071967979,0.0,ok
46281,29,0.5926661254299469,0.5926661254299469,0.0,ok
46281,3,0.49839513581666633,0.49839513581666633,0.0,ok
46281,30,0.5934619983829414,0.5934619983829414,0.0,ok
46281,31,0.5854488557166866,0.5854488557166866,0.0,ok
46281,32,0.5067321705982082,0.5067321705982082,0.0,ok
46281,33,0.5846787574072076,0.5846787574072076,0.0,ok
46281,34,0.5689386722381777,0.5689386722381777,0.0,ok
46281,35,0.5677396432124187,0.5677396432124187,0.0,ok
46281,36,0.5983011646074048,0.5983011646074048,0.0,ok
46281,37,0.48281182330013,0.48281182330013,0.0,ok
46281,38,0.584850126452803,0.584850126452803,0.0,ok
46281,39,0.551397225872347,0.551397225872347,0.0,ok
46281,4,0.5348906453009961,0.5348906453009961,0.0,ok
46281,40,0.5025232359797025,0.5025232359797025,0.0,ok
46281,41,0.6006855500881696,0.6006855500881696,0.0,ok
46281,42,0.6189420349515252,0.6189420349515252,0.0,ok
46281,43,0.6073528683575325,0.6073528683575325,0.0,ok
46281,44,0.49875551891470826,0.49875551891470826,0.0,ok
46281,45,0.5073844815582887,0.5073844815582887,0.0,ok
46281,46,0.662997090329132,0.662997090329132,0.0,ok
46281,47,0.5027268464252509,0.5027268464252509,0.0,ok
46281,48,0.4962786588168866,0.4962786588168866,0.0,ok
46281,49,0.4997083492846659,0.4997083492846659,0.0,ok
46281,5,0.5292050730410902,0.5292050730410902,0.0,ok
46281,50,0.49599356724022486,0.49599356724022486,0.0,ok
46281,51,0.5049902111783984,0.5049902111783984,0.0,ok
46281,52,0.5020230785603744,0.5020230785603744,0.0,ok
46281,53,0.5164947556452935,0.5164947556452935,0.0,ok
46281,54,0.5143337504083295,0.5143337504083295,0.0,ok
46281,55,0.5015452776418733,0.5015452776418733,0.0,ok
46281,56,0.5078124884522206,0.5078124884522206,0.0,ok
46281,57,0.5002607950489035,0.5002607950489035,0.0,ok
46281,58,0.6169465786793626,0.6169465786793626,0.0,ok
46281,59,0.502044603621088,0.502044603621088,0.0,ok
46281,6,0.5333660612797231,0.5333660612797231,0.0,ok
46281,60,0.5114124393787775,0.5114124393787775,0.0,ok
46281,61,0.507536173187867,0.507536173187867,0.0,ok
46281,62,0.502683703921589,0.502683703921589,0.0,ok
46281,63,0.5110526105741445,0.5110526105741445,0.0,ok
46281,64,0.5989937542218682,0.5989937542218682,0.0,ok
46281,65,0.4987495140694448,0.4987495140694448,0.0,ok
46281,66,0.507569430792403,0.507569430792403,0.0,ok
46281,67,0.6399313710853951,0.6399313710853951,0.0,ok
46281,68,0.5027358998842635,0.5027358998842635,0.0,ok
46281,69,0.49622221327141014,0.49622221327141014,0.0,ok
46281,7,0.4948998539621632,0.4948998539621632,0.0,ok
46281,70,0.4999248932430894,0.4999248932430894,0.0,ok
46281,71,0.496212420754519,0.496212420754519,0.0,ok
46281,72,0.5051165900756351,0.5051165900756351,0.0,ok
46281,73,0.5021313505395862,0.5021313505395862,0.0,ok
46281,74,0.5169669212474706,0.5169669212474706,0.0,ok
46281,75,0.5144059933159606,0.5144059933159606,0.0,ok
46281,76,0.5016055108589774,0.5016055108589774,0.0,ok
46281,77,0.5077960444144223,0.5077960444144223,0.0,ok
46281,78,0.5000406481833218,0.5000406481833218,0.0,ok
46281,79,0.5744266388977987,0.5744266388977987,0.0,ok
46281,8,0.5430629625578498,0.5430629625578498,0.0,ok
46281,80,0.5019368859352852,0.5019368859352852,0.0,ok
46281,81,0.5123993587933845,0.5123993587933845,0.0,ok
46281,82,0.5075330321918831,0.5075330321918831,0.0,ok
46281,83,0.5025710899773406,0.5025710899773406,0.0,ok
46281,84,0.5110446657019498,0.5110446657019498,0.0,ok
46281,9,0.5806047932337773,0.5806047932337773,0.0,ok
46298,g1,0.6187016358094183,0.6187016358094183,0.0,ok
46298,g2,0.6305240608600773,0.6305240608600773,0.0,ok
46298,g3,0.6391462010079842,0.6391462010079842,0.0,ok
46298,g4,0.6230900041566358,0.6230900041566358,0.0,ok
46298,p1,0.505895148859523,0.505895148859523,0.0,ok
46298,p2,0.5037301260846222,0.5037301260846222,0.0,ok
46298,p3,0.49465155700652935,0.49465155700652935,0.0,ok
46298,p4,0.5136838402119885,0.5136838402119885,0.0,ok
46298,tau1,0.6411038033218448,0.6411038033218448,0.0,ok
46298,tau2,0.6478794878678189,0.6478794878678189,0.0,ok
46298,tau3,0.6426143074871404,0.6426143074871404,0.0,ok
46298,tau4,0.6438218535132233,0.6438218535132233,0.0,ok
46358,age,0.6126059302330802,0.6126059302330802,0.0,ok
46358,close_loans_cnt,0.6067152696671225,0.6067152696671225,0.0,ok
46358,federal_district_nm,0.48711969178334785,0.48711969178334785,0.0,ok
46358,first_loan_day,0.5310410136720791,0.5310410136720791,0.0,ok
46358,first_loan_month,0.5049654846863348,0.5049654846863348,0.0,ok
46358,first_loan_weekday,0.49476642275374666,0.49476642275374666,0.0,ok
46358,first_loan_year,0.49278426950870435,0.49278426950870435,0.0,ok
46358,first_overdue_date_weekday,0.5846518292186256,0.5846518292186256,0.0,ok
46358,gender,0.5324298998885941,0.5324298998885941,0.0,ok
46358,past_billings_cnt,0.5939013432206894,0.5939013432206894,0.0,ok
46358,payment_type_0,0.49962832622374953,0.49962832622374953,0.0,ok
46358,payment_type_1,0.5100592433247839,0.5100592433247839,0.0,ok
46358,payment_type_2,0.5564764556367744,0.5564764556367744,0.0,ok
46358,payment_type_3,0.5331761336050176,0.5331761336050176,0.0,ok
46358,payment_type_4,0.4970067273274186,0.4970067273274186,0.0,ok
46358,payment_type_5,0.5,0.5,0.0,ok
46358,rep_loan_date_day,0.49474461618188725,0.49474461618188725,0.0,ok
46358,rep_loan_date_month,0.514364758527492,0.514364758527492,0.0,ok
46358,rep_loan_date_weekday,0.5354135520147668,0.5354135520147668,0.0,ok
46358,rep_loan_date_year,0.5596775321117805,0.5596775321117805,0.0,ok
46358,score_1,0.6923432636613363,0.6923432636613363,0.0,ok
46359,age,0.6126059302330802,0.6126059302330802,0.0,ok
46359,close_loans_cnt,0.6067152696671225,0.6067152696671225,0.0,ok
46359,federal_district_nm,0.48711969178334785,0.48711969178334785,0.0,ok
46359,first_loan_day,0.5310410136720791,0.5310410136720791,0.0,ok
46359,first_loan_month,0.5049654846863348,0.5049654846863348,0.0,ok
46359,first_loan_weekday,0.49476642275374666,0.49476642275374666,0.0,ok
46359,first_loan_year,0.49278426950870435,0.49278426950870435,0.0,ok
46359,first_overdue_date_weekday,0.5846518292186256,0.5846518292186256,0.0,ok
46359,gender,0.5324298998885941,0.5324298998885941,0.0,ok
46359,past_billings_cnt,0.5939013432206894,0.5939013432206894,0.0,ok
46359,payment_type_0,0.49962832622374953,0.49962832622374953,0.0,ok
46359,payment_type_1,0.5100592433247839,0.5100592433247839,0.0,ok
46359,payment_type_2,0.5564764556367744,0.5564764556367744,0.0,ok
46359,payment_type_3,0.5331761336050176,0.5331761336050176,0.0,ok
46359,payment_type_4,0.4970067273274186,0.4970067273274186,0.0,ok
46359,payment_type_5,0.5,0.5,0.0,ok
46359,rep_loan_date_day,0.49474461618188725,0.49474461618188725,0.0,ok
46359,rep_loan_date_month,0.514364758527492,0.514364758527492,0.0,ok
46359,rep_loan_date_weekday,0.5354135520147668,0.5354135520147668,0.0,ok
46359,rep_loan_date_year,0.5596775321117805,0.5596775321117805,0.0,ok
46359,score_1,0.6923432636613363,0.6923432636613363,0.0,ok
46365,age,0.5697619047619048,0.5697619047619048,0.0,ok
46365,credit_amount,0.5550499999999999,0.5550499999999999,0.0,ok
46365,duration,0.6302285714285712,0.6302285714285712,0.0,ok
46365,existing_credits,0.5190809523809523,0.5190809523809523,0.0,ok
46365,installment_commitment,0.5437833333333333,0.5437833333333333,0.0,ok
46365,num_dependents,0.4836404761904762,0.4836404761904762,0.0,ok
46365,residence_since,0.4592785714285714,0.4592785714285714,0.0,ok
46416,account_balance,0.70275,0.70275,0.0,ok
46416,age_years,0.5714785714285715,0.5714785714285715,0.0,ok
46416,concurrent_credits,0.5492238095238096,0.5492238095238096,0.0,ok
46416,credit_amount,0.5548119047619048,0.5548119047619048,0.0,ok
46416,duration_in_current_address,0.4527523809523809,0.4527523809523809,0.0,ok
46416,duration_of_credit_monthly,0.6307214285714287,0.6307214285714287,0.0,ok
46416,foreign_worker,0.5091833333333333,0.5091833333333333,0.0,ok
46416,guarantors,0.49977857142857146,0.49977857142857146,0.0,ok
46416,instalment_per_cent,0.5446619047619048,0.5446619047619048,0.0,ok
46416,length_of_current_employment,0.576352380952381,0.576352380952381,0.0,ok
46416,most_valuable_available_asset,0.5836928571428571,0.5836928571428571,0.0,ok
46416,no_of_credits_at_this_bank,0.5205928571428571,0.5205928571428571,0.0,ok
46416,no_of_dependents,0.48585952380952385,0.48585952380952385,0.0,ok
46416,occupation,0.5100357142857144,0.5100357142857144,0.0,ok
46416,payment_status_of_previous_credit,0.6286285714285714,0.6286285714285714,0.0,ok
46416,purpose,0.45105476190476196,0.45105476190476196,0.0,ok
46416,sex_marital_status,0.548,0.548,0.0,ok
46416,telephone,0.5221809523809524,0.5221809523809524,0.0,ok
46416,type_of_apartment,0.5004166666666667,0.5004166666666667,0.0,ok
46416,value_savings_stocks,0.5880690476190477,0.5880690476190477,0.0,ok
46421,account_balance_1,0.628497619047619,0.628497619047619,0.0,ok
46421,account_balance_2,0.5543785714285714,0.5543785714285714,0.0,ok
46421,account_balance_3,0.5136261904761905,0.5136261904761905,0.0,ok
46421,account_balance_4,0.6586166666666666,0.6586166666666666,0.0,ok
46421,age_years,0.5714785714285715,0.5714785714285715,0.0,ok
46421,concurrent_credits_1,0.5289761904761905,0.5289761904761905,0.0,ok
46421,concurrent_credits_2,0.5085500000000001,0.5085500000000001,0.0,ok
46421,concurrent_credits_3,0.5509214285714286,0.5509214285714286,0.0,ok
46421,credit_amount,0.5548119047619048,0.5548119047619048,0.0,ok
46421,duration_in_current_address_1,0.4915047619047619,0.4915047619047619,0.0,ok
46421,duration_in_current_address_2,0.5176928571428572,0.5176928571428572,0.0,ok
46421,duration_in_current_address_3,0.5016238095238095,0.5016238095238095,0.0,ok
46421,duration_in_current_address_4,0.47924047619047616,0.47924047619047616,0.0,ok
46421,duration_of_credit_monthly,0.6307214285714287,0.6307214285714287,0.0,ok
46421,foreign_worker_1,0.5170880952380952,0.5170880952380952,0.0,ok
46421,foreign_worker_2,0.5091833333333333,0.5091833333333333,0.0,ok
46421,guarantors_1,0.4981714285714285,0.4981714285714285,0.0,ok
46421,guarantors_2,0.5111261904761905,0.5111261904761905,0.0,ok
46421,guarantors_3,0.5143738095238095,0.5143738095238095,0.0,ok
46421,instalment_per_cent_1,0.5241023809523809,0.5241023809523809,0.0,ok
46421,instalment_per_cent_2,0.5190666666666667,0.5190666666666667,0.0,ok
46421,instalment_per_cent_3,0.4943095238095238,0.4943095238095238,0.0,ok
46421,instalment_per_cent_4,0.5422857142857143,0.5422857142857143,0.0,ok
46421,length_of_current_employment_1,0.5049714285714286,0.5049714285714286,0.0,ok
46421,length_of_current_employment_2,0.5486095238095238,0.5486095238095238,0.0,ok
46421,length_of_current_employment_3,0.4813238095238096,0.4813238095238096,0.0,ok
46421,length_of_current_employment_4,0.5279357142857143,0.5279357142857143,0.0,ok
46421,length_of_current_employment_5,0.5439857142857143,0.5439857142857143,0.0,ok
46421,most_valuable_available_asset_1,0.5539857142857143,0.5539857142857143,0.0,ok
46421,most_valuable_available_asset_2,0.4986761904761905,0.4986761904761905,0.0,ok
46421,most_valuable_available_asset_3,0.5047357142857143,0.5047357142857143,0.0,ok
46421,most_valuable_available_asset_4,0.5492976190476191,0.5492976190476191,0.0,ok
46421,no_of_credits_at_this_bank_1,0.5266357142857143,0.5266357142857143,0.0,ok
46421,no_of_credits_at_this_bank_2,0.514547619047619,0.514547619047619,0.0,ok
46421,no_of_credits_at_this_bank_3,0.5041928571428571,0.5041928571428571,0.0,ok
46421,no_of_credits_at_this_bank_4,0.49838333333333334,0.49838333333333334,0.0,ok
46421,no_of_dependents_1,0.48220714285714283,0.48220714285714283,0.0,ok
46421,no_of_dependents_2,0.48585952380952385,0.48585952380952385,0.0,ok
46421,occupation_1,0.49904761904761913,0.49904761904761913,0.0,ok
46421,occupation_2,0.49446904761904764,0.49446904761904764,0.0,ok
46421,occupation_3,0.47445238095238096,0.47445238095238096,0.0,ok
46421,occupation_4,0.5177880952380952,0.5177880952380952,0.0,ok
46421,payment_status_of_previous_credit_0,0.524702380952381,0.524702380952381,0.0,ok
46421,payment_status_of_previous_credit_1,0.5190714285714286,0.5190714285714286,0.0,ok
46421,payment_status_of_previous_credit_2,0.5223380952380952,0.5223380952380952,0.0,ok
46421,payment_status_of_previous_credit_3,0.4980928571428571,0.4980928571428571,0.0,ok
46421,payment_status_of_previous_credit_4,0.5919309523809524,0.5919309523809524,0.0,ok
46421,purpose_0,0.5359309523809523,0.5359309523809523,0.0,ok
46421,purpose_1,0.5265595238095238,0.5265595238095238,0.0,ok
46421,purpose_10,0.5038880952380952,0.5038880952380952,0.0,ok
46421,purpose_2,0.4804142857142856,0.4804142857142856,0.0,ok
46421,purpose_3,0.5604880952380953,0.5604880952380953,0.0,ok
46421,purpose_4,0.4984761904761905,0.4984761904761905,0.0,ok
46421,purpose_5,0.502,0.502,0.0,ok
46421,purpose_6,0.5304666666666666,0.5304666666666666,0.0,ok
46421,purpose_8,0.5033690476190475,0.5033690476190475,0.0,ok
46421,purpose_9,0.5071690476190476,0.5071690476190476,0.0,ok
46421,sex_marital_status_1,0.5150690476190476,0.5150690476190476,0.0,ok
46421,sex_marital_status_2,0.5302761904761905,0.5302761904761905,0.0,ok
46421,sex_marital_status_3,0.5431309523809523,0.5431309523809523,0.0,ok
46421,sex_marital_status_4,0.48996666666666666,0.48996666666666666,0.0,ok
46421,telephone_1,0.5172285714285714,0.5172285714285714,0.0,ok
46421,telephone_2,0.5221809523809524,0.5221809523809524,0.0,ok
46421,type_of_apartment_1,0.5381261904761905,0.5381261904761905,0.0,ok
46421,type_of_apartment_2,0.5689285714285715,0.5689285714285715,0.0,ok
46421,type_of_apartment_3,0.5362095238095239,0.5362095238095239,0.0,ok
46421,value_savings_stocks_1,0.5899214285714286,0.5899214285714286,0.0,ok
46421,value_savings_stocks_2,0.4957785714285714,0.4957785714285714,0.0,ok
46421,value_savings_stocks_3,0.5164952380952381,0.5164952380952381,0.0,ok
46421,value_savings_stocks_4,0.517647619047619,0.517647619047619,0.0,ok
46421,value_savings_stocks_5,0.5552547619047619,0.5552547619047619,0.0,ok
46422,fea_10,0.5184148148148148,0.5184148148148148,0.0,ok
46422,fea_11,0.44001481481481475,0.44001481481481475,0.0,ok
46422,fea_1_1,0.49910864197530874,0.49910864197530874,0.0,ok
46422,fea_1_2,0.49944444444444447,0.49944444444444447,0.0,ok
46422,fea_1_4,0.5315925925925926,0.5315925925925926,0.0,ok
46422,fea_1_5,0.48343209876543214,0.48343209876543214,0.0,ok
46422,fea_1_6,0.5004444444444445,0.5004444444444445,0.0,ok
46422,fea_1_7,0.49430123456790115,0.49430123456790115,0.0,ok
46422,fea_2,0.5492493827160494,0.5492493827160494,0.0,ok
46422,fea_3_1,0.5528172839506172,0.5528172839506172,0.0,ok
46422,fea_3_2,0.5140518518518519,0.5140518518518519,0.0,ok
46422,fea_3_3,0.5139432098765433,0.5139432098765433,0.0,ok
46422,fea_4,0.6406567901234568,0.6406567901234568,0.0,ok
46422,fea_5_1,0.5077827160493827,0.5077827160493827,0.0,ok
46422,fea_5_2,0.5053382716049383,0.5053382716049383,0.0,ok
46422,fea_6_11,0.536683950617284,0.536683950617284,0.0,ok
46422,fea_6_12,0.5038888888888888,0.5038888888888888,0.0,ok
46422,fea_6_15,0.48346172839506174,0.48346172839506174,0.0,ok
46422,fea_6_16,0.5004444444444445,0.5004444444444445,0.0,ok
46422,fea_6_3,0.49944444444444447,0.49944444444444447,0.0,ok
46422,fea_6_4,0.5011111111111112,0.5011111111111112,0.0,ok
46422,fea_6_5,0.4991111111111111,0.4991111111111111,0.0,ok
46422,fea_6_6,0.5004444444444445,0.5004444444444445,0.0,ok
46422,fea_6_8,0.5309728395061728,0.5309728395061728,0.0,ok
46422,fea_6_9,0.5004444444444445,0.5004444444444445,0.0,ok
46422,fea_7_-1,0.4874543209876543,0.4874543209876543,0.0,ok
46422,fea_7_1,0.5,0.5,0.0,ok
46422,fea_7_10,0.5014444444444445,0.5014444444444445,0.0,ok
46422,fea_7_2,0.49601975308641977,0.49601975308641977,0.0,ok
46422,fea_7_3,0.49766666666666676,0.49766666666666676,0.0,ok
46422,fea_7_4,0.5023333333333333,0.5023333333333333,0.0,ok
46422,fea_7_5,0.5286567901234568,0.5286567901234568,0.0,ok
46422,fea_7_7,0.499,0.499,0.0,ok
46422,fea_7_8,0.49946172839506175,0.49946172839506175,0.0,ok
46422,fea_7_9,0.5090123456790123,0.5090123456790123,0.0,ok
46422,fea_8,0.5158197530864198,0.5158197530864198,0.0,ok
46422,fea_9_1,0.4998962962962963,0.4998962962962963,0.0,ok
46422,fea_9_2,0.5,0.5,0.0,ok
46422,fea_9_3,0.4854641975308642,0.4854641975308642,0.0,ok
46422,fea_9_4,0.5334814814814814,0.5334814814814814,0.0,ok
46422,fea_9_5,0.5081604938271604,0.5081604938271604,0.0,ok
46431,clage,0.630551592631329,0.630551592631329,0.0,ok
46431,clno,0.5104381161837912,0.5104381161837912,0.0,ok
46431,debtinc,0.5618881351253253,0.5618881351253253,0.0,ok
46431,delinq,0.6554293452575387,0.6554293452575387,0.0,ok
46431,derog,0.5992589268038837,0.5992589268038837,0.0,ok
46431,job_Mgr,0.5141643716179137,0.5141643716179137,0.0,ok
46431,job_Office,0.5265578111660387,0.5265578111660387,0.0,ok
46431,job_Other,0.5448518602807577,0.5448518602807577,0.0,ok
46431,job_ProfExe,0.5170665072604512,0.5170665072604512,0.0,ok
46431,job_Sales,0.507652591288234,0.507652591288234,0.0,ok
46431,job_Self,0.5094665362412628,0.5094665362412628,0.0,ok
46431,job_nan,0.5160692782420564,0.5160692782420564,0.0,ok
46431,loan,0.5781175658445271,0.5781175658445271,0.0,ok
46431,mortdue,0.5532864398888787,0.5532864398888787,0.0,ok
46431,ninq,0.5955827355453355,0.5955827355453355,0.0,ok
46431,reason_DebtCon,0.5188919105635234,0.5188919105635234,0.0,ok
46431,reason_HomeImp,0.5216599835105529,0.5216599835105529,0.0,ok
46431,reason_nan,0.4963476068530805,0.4963476068530805,0.0,ok
46431,value,0.553422089125162,0.553422089125162,0.0,ok
46431,yoj,0.5396022612789387,0.5396022612789387,0.0,ok
46482,account_balance,0.70275,0.70275,0.0,ok
46482,age_years,0.5714785714285715,0.5714785714285715,0.0,ok
46482,concurrent_credits,0.5492238095238096,0.5492238095238096,0.0,ok
46482,credit_amount,0.5548119047619048,0.5548119047619048,0.0,ok
46482,duration_in_current_address,0.4527523809523809,0.4527523809523809,0.0,ok
46482,duration_of_credit_monthly,0.6307214285714287,0.6307214285714287,0.0,ok
46482,foreign_worker,0.5091833333333333,0.5091833333333333,0.0,ok
46482,guarantors,0.49977857142857146,0.49977857142857146,0.0,ok
46482,instalment_per_cent,0.5446619047619048,0.5446619047619048,0.0,ok
46482,length_of_current_employment,0.576352380952381,0.576352380952381,0.0,ok
46482,most_valuable_available_asset,0.5836928571428571,0.5836928571428571,0.0,ok
46482,no_of_credits_at_this_bank,0.5205928571428571,0.5205928571428571,0.0,ok
46482,no_of_dependents,0.48585952380952385,0.48585952380952385,0.0,ok
46482,occupation,0.5100357142857144,0.5100357142857144,0.0,ok
46482,payment_status_of_previous_credit,0.6286285714285714,0.6286285714285714,0.0,ok
46482,purpose,0.45105476190476196,0.45105476190476196,0.0,ok
46482,sex_marital_status,0.548,0.548,0.0,ok
46482,telephone,0.5221809523809524,0.5221809523809524,0.0,ok
46482,type_of_apartment,0.5004166666666667,0.5004166666666667,0.0,ok
46482,value_savings_stocks,0.5880690476190477,0.5880690476190477,0.0,ok
46483,clage,0.630551592631329,0.630551592631329,0.0,ok
46483,clno,0.5104381161837912,0.5104381161837912,0.0,ok
46483,debtinc,0.5618881351253253,0.5618881351253253,0.0,ok
46483,delinq,0.6554293452575387,0.6554293452575387,0.0,ok
46483,derog,0.5992589268038837,0.5992589268038837,0.0,ok
46483,loan,0.5781175658445271,0.5781175658445271,0.0,ok
46483,mortdue,0.5532864398888787,0.5532864398888787,0.0,ok
46483,ninq,0.5955827355453355,0.5955827355453355,0.0,ok
46483,value,0.553422089125162,0.553422089125162,0.0,ok
46483,yoj,0.5396022612789387,0.5396022612789387,0.0,ok
46502,age,0.5697619047619048,0.5697619047619048,0.0,ok
46502,checking_status,0.6741142857142858,0.6741142857142858,0.0,ok
46502,credit_amount,0.5550499999999999,0.5550499999999999,0.0,ok
46502,credit_history_critical/other existing credit,0.5775119047619047,0.5775119047619047,0.0,ok
46502,credit_history_delayed previously,0.49421190476190474,0.49421190476190474,0.0,ok
46502,duration,0.6302285714285712,0.6302285714285712,0.0,ok
46502,employment,0.4751357142857142,0.4751357142857142,0.0,ok
46502,existing_credits,0.5190809523809523,0.5190809523809523,0.0,ok
46502,foreign_worker_no,0.513095238095238,0.513095238095238,0.0,ok
46502,foreign_worker_yes,0.517,0.517,0.0,ok
46502,housing_for free,0.5291238095238096,0.5291238095238096,0.0,ok
46502,housing_own,0.5697452380952381,0.5697452380952381,0.0,ok
46502,housing_rent,0.5287642857142858,0.5287642857142858,0.0,ok
46502,installment_commitment,0.5437833333333333,0.5437833333333333,0.0,ok
46502,job_high qualif/self emp/mgmt,0.525704761904762,0.525704761904762,0.0,ok
46502,job_skilled,0.5043190476190476,0.5043190476190476,0.0,ok
46502,job_unemp/unskilled non res,0.4947880952380952,0.4947880952380952,0.0,ok
46502,job_unskilled resident,0.511704761904762,0.511704761904762,0.0,ok
46502,num_dependents,0.4836404761904762,0.4836404761904762,0.0,ok
46502,other_parties_co applicant,0.504297619047619,0.504297619047619,0.0,ok
46502,other_parties_guarantor,0.5079880952380953,0.5079880952380953,0.0,ok
46502,other_parties_none,0.4862428571428571,0.4862428571428571,0.0,ok
46502,other_payment_plans_bank,0.5392214285714286,0.5392214285714286,0.0,ok
46502,other_payment_plans_none,0.5485452380952381,0.5485452380952381,0.0,ok
46502,other_payment_plans_stores,0.5091595238095239,0.5091595238095239,0.0,ok
46502,own_telephone_none,0.5252761904761905,0.5252761904761905,0.0,ok
46502,own_telephone_yes,0.5096571428571429,0.5096571428571429,0.0,ok
46502,personal_status_female div/dep/mar,0.5430714285714285,0.5430714285714285,0.0,ok
46502,personal_status_male div/sep,0.5054857142857143,0.5054857142857143,0.0,ok
46502,personal_status_male single,0.539295238095238,0.539295238095238,0.0,ok
46502,property_magnitude_car,0.48567380952380956,0.48567380952380956,0.0,ok
46502,property_magnitude_life insurance,0.48179047619047627,0.48179047619047627,0.0,ok
46502,property_magnitude_no known property,0.5435142857142857,0.5435142857142857,0.0,ok
46502,property_magnitude_real estate,0.5535261904761906,0.5535261904761906,0.0,ok
46502,purpose_business,0.5152357142857142,0.5152357142857142,0.0,ok
46502,purpose_domestic appliance,0.4959142857142857,0.4959142857142857,0.0,ok
46502,purpose_education,0.5217309523809524,0.5217309523809524,0.0,ok
46502,purpose_furniture/equipment,0.5000428571428571,0.5000428571428571,0.0,ok
46502,purpose_new car,0.5417833333333333,0.5417833333333333,0.0,ok
46502,purpose_other,0.5049095238095238,0.5049095238095238,0.0,ok
46502,purpose_radio/tv,0.5465809523809524,0.5465809523809524,0.0,ok
46502,purpose_repairs,0.4996690476190476,0.4996690476190476,0.0,ok
46502,purpose_retraining,0.5020452380952382,0.5020452380952382,0.0,ok
46502,purpose_used car,0.5255547619047619,0.5255547619047619,0.0,ok
46502,residence_since,0.4592785714285714,0.4592785714285714,0.0,ok
46502,savings_status,0.5471476190476191,0.5471476190476191,0.0,ok
46517,clage,0.630551592631329,0.630551592631329,0.0,ok
46517,clno,0.5104381161837912,0.5104381161837912,0.0,ok
46517,debtinc,0.5618881351253253,0.5618881351253253,0.0,ok
46517,delinq,0.6554293452575387,0.6554293452575387,0.0,ok
46517,derog,0.5992589268038837,0.5992589268038837,0.0,ok
46517,job_mgr,0.5141643716179137,0.5141643716179137,0.0,ok
46517,job_missing,0.5160692782420564,0.5160692782420564,0.0,ok
46517,job_office,0.5265578111660387,0.5265578111660387,0.0,ok
46517,job_other,0.5448518602807577,0.5448518602807577,0.0,ok
46517,job_profexe,0.5170665072604512,0.5170665072604512,0.0,ok
46517,job_sales,0.507652591288234,0.507652591288234,0.0,ok
46517,job_self,0.5094665362412628,0.5094665362412628,0.0,ok
46517,loan,0.5781175658445271,0.5781175658445271,0.0,ok
46517,mortdue,0.5532864398888787,0.5532864398888787,0.0,ok
46517,ninq,0.5955827355453355,0.5955827355453355,0.0,ok
46517,reason_debtcon,0.5188919105635234,0.5188919105635234,0.0,ok
46517,reason_homeimp,0.5216599835105529,0.5216599835105529,0.0,ok
46517,reason_missing,0.4963476068530805,0.4963476068530805,0.0,ok
46517,value,0.553422089125162,0.553422089125162,0.0,ok
46517,yoj,0.5396022612789387,0.5396022612789387,0.0,ok
46532,age,0.5697619047619048,0.5697619047619048,0.0,ok
46532,checking_status,0.6741142857142858,0.6741142857142858,0.0,ok
46532,credit_amount,0.5550499999999999,0.5550499999999999,0.0,ok
46532,credit_history,0.5617047619047619,0.5617047619047619,0.0,ok
46532,duration,0.6302285714285712,0.6302285714285712,0.0,ok
46532,employment,0.4751357142857142,0.4751357142857142,0.0,ok
46532,existing_credits,0.5190809523809523,0.5190809523809523,0.0,ok
46532,foreign_worker,0.517,0.517,0.0,ok
46532,housing,0.4839119047619047,0.4839119047619047,0.0,ok
46532,installment_commitment,0.5437833333333333,0.5437833333333333,0.0,ok
46532,job,0.5174357142857142,0.5174357142857142,0.0,ok
46532,num_dependents,0.4836404761904762,0.4836404761904762,0.0,ok
46532,other_parties,0.4874119047619047,0.4874119047619047,0.0,ok
46532,other_payment_plans,0.5298190476190476,0.5298190476190476,0.0,ok
46532,own_telephone,0.5096571428571429,0.5096571428571429,0.0,ok
46532,personal_status,0.5457023809523809,0.5457023809523809,0.0,ok
46532,property_magnitude,0.5255119047619048,0.5255119047619048,0.0,ok
46532,purpose,0.583404761904762,0.583404761904762,0.0,ok
46532,residence_since,0.4592785714285714,0.4592785714285714,0.0,ok
46532,savings_status,0.5471476190476191,0.5471476190476191,0.0,ok
46535,a1,0.521045066805011,0.521045066805011,0.0,ok
46535,a10,0.7301562327246749,0.7301562327246749,0.0,ok
46535,a11,0.7691888995671069,0.7691888995671069,0.0,ok
46535,a12,0.5088194521223668,0.5088194521223668,0.0,ok
46535,a13,0.5231287367857052,0.5231287367857052,0.0,ok
46535,a14,0.5755053962800112,0.5755053962800112,0.0,ok
46535,a15,0.6642357183558568,0.6642357183558568,0.0,ok
46535,a2,0.5869145525212407,0.5869145525212407,0.0,ok
46535,a3,0.6099582415526318,0.6099582415526318,0.0,ok
46535,a4,0.5792134783681037,0.5792134783681037,0.0,ok
46535,a5,0.5727498490402361,0.5727498490402361,0.0,ok
46535,a6,0.5768066269210161,0.5768066269210161,0.0,ok
46535,a7,0.48130225121405673,0.48130225121405673,0.0,ok
46535,a8,0.719839940126381,0.719839940126381,0.0,ok
46535,a9,0.860555702026688,0.860555702026688,0.0,ok
46562,account_balance,0.70275,0.70275,0.0,ok
46562,age_years,0.5714785714285715,0.5714785714285715,0.0,ok
46562,concurrent_credits,0.5492238095238096,0.5492238095238096,0.0,ok
46562,credit_amount,0.5548119047619048,0.5548119047619048,0.0,ok
46562,duration_in_current_address,0.4527523809523809,0.4527523809523809,0.0,ok
46562,duration_of_credit_monthly,0.6307214285714287,0.6307214285714287,0.0,ok
46562,foreign_worker,0.5091833333333333,0.5091833333333333,0.0,ok
46562,guarantors,0.49977857142857146,0.49977857142857146,0.0,ok
46562,instalment_per_cent,0.5446619047619048,0.5446619047619048,0.0,ok
46562,length_of_current_employment,0.576352380952381,0.576352380952381,0.0,ok
46562,most_valuable_available_asset,0.5836928571428571,0.5836928571428571,0.0,ok
46562,no_of_credits_at_this_bank,0.5205928571428571,0.5205928571428571,0.0,ok
46562,no_of_dependents,0.48585952380952385,0.48585952380952385,0.0,ok
46562,occupation_2,0.49446904761904764,0.49446904761904764,0.0,ok
46562,occupation_3,0.47445238095238096,0.47445238095238096,0.0,ok
46562,occupation_4,0.5177880952380952,0.5177880952380952,0.0,ok
46562,payment_status_of_previous_credit,0.6286285714285714,0.6286285714285714,0.0,ok
46562,purpose_1,0.5265595238095238,0.5265595238095238,0.0,ok
46562,purpose_10,0.5038880952380952,0.5038880952380952,0.0,ok
46562,purpose_2,0.4804142857142856,0.4804142857142856,0.0,ok
46562,purpose_3,0.5604880952380953,0.5604880952380953,0.0,ok
46562,purpose_4,0.4984761904761905,0.4984761904761905,0.0,ok
46562,purpose_5,0.502,0.502,0.0,ok
46562,purpose_6,0.5304666666666666,0.5304666666666666,0.0,ok
46562,purpose_8,0.5033690476190475,0.5033690476190475,0.0,ok
46562,purpose_9,0.5071690476190476,0.5071690476190476,0.0,ok
46562,sex_marital_status_2,0.5302761904761905,0.5302761904761905,0.0,ok
46562,sex_marital_status_3,0.5431309523809523,0.5431309523809523,0.0,ok
46562,sex_marital_status_4,0.48996666666666666,0.48996666666666666,0.0,ok
46562,telephone,0.5221809523809524,0.5221809523809524,0.0,ok
46562,type_of_apartment_2,0.5689285714285715,0.5689285714285715,0.0,ok
46562,type_of_apartment_3,0.5362095238095239,0.5362095238095239,0.0,ok
46562,value_savings_stocks,0.5880690476190477,0.5880690476190477,0.0,ok
46590,age,0.6266666666666666,0.6266666666666666,0.0,ok
46590,chest,0.7539999999999999,0.7539999999999999,0.0,ok
46590,exercise_induced_angina,0.6893611111111111,0.6893611111111111,0.0,ok
46590,fasting_blood_sugar,0.4935555555555555,0.4935555555555555,0.0,ok
46590,maximum_heart_rate_achieved,0.7420833333333332,0.7420833333333332,0.0,ok
46590,number_of_major_vessels,0.7337777777777779,0.7337777777777779,0.0,ok
46590,oldpeak,0.731111111111111,0.731111111111111,0.0,ok
46590,resting_blood_pressure,0.5733888888888888,0.5733888888888888,0.0,ok
46590,resting_electrocardiographic_results,0.5903611111111111,0.5903611111111111,0.0,ok
46590,serum_cholestoral,0.5936388888888888,0.5936388888888888,0.0,ok
46590,sex,0.6399722222222223,0.6399722222222223,0.0,ok
46590,slope,0.6708611111111111,0.6708611111111111,0.0,ok
46590,thal,0.7516666666666667,0.7516666666666667,0.0,ok
46602,affected,1.0,1.0,0.0,ok
46602,ane,0.6176215277777778,0.6176215277777778,0.0,ok
46602,appet,0.6507161458333333,0.6507161458333333,0.0,ok
46602,ba,0.5213758680555556,0.5213758680555556,0.0,ok
46602,bp (Diastolic),0.5620659722222222,0.5620659722222222,0.0,ok
46602,bp limit,0.6400824652777778,0.6400824652777778,0.0,ok
46602,cad,0.56591796875,0.56591796875,0.0,ok
46602,dm,0.7503255208333334,0.7503255208333334,0.0,ok
46602,htn,0.7805989583333334,0.7805989583333334,0.0,ok
46602,pc,0.6551649305555556,0.6551649305555556,0.0,ok
46602,pcc,0.5739474826388888,0.5739474826388888,0.0,ok
46602,pe,0.6123046875,0.6123046875,0.0,ok
46602,rbc,0.5787217881944444,0.5787217881944444,0.0,ok
46667,Metascore,0.6326641651031895,0.6326641651031895,0.0,ok
46667,Rank,0.5292401500938086,0.5292401500938086,0.0,ok
46667,Rating,0.6440587867417136,0.6440587867417136,0.0,ok
46667,Revenue (Millions),0.6906597873671045,0.6906597873671045,0.0,ok
46667,Runtime (Minutes),0.6276860537836148,0.6276860537836148,0.0,ok
46667,Votes,0.5896622889305816,0.5896622889305816,0.0,ok
46667,Year,0.5207567229518448,0.5207567229518448,0.0,ok
46846,ATRX,0.6288267687138324,0.6288267687138324,0.0,ok
46846,Age_at_diagnosis,0.8104903630763487,0.8104903630763487,0.0,ok
46846,BCOR,0.4910718452492066,0.4910718452492066,0.0,ok
46846,CIC,0.5956604676124697,0.5956604676124697,0.0,ok
46846,CSMD3,0.5098323455292142,0.5098323455292142,0.0,ok
46846,EGFR,0.5791575275340676,0.5791575275340676,0.0,ok
46846,FAT4,0.5042321961918984,0.5042321961918984,0.0,ok
46846,FUBP1,0.5311158297554601,0.5311158297554601,0.0,ok
46846,GRIN2A,0.5188509193578495,0.5188509193578495,0.0,ok
46846,Gender,0.5304828962105657,0.5304828962105657,0.0,ok
46846,IDH1,0.8499247479932798,0.8499247479932798,0.0,ok
46846,IDH2,0.51687336662311,0.51687336662311,0.0,ok
46846,MUC16,0.5435032434198246,0.5435032434198246,0.0,ok
46846,NF1,0.5242148123949972,0.5242148123949972,0.0,ok
46846,NOTCH1,0.5310254106776181,0.5310254106776181,0.0,ok
46846,PDGFRA,0.5128949271980586,0.5128949271980586,0.0,ok
46846,PIK3CA,0.5013708698898637,0.5013708698898637,0.0,ok
46846,PIK3R1,0.5193671831248834,0.5193671831248834,0.0,ok
46846,PTEN,0.6307693205152137,0.6307693205152137,0.0,ok
46846,RB1,0.5402510733619563,0.5402510733619563,0.0,ok
46846,SMARCA4,0.5194838529027441,0.5194838529027441,0.0,ok
46846,TP53,0.572629853462759,0.572629853462759,0.0,ok
46860,adlsc,0.599529401416194,0.599529401416194,0.0,ok
46860,age,0.6019628876618585,0.6019628876618585,0.0,ok
46860,aps,0.5844384714453326,0.5844384714453326,0.0,ok
46860,avtisst,0.547746259045573,0.547746259045573,0.0,ok
46860,bili,0.5063733277712694,0.5063733277712694,0.0,ok
46860,charges,0.5208962508490811,0.5208962508490811,0.0,ok
46860,crea,0.5259158524595917,0.5259158524595917,0.0,ok
46860,d.time,0.9371131655651382,0.9371131655651382,0.0,ok
46860,dementia,0.5057696417044615,0.5057696417044615,0.0,ok
46860,diabetes,0.5025586271298107,0.5025586271298107,0.0,ok
46860,dnrday,0.6394739162749454,0.6394739162749454,0.0,ok
46860,edu,0.5038284725248704,0.5038284725248704,0.0,ok
46860,hday,0.5126250964587156,0.5126250964587156,0.0,ok
46860,hospdead,0.685432329407458,0.685432329407458,0.0,ok
46860,hrt,0.4903624582012232,0.4903624582012232,0.0,ok
46860,meanbp,0.5194137187061716,0.5194137187061716,0.0,ok
46860,num.co,0.544165319465491,0.544165319465491,0.0,ok
46860,pafi,0.4959895775719103,0.4959895775719103,0.0,ok
46860,ph,0.4983169981025899,0.4983169981025899,0.0,ok
46860,prg2m,0.6689426369958102,0.6689426369958102,0.0,ok
46860,prg6m,0.7120651527812762,0.7120651527812762,0.0,ok
46860,resp,0.5028375077688971,0.5028375077688971,0.0,ok
46860,scoma,0.5548677943617909,0.5548677943617909,0.0,ok
46860,slos,0.5729041858973248,0.5729041858973248,0.0,ok
46860,sod,0.5124390649690822,0.5124390649690822,0.0,ok
46860,sps,0.5850070891880499,0.5850070891880499,0.0,ok
46860,surv2m,0.7109983871347507,0.7109983871347507,0.0,ok
46860,surv6m,0.7414436343467218,0.7414436343467218,0.0,ok
46860,temp,0.521768155451689,0.521768155451689,0.0,ok
46860,totcst,0.5183914062559002,0.5183914062559002,0.0,ok
46860,wblc,0.512272636200595,0.512272636200595,0.0,ok
46868,AbnormalExtFormActionR,0.5650191000000001,0.5650191000000001,0.0,ok
46868,AbnormalFormAction,0.53260844,0.53260844,0.0,ok
46868,AtSymbol,0.5001,0.5001,0.0,ok
46868,DomainInPaths,0.55978432,0.55978432,0.0,ok
46868,DomainInSubdomains,0.51482574,0.51482574,0.0,ok
46868,DoubleSlashInPath,0.5003401199999999,0.5003401199999999,0.0,ok
46868,EmbeddedBrandName,0.53128216,0.53128216,0.0,ok
46868,ExtFavicon,0.52521504,0.52521504,0.0,ok
46868,ExtFormAction,0.53142414,0.53142414,0.0,ok
46868,ExtMetaScriptLinkRT,0.57900416,0.57900416,0.0,ok
46868,FakeLinkInStatusBar,0.50078118,0.50078118,0.0,ok
46868,FrequentDomainNameMismatch,0.6864439400000001,0.6864439400000001,0.0,ok
46868,HostnameLength,0.57287608,0.57287608,0.0,ok
46868,HttpsInHostname,0.5,0.5,0.0,ok
46868,IframeOrFrame,0.610082,0.610082,0.0,ok
46868,ImagesOnlyInForm,0.499637,0.499637,0.0,ok
46868,InsecureForms,0.6147878400000001,0.6147878400000001,0.0,ok
46868,IpAddress,0.51624,0.51624,0.0,ok
46868,MissingTitle,0.5194793,0.5194793,0.0,ok
46868,NoHttps,0.50759438,0.50759438,0.0,ok
46868,NumAmpersand,0.5493931200000001,0.5493931200000001,0.0,ok
46868,NumDash,0.66733848,0.66733848,0.0,ok
46868,NumDashInHostname,0.54478856,0.54478856,0.0,ok
46868,NumDots,0.67844444,0.67844444,0.0,ok
46868,NumHash,0.5017,0.5017,0.0,ok
46868,NumNumericChars,0.6268436599999999,0.6268436599999999,0.0,ok
46868,NumPercent,0.5101772,0.5101772,0.0,ok
46868,NumQueryComponents,0.5918530799999999,0.5918530799999999,0.0,ok
46868,NumSensitiveWords,0.57646904,0.57646904,0.0,ok
46868,NumUnderscore,0.53641302,0.53641302,0.0,ok
46868,PathLength,0.52627656,0.52627656,0.0,ok
46868,PathLevel,0.6433077999999999,0.6433077999999999,0.0,ok
46868,PctExtHyperlinks,0.58546932,0.58546932,0.0,ok
46868,PctExtNullSelfRedirectHyperlinksRT,0.75635664,0.75635664,0.0,ok
46868,PctExtResourceUrls,0.57540894,0.57540894,0.0,ok
46868,PctExtResourceUrlsRT,0.53732172,0.53732172,0.0,ok
46868,PctNullSelfRedirectHyperlinks,0.52656726,0.52656726,0.0,ok
46868,PopUpWindow,0.50385934,0.50385934,0.0,ok
46868,QueryLength,0.58525754,0.58525754,0.0,ok
46868,RandomString,0.5419535600000001,0.5419535600000001,0.0,ok
46868,RelativeFormAction,0.5367963,0.5367963,0.0,ok
46868,RightClickDisabled,0.50760582,0.50760582,0.0,ok
46868,SubdomainLevel,0.50647452,0.50647452,0.0,ok
46868,SubdomainLevelRT,0.51037542,0.51037542,0.0,ok
46868,SubmitInfoToEmail,0.6169529,0.6169529,0.0,ok
46868,TildeSymbol,0.51029574,0.51029574,0.0,ok
46868,UrlLength,0.5833373399999999,0.5833373399999999,0.0,ok
46868,UrlLengthRT,0.59078294,0.59078294,0.0,ok
46876,Age,0.5703949085931602,0.5703949085931602,0.0,ok
46876,Married,0.5351604117717615,0.5351604117717615,0.0,ok
46876,Number_children,0.4595213400221549,0.4595213400221549,0.0,ok
46876,durable_asset,0.5215693330228817,0.5215693330228817,0.0,ok
46876,education_level,0.5663149390738663,0.5663149390738663,0.0,ok
46876,farm_expenses,0.49748640010160233,0.49748640010160233,0.0,ok
46876,gained_asset,0.45109504759082475,0.45109504759082475,0.0,ok
46876,incoming_agricultural,0.5287979171517473,0.5287979171517473,0.0,ok
46876,incoming_business,0.49912685477213553,0.49912685477213553,0.0,ok
46876,incoming_no_business,0.5080329360963529,0.5080329360963529,0.0,ok
46876,incoming_own_farm,0.4881516838473424,0.4881516838473424,0.0,ok
46876,incoming_salary,0.4976680848661883,0.4976680848661883,0.0,ok
46876,labor_primary,0.5098180330066535,0.5098180330066535,0.0,ok
46876,lasting_investment,0.5142613720551192,0.5142613720551192,0.0,ok
46876,living_expenses,0.5414258902553465,0.5414258902553465,0.0,ok
46876,no_lasting_investmen,0.54093022599468,0.54093022599468,0.0,ok
46876,other_expenses,0.46551870118324407,0.46551870118324407,0.0,ok
46876,save_asset,0.46052854391126735,0.46052854391126735,0.0,ok
46876,sex,0.4921028864946483,0.4921028864946483,0.0,ok
46876,total_members,0.5316748865793167,0.5316748865793167,0.0,ok
46911,active_member,0.5929851002713765,0.5929851002713765,0.0,ok
46911,age,0.7320717362968184,0.7320717362968184,0.0,ok
46911,balance,0.5765792650113303,0.5765792650113303,0.0,ok
46911,country,0.5354178884902813,0.5354178884902813,0.0,ok
46911,credit_card,0.5038174840423902,0.5038174840423902,0.0,ok
46911,credit_score,0.5166672307630942,0.5166672307630942,0.0,ok
46911,estimated_salary,0.508673552835275,0.508673552835275,0.0,ok
46911,gender,0.5676393538574425,0.5676393538574425,0.0,ok
46911,products_number,0.5773567625081909,0.5773567625081909,0.0,ok
46911,tenure,0.5101397103478896,0.5101397103478896,0.0,ok
46915,account_length,0.5168803792628438,0.5168803792628438,0.0,ok
46915,area_code,0.4960952519330999,0.4960952519330999,0.0,ok
46915,international_plan,0.5972834629973929,0.5972834629973929,0.0,ok
46915,number_customer_service_calls,0.6126991704860812,0.6126991704860812,0.0,ok
46915,number_vmail_messages,0.5679740480786624,0.5679740480786624,0.0,ok
46915,state,0.48786518364325204,0.48786518364325204,0.0,ok
46915,total_day_calls,0.5161127074073086,0.5161127074073086,0.0,ok
46915,total_day_charge,0.6400852873547312,0.6400852873547312,0.0,ok
46915,total_day_minutes,0.6400852873547312,0.6400852873547312,0.0,ok
46915,total_eve_calls,0.5071709776548186,0.5071709776548186,0.0,ok
46915,total_eve_charge,0.5701128214049318,0.5701128214049318,0.0,ok
46915,total_eve_minutes,0.5701238587470607,0.5701238587470607,0.0,ok
46915,total_intl_calls,0.553204601682091,0.553204601682091,0.0,ok
46915,total_intl_charge,0.5475818171814186,0.5475818171814186,0.0,ok
46915,total_intl_minutes,0.5475818171814186,0.5475818171814186,0.0,ok
46915,total_night_calls,0.48606362582948925,0.48606362582948925,0.0,ok
46915,total_night_charge,0.5367843313232191,0.5367843313232191,0.0,ok
46915,total_night_minutes,0.5367808718577758,0.5367808718577758,0.0,ok
46915,voice_mail_plan,0.57321662085346,0.57321662085346,0.0,ok
46916,averageIncome,0.6070067121236533,0.6070067121236533,0.0,ok
46916,avgSizeHousehold,0.5447414553823368,0.5447414553823368,0.0,ok
46916,contributionAgriculturalMachinesPolicies,0.5021638690862437,0.5021638690862437,0.0,ok
46916,contributionBicyclePolicies,0.5023344990739604,0.5023344990739604,0.0,ok
46916,contributionBoatPolicies,0.5101224138517184,0.5101224138517184,0.0,ok
46916,contributionCarPolicies,0.661660781302427,0.661660781302427,0.0,ok
46916,contributionDeliveryVanPolicies,0.5016159500515124,0.5016159500515124,0.0,ok
46916,contributionDisabilityInsurancePolicies,0.4992092080699208,0.4992092080699208,0.0,ok
46916,contributionFamilyAccidentsInsurancePolicies,0.5049443895899264,0.5049443895899264,0.0,ok
46916,contributionFirePolicies,0.6154214403646807,0.6154214403646807,0.0,ok
46916,contributionLifeInsurances,0.5179857125330913,0.5179857125330913,0.0,ok
46916,contributionLorryPolicies,0.500232987996222,0.500232987996222,0.0,ok
46916,contributionMopedPolicies,0.5195268329743975,0.5195268329743975,0.0,ok
46916,contributionMotorcycleScooterPolicies,0.495401212350544,0.495401212350544,0.0,ok
46916,contributionPrivateAccidentInsurancePolicies,0.5007058002740427,0.5007058002740427,0.0,ok
46916,contributionPropertyInsurancePolicies,0.4998036877510026,0.4998036877510026,0.0,ok
46916,contributionSocialSecurityInsurancePolicies,0.5128653347858284,0.5128653347858284,0.0,ok
46916,contributionSurfboardPolicies,0.5012545507488874,0.5012545507488874,0.0,ok
46916,contributionThirdPartyInsuranceAgriculture,0.508453990690827,0.508453990690827,0.0,ok
46916,contributionThirdPartyInsuranceFirms,0.5001687823430204,0.5001687823430204,0.0,ok
46916,contributionTractorPolicies,0.5061670684678001,0.5061670684678001,0.0,ok
46916,contributionTrailerPolicies,0.502130426717238,0.502130426717238,0.0,ok
46916,customerMainType,0.5472774401104448,0.5472774401104448,0.0,ok
46916,customerSubtype,0.5632858956716336,0.5632858956716336,0.0,ok
46916,entrepreneur,0.53457922478741,0.53457922478741,0.0,ok
46916,farmer,0.5612058172723738,0.5612058172723738,0.0,ok
46916,highLevelEducation,0.5940010487231296,0.5940010487231296,0.0,ok
46916,highStatus,0.5619683402385975,0.5619683402385975,0.0,ok
46916,homeOwners,0.5939652967982534,0.5939652967982534,0.0,ok
46916,householdWithChildren,0.5439413328465407,0.5439413328465407,0.0,ok
46916,householdWithoutChildren,0.4754946883910266,0.4754946883910266,0.0,ok
46916,income30To45k,0.48716376561814057,0.48716376561814057,0.0,ok
46916,income45To75k,0.5869666034525829,0.5869666034525829,0.0,ok
46916,income75To122k,0.5547252958818217,0.5547252958818217,0.0,ok
46916,incomeAbove123k,0.5069531489039033,0.5069531489039033,0.0,ok
46916,incomeLessThan30k,0.5989907979903538,0.5989907979903538,0.0,ok
46916,livingTogether,0.5311194177110786,0.5311194177110786,0.0,ok
46916,lowerLevelEducation,0.60157713103644,0.60157713103644,0.0,ok
46916,married,0.580689692507579,0.580689692507579,0.0,ok
46916,mediumLevelEducation,0.5377774053747245,0.5377774053747245,0.0,ok
46916,middleManagement,0.5415795810133074,0.5415795810133074,0.0,ok
46916,nationalHealthService,0.5677021360250807,0.5677021360250807,0.0,ok
46916,noCar,0.5909057819454072,0.5909057819454072,0.0,ok
46916,noReligion,0.5400140716620082,0.5400140716620082,0.0,ok
46916,numberOfAgriculturalMachinesPolicies,0.5022395301365631,0.5022395301365631,0.0,ok
46916,numberOfBicyclePolicies,0.502401291429737,0.502401291429737,0.0,ok
46916,numberOfBoatPolicies,0.510129896812739,0.510129896812739,0.0,ok
46916,numberOfCarPolicies,0.640250182177767,0.640250182177767,0.0,ok
46916,numberOfDeliveryVanPolicies,0.5016248187460554,0.5016248187460554,0.0,ok
46916,numberOfDisabilityInsurancePolicies,0.49915571875595866,0.49915571875595866,0.0,ok
46916,numberOfFamilyAccidentsInsurancePolicies,0.5049096538696332,0.5049096538696332,0.0,ok
46916,numberOfFirePolicies,0.5722431847777727,0.5722431847777727,0.0,ok
46916,numberOfHouses,0.5069545346374256,0.5069545346374256,0.0,ok
46916,numberOfLifeInsurances,0.5182608268283923,0.5182608268283923,0.0,ok
46916,numberOfLorryPolicies,0.5002437967176961,0.5002437967176961,0.0,ok
46916,numberOfMopedPolicies,0.5195792137015418,0.5195792137015418,0.0,ok
46916,numberOfMotorcycleScooterPolicies,0.4953617651362749,0.4953617651362749,0.0,ok
46916,numberOfPrivateAccidentInsurancePolicies,0.5007021973668846,0.5007021973668846,0.0,ok
46916,numberOfPrivateThirdPartyInsurance,0.5934106338603802,0.5934106338603802,0.0,ok
46916,numberOfPropertyInsurancePolicies,0.499830478599101,0.499830478599101,0.0,ok
46916,numberOfSocialSecurityInsurancePolicies,0.5128295828609521,0.5128295828609521,0.0,ok
46916,numberOfSurfboardPolicies,0.5012546431311222,0.5012546431311222,0.0,ok
46916,numberOfThirdPartyInsuranceAgriculture,0.5086451295346744,0.5086451295346744,0.0,ok
46916,numberOfThirdPartyInsuranceFirms,0.5001452248731407,0.5001452248731407,0.0,ok
46916,numberOfTractorPolicies,0.5062079937978263,0.5062079937978263,0.0,ok
46916,numberOfTrailerPolicies,0.5021309810106468,0.5021309810106468,0.0,ok
46916,oneCar,0.5881674801230383,0.5881674801230383,0.0,ok
46916,otherRelation,0.5678387693503829,0.5678387693503829,0.0,ok
46916,otherReligion,0.49369897729170764,0.49369897729170764,0.0,ok
46916,privateHealthInsurance,0.5690385374340204,0.5690385374340204,0.0,ok
46916,protestant,0.5337754993444558,0.5337754993444558,0.0,ok
46916,purchasingPowerClass,0.6170217778185081,0.6170217778185081,0.0,ok
46916,rentedHouse,0.5932094253529372,0.5932094253529372,0.0,ok
46916,romanCatholic,0.5197028211317342,0.5197028211317342,0.0,ok
46916,singles,0.5631518490489065,0.5631518490489065,0.0,ok
46916,skilledLabourers,0.5515610195746868,0.5515610195746868,0.0,ok
46916,socialClassA,0.5690793703818121,0.5690793703818121,0.0,ok
46916,socialClassB1,0.5316842426947824,0.5316842426947824,0.0,ok
46916,socialClassB2,0.5086855005712918,0.5086855005712918,0.0,ok
46916,socialClassC,0.562695573191119,0.562695573191119,0.0,ok
46916,socialClassD,0.5611815207446156,0.5611815207446156,0.0,ok
46916,twoCars,0.4728416553713987,0.4728416553713987,0.0,ok
46916,unskilledLabourers,0.5648238751169558,0.5648238751169558,0.0,ok
46925,Age,0.5369185022928267,0.5369185022928267,0.0,ok
46925,City,0.6115247297739927,0.6115247297739927,0.0,ok
46925,Education,0.5505375859810023,0.5505375859810023,0.0,ok
46925,EverBenched,0.526193088765149,0.526193088765149,0.0,ok
46925,ExperienceInCurrentDomain,0.5199568047821814,0.5199568047821814,0.0,ok
46925,Gender,0.6145061210284966,0.6145061210284966,0.0,ok
46925,JoiningYear,0.6116414182771044,0.6116414182771044,0.0,ok
46925,PaymentTier,0.6087033245987552,0.6087033245987552,0.0,ok
46927,category,0.5038104042250319,0.5038104042250319,0.0,ok
46927,day_of_week,0.5089611357721042,0.5089611357721042,0.0,ok
46927,days_before,0.5153174248869198,0.5153174248869198,0.0,ok
46927,months_as_member,0.821726990170231,0.821726990170231,0.0,ok
46927,time,0.5165924731092224,0.5165924731092224,0.0,ok
46927,weight,0.6844197740921993,0.6844197740921993,0.0,ok
46930,s12,0.6696979166666667,0.6696979166666667,0.0,ok
46930,s13,0.5693913194444444,0.5693913194444444,0.0,ok
46930,s14,0.5604055555555556,0.5604055555555556,0.0,ok
46930,s15,0.5450409722222223,0.5450409722222223,0.0,ok
46930,s16,0.5387614583333333,0.5387614583333333,0.0,ok
46930,s21,0.6156819444444445,0.6156819444444445,0.0,ok
46930,s23,0.5703013888888889,0.5703013888888889,0.0,ok
46930,s24,0.5181045138888889,0.5181045138888889,0.0,ok
46930,s25,0.528942013888889,0.528942013888889,0.0,ok
46930,s26,0.5497975694444445,0.5497975694444445,0.0,ok
46930,s31,0.6598909722222221,0.6598909722222221,0.0,ok
46930,s32,0.5837409722222222,0.5837409722222222,0.0,ok
46930,s34,0.5553118055555555,0.5553118055555555,0.0,ok
46930,s35,0.5871600694444444,0.5871600694444444,0.0,ok
46930,s36,0.6999163194444444,0.6999163194444444,0.0,ok
46930,s41,0.46926874999999996,0.46926874999999996,0.0,ok
46930,s42,0.6003777777777778,0.6003777777777778,0.0,ok
46930,s43,0.5683065972222222,0.5683065972222222,0.0,ok
46930,s45,0.6612975694444445,0.6612975694444445,0.0,ok
46930,s46,0.6218364583333335,0.6218364583333335,0.0,ok
46930,s51,0.6070083333333333,0.6070083333333333,0.0,ok
46930,s52,0.8217663194444444,0.8217663194444444,0.0,ok
46930,s53,0.766304513888889,0.766304513888889,0.0,ok
46930,s54,0.7251010416666667,0.7251010416666667,0.0,ok
46930,s56,0.6010204861111111,0.6010204861111111,0.0,ok
46930,s61,0.5349993055555555,0.5349993055555555,0.0,ok
46930,s62,0.6415225694444444,0.6415225694444444,0.0,ok
46930,s63,0.7487465277777777,0.7487465277777777,0.0,ok
46930,s64,0.6751604166666667,0.6751604166666667,0.0,ok
46930,s65,0.6570121527777777,0.6570121527777777,0.0,ok
46938,age,0.587007003194205,0.587007003194205,0.0,ok
46938,credit_amount,0.4681164214212207,0.4681164214212207,0.0,ok
46938,credit_term,0.6067252048167008,0.6067252048167008,0.0,ok
46938,education,0.5885105515683681,0.5885105515683681,0.0,ok
46938,family_status,0.5258125843657699,0.5258125843657699,0.0,ok
46938,having_children_flg,0.5428043516031167,0.5428043516031167,0.0,ok
46938,income,0.5406141828047525,0.5406141828047525,0.0,ok
46938,is_client,0.5734633735616054,0.5734633735616054,0.0,ok
46938,month,0.47299961241864147,0.47299961241864147,0.0,ok
46938,phone_operator,0.5320690162115927,0.5320690162115927,0.0,ok
46938,product_type,0.6366792296486373,0.6366792296486373,0.0,ok
46938,region,0.5292740868449541,0.5292740868449541,0.0,ok
46938,sex,0.5720366732154551,0.5720366732154551,0.0,ok
46940,AcceptedCmp1,0.5857440418219175,0.5857440418219175,0.0,ok
46940,AcceptedCmp2,0.5227504068463283,0.5227504068463283,0.0,ok
46940,AcceptedCmp3,0.5787828854358439,0.5787828854358439,0.0,ok
46940,AcceptedCmp4,0.5657944342165615,0.5657944342165615,0.0,ok
46940,AcceptedCmp5,0.6073288889168148,0.6073288889168148,0.0,ok
46940,Complain,0.4985336252992441,0.4985336252992441,0.0,ok
46940,Education,0.5726008633310504,0.5726008633310504,0.0,ok
46940,Income,0.6297580599556396,0.6297580599556396,0.0,ok
46940,Kidhome,0.5560371910952492,0.5560371910952492,0.0,ok
46940,Marital_Status,0.5079460700843853,0.5079460700843853,0.0,ok
46940,MntFishProducts,0.5942414750771279,0.5942414750771279,0.0,ok
46940,MntFruits,0.6204532173847479,0.6204532173847479,0.0,ok
46940,MntGoldProds,0.6484627806297164,0.6484627806297164,0.0,ok
46940,MntMeatProducts,0.6807300928049463,0.6807300928049463,0.0,ok
46940,MntSweetProducts,0.6105412469918505,0.6105412469918505,0.0,ok
46940,MntWines,0.661442592255154,0.661442592255154,0.0,ok
46940,NumCatalogPurchases,0.6850255417810758,0.6850255417810758,0.0,ok
46940,NumDealsPurchases,0.5281721446927761,0.5281721446927761,0.0,ok
46940,NumStorePurchases,0.5438804971379383,0.5438804971379383,0.0,ok
46940,NumWebPurchases,0.6386890437383365,0.6386890437383365,0.0,ok
46940,NumWebVisitsMonth,0.4911483433971512,0.4911483433971512,0.0,ok
46940,Recency,0.660493807767466,0.660493807767466,0.0,ok
46940,Teenhome,0.6202623609025391,0.6202623609025391,0.0,ok
46940,Year_Birth,0.4768820177064549,0.4768820177064549,0.0,ok
46950,adjusted_liquidity_ratio,0.6004847006651886,0.6004847006651886,0.0,ok
46950,book_value_equity_to_total_liabilities,0.7215416851441242,0.7215416851441242,0.0,ok
46950,constant_capital_to_fixed_assets,0.7005951219512194,0.7005951219512194,0.0,ok
46950,constant_capital_to_total_assets,0.7240855875831486,0.7240855875831486,0.0,ok
46950,current_assets_minus_inventory_to_short_term_liabilities,0.7508827050997782,0.7508827050997782,0.0,ok
46950,current_assets_to_short_term_liabilities,0.7254217294900221,0.7254217294900221,0.0,ok
46950,current_assets_to_total_liabilities,0.7034248337028824,0.7034248337028824,0.0,ok
46950,current_liabilities_days_ratio,0.6599638580931264,0.6599638580931264,0.0,ok
46950,ebit_to_total_assets,0.7657172949002218,0.7657172949002218,0.0,ok
46950,ebitda_to_sales,0.711631263858093,0.711631263858093,0.0,ok
46950,ebitda_to_total_assets,0.7098148558758315,0.7098148558758315,0.0,ok
46950,equity_minus_share_capital_to_total_assets,0.7633776053215078,0.7633776053215078,0.0,ok
46950,equity_to_fixed_assets,0.6946243902439024,0.6946243902439024,0.0,ok
46950,equity_to_total_assets,0.7158481152993348,0.7158481152993348,0.0,ok
46950,extended_profit_to_total_assets,0.7511940133037693,0.7511940133037693,0.0,ok
46950,gross_margin,0.7233882483370289,0.7233882483370289,0.0,ok
46950,gross_profit_plus_depreciation_to_sales,0.7847787139689579,0.7847787139689579,0.0,ok
46950,gross_profit_plus_depreciation_to_total_liabilities,0.7925638580931265,0.7925638580931265,0.0,ok
46950,gross_profit_plus_interest_to_sales,0.7682456762749446,0.7682456762749446,0.0,ok
46950,gross_profit_plus_interest_to_total_assets,0.765760088691796,0.765760088691796,0.0,ok
46950,gross_profit_to_sales,0.7713328159645233,0.7713328159645233,0.0,ok
46950,gross_profit_to_short_term_liabilities,0.777329046563193,0.777329046563193,0.0,ok
46950,gross_profit_to_total_assets,0.7657767184035478,0.7657767184035478,0.0,ok
46950,inventory_days_cost_ratio,0.5561226164079822,0.5561226164079822,0.0,ok
46950,inventory_days_ratio,0.4733929046563192,0.4733929046563192,0.0,ok
46950,inventory_turnover_ratio,0.5198175166297118,0.5198175166297118,0.0,ok
46950,liabilities_days_ratio,0.6708423503325942,0.6708423503325942,0.0,ok
46950,liabilities_to_adjusted_operating_profit,0.6735736141906874,0.6735736141906874,0.0,ok
46950,liquid_assets_to_short_term_liabilities,0.6748534368070953,0.6748534368070953,0.0,ok
46950,liquidity_days_ratio,0.7017758314855875,0.7017758314855875,0.0,ok
46950,log_total_assets,0.6651379157427938,0.6651379157427938,0.0,ok
46950,long_term_liabilities_to_equity,0.5684419068736142,0.5684419068736142,0.0,ok
46950,net_liabilities_to_sales,0.6801505543237251,0.6801505543237251,0.0,ok
46950,net_profit_plus_depreciation_to_total_liabilities,0.7939942350332595,0.7939942350332595,0.0,ok
46950,net_profit_to_inventory,0.7611184035476719,0.7611184035476719,0.0,ok
46950,net_profit_to_sales,0.7727871396895788,0.7727871396895788,0.0,ok
46950,net_profit_to_total_assets,0.7673082039911308,0.7673082039911308,0.0,ok
46950,operating_expenses_to_short_term_liabilities,0.6441436807095344,0.6441436807095344,0.0,ok
46950,operating_expenses_to_total_liabilities,0.5162328159645232,0.5162328159645232,0.0,ok
46950,operating_profit_to_financial_expenses,0.6504170731707317,0.6504170731707317,0.0,ok
46950,operating_profit_to_sales,0.7555137472283814,0.7555137472283814,0.0,ok
46950,operating_profit_to_total_assets,0.749019733924612,0.749019733924612,0.0,ok
46950,receivables_days_ratio,0.5630869179600887,0.5630869179600887,0.0,ok
46950,receivables_plus_inventory_turnover_days,0.5152447893569845,0.5152447893569845,0.0,ok
46950,receivables_turnover_ratio,0.5597667405764967,0.5597667405764967,0.0,ok
46950,retained_earnings_to_total_assets,0.7195372505543237,0.7195372505543237,0.0,ok
46950,sales_growth_ratio,0.6859037694013304,0.6859037694013304,0.0,ok
46950,sales_profit_to_sales,0.7884716186252771,0.7884716186252771,0.0,ok
46950,sales_profit_to_total_assets,0.7801824833702882,0.7801824833702882,0.0,ok
46950,sales_to_fixed_assets,0.4879656319290466,0.4879656319290466,0.0,ok
46950,sales_to_short_term_liabilities,0.7020776053215078,0.7020776053215078,0.0,ok
46950,sales_to_total_assets,0.5273640798226163,0.5273640798226163,0.0,ok
46950,short_term_liabilities_days_cost_ratio,0.6440139689578714,0.6440139689578714,0.0,ok
46950,short_term_liabilities_days_ratio,0.6968266075388027,0.6968266075388027,0.0,ok
46950,short_term_liabilities_to_total_assets,0.7079035476718404,0.7079035476718404,0.0,ok
46950,three_year_gross_profit_to_total_assets,0.7098736141906874,0.7098736141906874,0.0,ok
46950,total_assets_to_total_liabilities,0.7191035476718404,0.7191035476718404,0.0,ok
46950,total_costs_to_total_sales,0.7078452328159645,0.7078452328159645,0.0,ok
46950,total_liabilities_to_total_assets,0.7149835920177383,0.7149835920177383,0.0,ok
46950,total_sales_to_total_assets,0.521839467849224,0.521839467849224,0.0,ok
46950,working_capital_absolute,0.7525128603104213,0.7525128603104213,0.0,ok
46950,working_capital_to_fixed_assets,0.6927254988913526,0.6927254988913526,0.0,ok
46950,working_capital_to_total_assets,0.7077070953436807,0.7077070953436807,0.0,ok
46951,Area,0.5915560897435896,0.5915560897435896,0.0,ok
46951,Aspect_Ration,0.931734935897436,0.931734935897436,0.0,ok
46951,Compactness,0.9323176282051282,0.9323176282051282,0.0,ok
46951,Convex_Area,0.590426282051282,0.590426282051282,0.0,ok
46951,Eccentricity,0.9317403846153846,0.9317403846153846,0.0,ok
46951,Equiv_Diameter,0.5915560897435896,0.5915560897435896,0.0,ok
46951,Extent,0.5777067307692307,0.5777067307692307,0.0,ok
46951,Major_Axis_Length,0.8268272435897436,0.8268272435897436,0.0,ok
46951,Minor_Axis_Length,0.7289907051282052,0.7289907051282052,0.0,ok
46951,Perimeter,0.720396153846154,0.720396153846154,0.0,ok
46951,Roundness,0.9020855769230769,0.9020855769230769,0.0,ok
46951,Solidity,0.6041144230769231,0.6041144230769231,0.0,ok
46952,Adjacency_LeadingEigenvalue,0.7636966289870842,0.7636966289870842,0.0,ok
46952,C026_chemical_substructure,0.6715690422938202,0.6715690422938202,0.0,ok
46952,Freq_CN_At_Dist2,0.6474400048358823,0.6474400048358823,0.0,ok
46952,Freq_CN_At_Dist3,0.6483527776098652,0.6483527776098652,0.0,ok
46952,Freq_CN_At_Dist4,0.6375828648572408,0.6375828648572408,0.0,ok
46952,Freq_CO_At_Dist3,0.5452235588063431,0.5452235588063431,0.0,ok
46952,Freq_NN_At_Dist1,0.5176832094138508,0.5176832094138508,0.0,ok
46952,Intrinsic_State_Pseudoconnectivity,0.4663281549094279,0.4663281549094279,0.0,ok
46952,Intrinsic_State_Pseudoconnectivity_SAvg,0.5833645650728404,0.5833645650728404,0.0,ok
46952,Laplace_Leading_Eigenvalue,0.7663100203510044,0.7663100203510044,0.0,ok
46952,Laplace_Spectral_Moment6,0.7287473050031231,0.7287473050031231,0.0,ok
46952,Mean_Ionization_Potential,0.6585202200326422,0.6585202200326422,0.0,ok
46952,Mean_Sanderson_Electronegativity,0.5257309234520139,0.5257309234520139,0.0,ok
46952,N073_chemical_substructure,0.512976284027484,0.512976284027484,0.0,ok
46952,Num_Aromatic_Nitro_Groups,0.5349029801124343,0.5349029801124343,0.0,ok
46952,Num_CRX3,0.5120171673819742,0.5120171673819742,0.0,ok
46952,Num_Circuits,0.6955489733824981,0.6955489733824981,0.0,ok
46952,Num_Esters,0.5245763565657175,0.5245763565657175,0.0,ok
46952,Num_HBond_Donors_Atoms,0.4784581595438151,0.4784581595438151,0.0,ok
46952,Num_Halogen_Atoms,0.6335307985250559,0.6335307985250559,0.0,ok
46952,Num_Heavy_Atoms,0.6723891273247496,0.6723891273247496,0.0,ok
46952,Num_N_Hydrazine,0.5040057224606581,0.5040057224606581,0.0,ok
46952,Num_Nitrogen_Atoms,0.6480485200185376,0.6480485200185376,0.0,ok
46952,Num_Oxygen_Atoms,0.6294565677325756,0.6294565677325756,0.0,ok
46952,Num_RingTertiaryC,0.5202502569062443,0.5202502569062443,0.0,ok
46952,Num_Substituted_BenzeneC,0.6924257994317838,0.6924257994317838,0.0,ok
46952,Num_Terminal_PrimaryC,0.5298575429688287,0.5298575429688287,0.0,ok
46952,Num_ssssC_Atoms,0.5795724274113925,0.5795724274113925,0.0,ok
46952,Percentage_C_Atoms,0.6262648854500392,0.6262648854500392,0.0,ok
46952,Presence_CBr_At_Dist1,0.5144754075238268,0.5144754075238268,0.0,ok
46952,Presence_CBr_At_Dist4,0.5118519414052268,0.5118519414052268,0.0,ok
46952,Presence_CCl_At_Dist3,0.5874730500312317,0.5874730500312317,0.0,ok
46952,Sum_dO_EStates,0.5717080739084003,0.5717080739084003,0.0,ok
46952,Sum_dssC_EStates,0.6240162002055251,0.6240162002055251,0.0,ok
46952,Weighted_LeadingEigenvalue_Burden_Matrix,0.7980656471014931,0.7980656471014931,0.0,ok
46952,Weighted_Normalized_SpectralPositiveSum_Burden_Matrix,0.7604082290596224,0.7604082290596224,0.0,ok
46952,Weighted_SpectralMoment6_Burden_Matrix,0.7738983255757722,0.7738983255757722,0.0,ok
46956,energy,0.7115965690335787,0.7115965690335787,0.0,ok
46956,gdenergy,0.5221002485501243,0.5221002485501243,0.0,ok
46956,gdpuls,0.5411874360348945,0.5411874360348945,0.0,ok
46956,genergy,0.7200874798966811,0.7200874798966811,0.0,ok
46956,gpuls,0.6992153613723865,0.6992153613723865,0.0,ok
46956,maxenergy,0.7052353915882841,0.7052353915882841,0.0,ok
46956,nbumps,0.7367427749890345,0.7367427749890345,0.0,ok
46956,nbumps2,0.6892891953798919,0.6892891953798919,0.0,ok
46956,nbumps3,0.6734331595106973,0.6734331595106973,0.0,ok
46956,nbumps4,0.526258589599883,0.526258589599883,0.0,ok
46956,nbumps5,0.49862444563575226,0.49862444563575226,0.0,ok
46956,seismic,0.5870400604317949,0.5870400604317949,0.0,ok
46956,seismoacoustic,0.4968468248940007,0.4968468248940007,0.0,ok
46956,shift,0.6352368536478386,0.6352368536478386,0.0,ok
46969,android.permission.ACCESS_COARSE_LOCATION,0.6389220020847219,0.6389220020847219,0.0,ok
46969,android.permission.ACCESS_FINE_LOCATION,0.6130510606523777,0.6130510606523777,0.0,ok
46969,android.permission.ACCESS_LOCATION_EXTRA_COMMANDS,0.5308998318691838,0.5308998318691838,0.0,ok
46969,android.permission.ACCESS_MOCK_LOCATION,0.5010950975835267,0.5010950975835267,0.0,ok
46969,android.permission.ACCESS_NETWORK_STATE,0.5179382864688519,0.5179382864688519,0.0,ok
46969,android.permission.ACCESS_WIFI_STATE,0.6075490673876329,0.6075490673876329,0.0,ok
46969,android.permission.AUTHENTICATE_ACCOUNTS,0.5130642389386961,0.5130642389386961,0.0,ok
46969,android.permission.BLUETOOTH,0.5337837075977088,0.5337837075977088,0.0,ok
46969,android.permission.BLUETOOTH_ADMIN,0.5239105245255504,0.5239105245255504,0.0,ok
46969,android.permission.BROADCAST_STICKY,0.5033201764496584,0.5033201764496584,0.0,ok
46969,android.permission.CALL_PHONE,0.5105977539126122,0.5105977539126122,0.0,ok
46969,android.permission.CAMERA,0.5922052902950181,0.5922052902950181,0.0,ok
46969,android.permission.CHANGE_CONFIGURATION,0.5025224712097902,0.5025224712097902,0.0,ok
46969,android.permission.CHANGE_NETWORK_STATE,0.509066825422081,0.509066825422081,0.0,ok
46969,android.permission.CHANGE_WIFI_STATE,0.5445963623231619,0.5445963623231619,0.0,ok
46969,android.permission.CLEAR_APP_CACHE,0.5006804866146823,0.5006804866146823,0.0,ok
46969,android.permission.DOWNLOAD_WITHOUT_NOTIFICATION,0.5124870331300395,0.5124870331300395,0.0,ok
46969,android.permission.FLASHLIGHT,0.49852482278611066,0.49852482278611066,0.0,ok
46969,android.permission.FOREGROUND_SERVICE,0.5072807095571469,0.5072807095571469,0.0,ok
46969,android.permission.GET_ACCOUNTS,0.49688536723178,0.49688536723178,0.0,ok
46969,android.permission.GET_TASKS,0.6322289125494245,0.6322289125494245,0.0,ok
46969,android.permission.INTERNET,0.5044096754148145,0.5044096754148145,0.0,ok
46969,android.permission.KILL_BACKGROUND_PROCESSES,0.5051086413852376,0.5051086413852376,0.0,ok
46969,android.permission.MANAGE_ACCOUNTS,0.513765632282119,0.513765632282119,0.0,ok
46969,android.permission.MODIFY_AUDIO_SETTINGS,0.5094181680882198,0.5094181680882198,0.0,ok
46969,android.permission.MOUNT_UNMOUNT_FILESYSTEMS,0.5822823852275404,0.5822823852275404,0.0,ok
46969,android.permission.NFC,0.5110618128185339,0.5110618128185339,0.0,ok
46969,android.permission.PROCESS_INCOMING_CALLS,0.4997098114729863,0.4997098114729863,0.0,ok
46969,android.permission.READ_APP_BADGE,0.5248309295554431,0.5248309295554431,0.0,ok
46969,android.permission.READ_CALENDAR,0.5097875985983252,0.5097875985983252,0.0,ok
46969,android.permission.READ_CONTACTS,0.49699921885570814,0.49699921885570814,0.0,ok
46969,android.permission.READ_EXTERNAL_STORAGE,0.6383577944669676,0.6383577944669676,0.0,ok
46969,android.permission.READ_LOGS,0.5311920954086005,0.5311920954086005,0.0,ok
46969,android.permission.READ_PHONE_STATE,0.7934066363438187,0.7934066363438187,0.0,ok
46969,android.permission.READ_PROFILE,0.5058314895738848,0.5058314895738848,0.0,ok
46969,android.permission.READ_SMS,0.5200333834259598,0.5200333834259598,0.0,ok
46969,android.permission.READ_SYNC_SETTINGS,0.5079322243005407,0.5079322243005407,0.0,ok
46969,android.permission.RECEIVE_BOOT_COMPLETED,0.644225577182318,0.644225577182318,0.0,ok
46969,android.permission.RECEIVE_SMS,0.5172011089492701,0.5172011089492701,0.0,ok
46969,android.permission.RECEIVE_USER_PRESENT,0.5069795978516339,0.5069795978516339,0.0,ok
46969,android.permission.RECORD_AUDIO,0.5234077451051632,0.5234077451051632,0.0,ok
46969,android.permission.REQUEST_INSTALL_PACKAGES,0.5198498427062296,0.5198498427062296,0.0,ok
46969,android.permission.RESTART_PACKAGES,0.5604185668038106,0.5604185668038106,0.0,ok
46969,android.permission.SEND_SMS,0.5305340815697555,0.5305340815697555,0.0,ok
46969,android.permission.SET_WALLPAPER,0.5201487227946299,0.5201487227946299,0.0,ok
46969,android.permission.SET_WALLPAPER_HINTS,0.49861522285476606,0.49861522285476606,0.0,ok
46969,android.permission.SYSTEM_ALERT_WINDOW,0.639410882837126,0.639410882837126,0.0,ok
46969,android.permission.USE_CREDENTIALS,0.5416525461420116,0.5416525461420116,0.0,ok
46969,android.permission.USE_FINGERPRINT,0.5193550501260354,0.5193550501260354,0.0,ok
46969,android.permission.VIBRATE,0.49328424193297826,0.49328424193297826,0.0,ok
46969,android.permission.WAKE_LOCK,0.5847428018211248,0.5847428018211248,0.0,ok
46969,android.permission.WRITE_CALENDAR,0.5115843635835167,0.5115843635835167,0.0,ok
46969,android.permission.WRITE_CONTACTS,0.4962870589384957,0.4962870589384957,0.0,ok
46969,android.permission.WRITE_EXTERNAL_STORAGE,0.5150544107403268,0.5150544107403268,0.0,ok
46969,android.permission.WRITE_SETTINGS,0.5206418710253725,0.5206418710253725,0.0,ok
46969,android.permission.WRITE_SYNC_SETTINGS,0.5103451113647411,0.5103451113647411,0.0,ok
46969,android.permission.android.permission.READ_PHONE_STATE,0.5034173496720071,0.5034173496720071,0.0,ok
46969,com.amazon.device.messaging.permission.RECEIVE,0.5076379640510756,0.5076379640510756,0.0,ok
46969,com.anddoes.launcher.permission.UPDATE_COUNT,0.5526066932226493,0.5526066932226493,0.0,ok
46969,com.android.alarm.permission.SET_ALARM,0.509407010002656,0.509407010002656,0.0,ok
46969,com.android.launcher.permission.INSTALL_SHORTCUT,0.7177905612462226,0.7177905612462226,0.0,ok
46969,com.android.launcher.permission.READ_SETTINGS,0.5161161515206943,0.5161161515206943,0.0,ok
46969,com.android.launcher.permission.UNINSTALL_SHORTCUT,0.5343670601412198,0.5343670601412198,0.0,ok
46969,com.android.vending.BILLING,0.6229132813948595,0.6229132813948595,0.0,ok
46969,com.android.vending.CHECK_LICENSE,0.5084457702947175,0.5084457702947175,0.0,ok
46969,com.google.android.c2dm.permission.RECEIVE,0.7748032105218319,0.7748032105218319,0.0,ok
46969,com.google.android.gms.permission.ACTIVITY_RECOGNITION,0.50952168380131,0.50952168380131,0.0,ok
46969,com.google.android.providers.gsf.permission.READ_GSERVICES,0.5577093053265647,0.5577093053265647,0.0,ok
46969,com.htc.launcher.permission.READ_SETTINGS,0.5456041527810491,0.5456041527810491,0.0,ok
46969,com.htc.launcher.permission.UPDATE_SHORTCUT,0.554014452109027,0.554014452109027,0.0,ok
46969,com.huawei.android.launcher.permission.CHANGE_BADGE,0.5320118427613545,0.5320118427613545,0.0,ok
46969,com.huawei.android.launcher.permission.READ_SETTINGS,0.5323773581537182,0.5323773581537182,0.0,ok
46969,com.huawei.android.launcher.permission.WRITE_SETTINGS,0.5313090008243673,0.5313090008243673,0.0,ok
46969,com.majeur.launcher.permission.UPDATE_BADGE,0.5517157690293515,0.5517157690293515,0.0,ok
46969,com.oppo.launcher.permission.READ_SETTINGS,0.5260841587445564,0.5260841587445564,0.0,ok
46969,com.oppo.launcher.permission.WRITE_SETTINGS,0.5252978856484939,0.5252978856484939,0.0,ok
46969,com.sec.android.iap.permission.BILLING,0.5046739850135558,0.5046739850135558,0.0,ok
46969,com.sec.android.provider.badge.permission.READ,0.5555837879046039,0.5555837879046039,0.0,ok
46969,com.sec.android.provider.badge.permission.WRITE,0.5559123837366636,0.5559123837366636,0.0,ok
46969,com.sonyericsson.home.permission.BROADCAST_BADGE,0.5559323899883235,0.5559323899883235,0.0,ok
46969,com.sonymobile.home.permission.PROVIDER_INSERT_BADGE,0.5320118036101771,0.5320118036101771,0.0,ok
46969,google.finsky.permission.BIND_GET_INSTALL_REFERRER_SERVICE,0.5395951517687562,0.5395951517687562,0.0,ok
46969,me.everything.badger.permission.BADGE_COUNT_READ,0.5187679782206698,0.5187679782206698,0.0,ok
46969,me.everything.badger.permission.BADGE_COUNT_WRITE,0.5187679782206698,0.5187679782206698,0.0,ok
46969,samsung.providers.context.WRITE_USE_APP_FEATURE_SURVEY,0.5091358489478669,0.5091358489478669,0.0,ok
47044,Equipment,0.5663797174094657,0.5663797174094657,0.0,ok
47044,Maintenance_Hours,0.5864661654135338,0.5864661654135338,0.0,ok
47044,Operator_Experience,0.5926773455377574,0.5926773455377574,0.0,ok
47044,Production_Tons,0.4805310377392757,0.4805310377392757,0.0,ok
47044,Shift,0.5920416984490211,0.5920416984490211,0.0,ok
47044,Weather,0.44644219243761574,0.44644219243761574,0.0,ok
47050,Equipment,0.5663797174094657,0.5663797174094657,0.0,ok
47050,Maintenance_Hours,0.5864661654135338,0.5864661654135338,0.0,ok
47050,Operator_Experience,0.5926773455377574,0.5926773455377574,0.0,ok
47050,Production_Tons,0.4805310377392757,0.4805310377392757,0.0,ok
47050,Shift,0.5920416984490211,0.5920416984490211,0.0,ok
47050,Weather,0.44644219243761574,0.44644219243761574,0.0,ok
47052,Equipment,0.5663797174094657,0.5663797174094657,0.0,ok
47052,Maintenance_Hours,0.5864661654135338,0.5864661654135338,0.0,ok
47052,Operator_Experience,0.5926773455377574,0.5926773455377574,0.0,ok
47052,Production_Tons,0.4805310377392757,0.4805310377392757,0.0,ok
47052,Shift,0.5920416984490211,0.5920416984490211,0.0,ok
47052,Weather,0.44644219243761574,0.44644219243761574,0.0,ok
47150,GCC,0.7596324797914736,0.7596324797914736,0.0,ok
47150,IB,0.6077022170994644,0.6077022170994644,0.0,ok
47150,NDVI,0.7342060855349891,0.7342060855349891,0.0,ok
47150,VARI,0.7275483836945631,0.7275483836945631,0.0,ok
47150,b,0.5481077813185075,0.5481077813185075,0.0,ok
47150,dnbr,0.9183984224919204,0.9183984224919204,0.0,ok
47150,dnbrwoff,0.9133218071281668,0.9133218071281668,0.0,ok
47150,g,0.6320032996587339,0.6320032996587339,0.0,ok
47150,maximum_3m_b,0.5166197708319209,0.5166197708319209,0.0,ok
47150,maximum_3m_g,0.6132007066392449,0.6132007066392449,0.0,ok
47150,maximum_3m_n,0.6711641467218117,0.6711641467218117,0.0,ok
47150,maximum_3m_r,0.5452205799263227,0.5452205799263227,0.0,ok
47150,maximum_5m_b,0.5158777242901591,0.5158777242901591,0.0,ok
47150,maximum_5m_g,0.6124709019820553,0.6124709019820553,0.0,ok
47150,maximum_5m_n,0.6739600048214192,0.6739600048214192,0.0,ok
47150,maximum_5m_r,0.5461895721743848,0.5461895721743848,0.0,ok
47150,mean_3m_b,0.5355570245817043,0.5355570245817043,0.0,ok
47150,mean_3m_g,0.6405387182558516,0.6405387182558516,0.0,ok
47150,mean_3m_n,0.7002838233853896,0.7002838233853896,0.0,ok
47150,mean_3m_r,0.5205268153773137,0.5205268153773137,0.0,ok
47150,mean_5m_b,0.5368763230652173,0.5368763230652173,0.0,ok
47150,mean_5m_g,0.6496513887947205,0.6496513887947205,0.0,ok
47150,mean_5m_n,0.7160956298355444,0.7160956298355444,0.0,ok
47150,mean_5m_r,0.5145471256055025,0.5145471256055025,0.0,ok
47150,median_3m_b,0.541097889875773,0.541097889875773,0.0,ok
47150,median_3m_g,0.6393700891209196,0.6393700891209196,0.0,ok
47150,median_3m_n,0.6993383732230434,0.6993383732230434,0.0,ok
47150,median_3m_r,0.5167487814616434,0.5167487814616434,0.0,ok
47150,median_5m_b,0.5416365327969505,0.5416365327969505,0.0,ok
47150,median_5m_g,0.6519453296268674,0.6519453296268674,0.0,ok
47150,median_5m_n,0.7132423290467903,0.7132423290467903,0.0,ok
47150,median_5m_r,0.4697211110357764,0.4697211110357764,0.0,ok
47150,minimum_3m_b,0.513932206326606,0.513932206326606,0.0,ok
47150,minimum_3m_g,0.6053065744570253,0.6053065744570253,0.0,ok
47150,minimum_3m_n,0.7119993069209966,0.7119993069209966,0.0,ok
47150,minimum_3m_r,0.5360090326274474,0.5360090326274474,0.0,ok
47150,minimum_5m_b,0.5073940982816161,0.5073940982816161,0.0,ok
47150,minimum_5m_g,0.5947286445032056,0.5947286445032056,0.0,ok
47150,minimum_5m_n,0.7216939378187598,0.7216939378187598,0.0,ok
47150,minimum_5m_r,0.5526824794148002,0.5526824794148002,0.0,ok
47150,nir,0.6760571338169821,0.6760571338169821,0.0,ok
47150,r,0.5227002207305957,0.5227002207305957,0.0,ok
47150,rbr,0.9130383604161486,0.9130383604161486,0.0,ok
47150,rbrwoff,0.9086218651358661,0.9086218651358661,0.0,ok
47150,rdnbr,0.8970175002448377,0.8970175002448377,0.0,ok
47150,rdnbrwoff,0.8973791066814323,0.8973791066814323,0.0,ok
47151,SAMPLE_1,0.7403056627008249,0.7403056627008249,0.0,ok
47151,SAMPLE_10,0.5080414194335614,0.5080414194335614,0.0,ok
47151,SAMPLE_11,0.9408776742466717,0.9408776742466717,0.0,ok
47151,SAMPLE_12,0.8279553929868756,0.8279553929868756,0.0,ok
47151,SAMPLE_13,0.9041258481579565,0.9041258481579565,0.0,ok
47151,SAMPLE_14,0.8333665255832191,0.8333665255832191,0.0,ok
47151,SAMPLE_15,0.9124240042605928,0.9124240042605928,0.0,ok
47151,SAMPLE_16,0.6461448208292649,0.6461448208292649,0.0,ok
47151,SAMPLE_17,0.7520203265780316,0.7520203265780316,0.0,ok
47151,SAMPLE_18,0.552460936139422,0.552460936139422,0.0,ok
47151,SAMPLE_19,0.5224505543152547,0.5224505543152547,0.0,ok
47151,SAMPLE_2,0.7267991791168034,0.7267991791168034,0.0,ok
47151,SAMPLE_20,0.5260584910175874,0.5260584910175874,0.0,ok
47151,SAMPLE_21,0.8659578974334198,0.8659578974334198,0.0,ok
47151,SAMPLE_3,0.7059823014616575,0.7059823014616575,0.0,ok
47151,SAMPLE_4,0.5129792464638315,0.5129792464638315,0.0,ok
47151,SAMPLE_5,0.6810548281662036,0.6810548281662036,0.0,ok
47151,SAMPLE_6,0.736468938233764,0.736468938233764,0.0,ok
47151,SAMPLE_7,0.7258518657508789,0.7258518657508789,0.0,ok
47151,SAMPLE_8,0.7137702145015207,0.7137702145015207,0.0,ok
47151,SAMPLE_9,0.5163005313381654,0.5163005313381654,0.0,ok
47152,SAMPLE_1,0.7403056627008249,0.7403056627008249,0.0,ok
47152,SAMPLE_10,0.5080414194335614,0.5080414194335614,0.0,ok
47152,SAMPLE_11,0.9408776742466717,0.9408776742466717,0.0,ok
47152,SAMPLE_12,0.8279553929868756,0.8279553929868756,0.0,ok
47152,SAMPLE_13,0.9041258481579565,0.9041258481579565,0.0,ok
47152,SAMPLE_14,0.8333665255832191,0.8333665255832191,0.0,ok
47152,SAMPLE_15,0.9124240042605928,0.9124240042605928,0.0,ok
47152,SAMPLE_16,0.6461448208292649,0.6461448208292649,0.0,ok
47152,SAMPLE_17,0.7520203265780316,0.7520203265780316,0.0,ok
47152,SAMPLE_18,0.552460936139422,0.552460936139422,0.0,ok
47152,SAMPLE_19,0.5224505543152547,0.5224505543152547,0.0,ok
47152,SAMPLE_2,0.7267991791168034,0.7267991791168034,0.0,ok
47152,SAMPLE_20,0.5260584910175874,0.5260584910175874,0.0,ok
47152,SAMPLE_21,0.8659578974334198,0.8659578974334198,0.0,ok
47152,SAMPLE_3,0.7059823014616575,0.7059823014616575,0.0,ok
47152,SAMPLE_4,0.5129792464638315,0.5129792464638315,0.0,ok
47152,SAMPLE_5,0.6810548281662036,0.6810548281662036,0.0,ok
47152,SAMPLE_6,0.736468938233764,0.736468938233764,0.0,ok
47152,SAMPLE_7,0.7258518657508789,0.7258518657508789,0.0,ok
47152,SAMPLE_8,0.7137702145015207,0.7137702145015207,0.0,ok
47152,SAMPLE_9,0.5163005313381654,0.5163005313381654,0.0,ok
47153,x1,0.6013870610867947,0.6013870610867947,0.0,ok
47153,x10,0.6388081930201218,0.6388081930201218,0.0,ok
47153,x11,0.6264457002313121,0.6264457002313121,0.0,ok
47153,x12,0.5801968447233871,0.5801968447233871,0.0,ok
47153,x13,0.5839339031591542,0.5839339031591542,0.0,ok
47153,x14,0.5423819165108364,0.5423819165108364,0.0,ok
47153,x15,0.5670626853246242,0.5670626853246242,0.0,ok
47153,x16,0.7288941614879307,0.7288941614879307,0.0,ok
47153,x17,0.6477563998572402,0.6477563998572402,0.0,ok
47153,x18,0.6278063301787425,0.6278063301787425,0.0,ok
47153,x19,0.7094716264884331,0.7094716264884331,0.0,ok
47153,x2,0.6199112143209293,0.6199112143209293,0.0,ok
47153,x20,0.5891346650723571,0.5891346650723571,0.0,ok
47153,x21,0.7815048893651066,0.7815048893651066,0.0,ok
47153,x22,0.5207786146759297,0.5207786146759297,0.0,ok
47153,x23,0.6522430659805122,0.6522430659805122,0.0,ok
47153,x24,0.6700026747679956,0.6700026747679956,0.0,ok
47153,x25,0.6732483039359448,0.6732483039359448,0.0,ok
47153,x26,0.6303753538330297,0.6303753538330297,0.0,ok
47153,x27,0.6294830061226864,0.6294830061226864,0.0,ok
47153,x28,0.567752743813412,0.567752743813412,0.0,ok
47153,x29,0.5577739005951754,0.5577739005951754,0.0,ok
47153,x3,0.6740641873097294,0.6740641873097294,0.0,ok
47153,x30,0.5720939001836728,0.5720939001836728,0.0,ok
47153,x31,0.5472964070268845,0.5472964070268845,0.0,ok
47153,x32,0.5331331939499596,0.5331331939499596,0.0,ok
47153,x33,0.5468180350584533,0.5468180350584533,0.0,ok
47153,x34,0.5322195786686461,0.5322195786686461,0.0,ok
47153,x35,0.5649716379630297,0.5649716379630297,0.0,ok
47153,x36,0.5565726290516206,0.5565726290516206,0.0,ok
47153,x37,0.6007801934221283,0.6007801934221283,0.0,ok
47153,x38,0.4989597684822117,0.4989597684822117,0.0,ok
47153,x39,0.5394693473961767,0.5394693473961767,0.0,ok
47153,x4,0.5073950806426724,0.5073950806426724,0.0,ok
47153,x40,0.5107620833435549,0.5107620833435549,0.0,ok
47153,x41,0.5236791156805505,0.5236791156805505,0.0,ok
47153,x42,0.5505452016007458,0.5505452016007458,0.0,ok
47153,x43,0.5288933305688789,0.5288933305688789,0.0,ok
47153,x44,0.5363308474345572,0.5363308474345572,0.0,ok
47153,x45,0.5350965369667973,0.5350965369667973,0.0,ok
47153,x46,0.563043707924831,0.563043707924831,0.0,ok
47153,x47,0.5028629118094172,0.5028629118094172,0.0,ok
47153,x48,0.5271075470399103,0.5271075470399103,0.0,ok
47153,x49,0.5210376833660293,0.5210376833660293,0.0,ok
47153,x5,0.7102361709350846,0.7102361709350846,0.0,ok
47153,x50,0.5188030057111837,0.5188030057111837,0.0,ok
47153,x51,0.5334014621009906,0.5334014621009906,0.0,ok
47153,x52,0.8265392181922209,0.8265392181922209,0.0,ok
47153,x53,0.7697406582936404,0.7697406582936404,0.0,ok
47153,x54,0.5994676380769842,0.5994676380769842,0.0,ok
47153,x55,0.7881312709658683,0.7881312709658683,0.0,ok
47153,x56,0.8040936216279524,0.8040936216279524,0.0,ok
47153,x57,0.7623213425119554,0.7623213425119554,0.0,ok
47153,x6,0.6290761525440762,0.6290761525440762,0.0,ok
47153,x7,0.6916711641808998,0.6916711641808998,0.0,ok
47153,x8,0.631901870834029,0.631901870834029,0.0,ok
47153,x9,0.6153467979149472,0.6153467979149472,0.0,ok
